hash,split,class,path
b038ce30cf71cd66,test,fractured,E:\projects\project-fracture-classification\dataset\Bone_Fracture_Dataset\test\fractured\0.png
b038ce30cf71cd66,test,fractured,E:\projects\project-fracture-classification\dataset\Bone_Fracture_Dataset\test\fractured\5.png
b038ce30cf71cd66,train,fractured,E:\projects\project-fracture-classification\dataset\Bone_Fracture_Dataset\train\fractured\0.png
b038ce30cf71cd66,train,fractured,E:\projects\project-fracture-classification\dataset\Bone_Fracture_Dataset\train\fractured\5.png
b038ce30cf71cd66,val,fractured,E:\projects\project-fracture-classification\dataset\Bone_Fracture_Dataset\val\fractured\0.png
b038ce30cf71cd66,val,fractured,E:\projects\project-fracture-classification\dataset\Bone_Fracture_Dataset\val\fractured\5.png
daf6097975056d28,test,fractured,E:\projects\project-fracture-classification\dataset\Bone_Fracture_Dataset\test\fractured\00004541.png
daf6097975056d28,test,fractured,E:\projects\project-fracture-classification\dataset\Bone_Fracture_Dataset\test\fractured\000151.png
daf6097975056d28,test,fractured,E:\projects\project-fracture-classification\dataset\Bone_Fracture_Dataset\test\fractured\0001517989.png
daf6097975056d28,test,fractured,E:\projects\project-fracture-classification\dataset\Bone_Fracture_Dataset\test\fractured\00655154.png
daf6097975056d28,train,fractured,E:\projects\project-fracture-classification\dataset\Bone_Fracture_Dataset\train\fractured\00004541.png
daf6097975056d28,train,fractured,E:\projects\project-fracture-classification\dataset\Bone_Fracture_Dataset\train\fractured\000151.png
daf6097975056d28,train,fractured,E:\projects\project-fracture-classification\dataset\Bone_Fracture_Dataset\train\fractured\0001517989.png
daf6097975056d28,train,fractured,E:\projects\project-fracture-classification\dataset\Bone_Fracture_Dataset\train\fractured\00655154.png
daf6097975056d28,val,fractured,E:\projects\project-fracture-classification\dataset\Bone_Fracture_Dataset\val\fractured\00004541.png
daf6097975056d28,val,fractured,E:\projects\project-fracture-classification\dataset\Bone_Fracture_Dataset\val\fractured\000151.png
daf6097975056d28,val,fractured,E:\projects\project-fracture-classification\dataset\Bone_Fracture_Dataset\val\fractured\0001517989.png
daf6097975056d28,val,fractured,E:\projects\project-fracture-classification\dataset\Bone_Fracture_Dataset\val\fractured\00655154.png
c1c97e1d0f313876,test,fractured,E:\projects\project-fracture-classification\dataset\Bone_Fracture_Dataset\test\fractured\000151594.png
c1c97e1d0f313876,test,fractured,E:\projects\project-fracture-classification\dataset\Bone_Fracture_Dataset\test\fractured\000151898.png
c1c97e1d0f313876,test,fractured,E:\projects\project-fracture-classification\dataset\Bone_Fracture_Dataset\test\fractured\000151899789.png
c1c97e1d0f313876,test,fractured,E:\projects\project-fracture-classification\dataset\Bone_Fracture_Dataset\test\fractured\0005156.png
c1c97e1d0f313876,train,fractured,E:\projects\project-fracture-classification\dataset\Bone_Fracture_Dataset\train\fractured\000151594.png
c1c97e1d0f313876,train,fractured,E:\projects\project-fracture-classification\dataset\Bone_Fracture_Dataset\train\fractured\000151898.png
c1c97e1d0f313876,train,fractured,E:\projects\project-fracture-classification\dataset\Bone_Fracture_Dataset\train\fractured\000151899789.png
c1c97e1d0f313876,train,fractured,E:\projects\project-fracture-classification\dataset\Bone_Fracture_Dataset\train\fractured\0005156.png
c1c97e1d0f313876,val,fractured,E:\projects\project-fracture-classification\dataset\Bone_Fracture_Dataset\val\fractured\000151594.png
c1c97e1d0f313876,val,fractured,E:\projects\project-fracture-classification\dataset\Bone_Fracture_Dataset\val\fractured\000151898.png
c1c97e1d0f313876,val,fractured,E:\projects\project-fracture-classification\dataset\Bone_Fracture_Dataset\val\fractured\000151899789.png
c1c97e1d0f313876,val,fractured,E:\projects\project-fracture-classification\dataset\Bone_Fracture_Dataset\val\fractured\0005156.png
953be51eaa16d413,test,fractured,E:\projects\project-fracture-classification\dataset\Bone_Fracture_Dataset\test\fractured\0010.png
953be51eaa16d413,test,fractured,E:\projects\project-fracture-classification\dataset\Bone_Fracture_Dataset\test\fractured\0012.png
953be51eaa16d413,test,fractured,E:\projects\project-fracture-classification\dataset\Bone_Fracture_Dataset\test\fractured\002555.png
953be51eaa16d413,test,fractured,E:\projects\project-fracture-classification\dataset\Bone_Fracture_Dataset\test\fractured\0085.png
953be51eaa16d413,test,fractured,E:\projects\project-fracture-classification\dataset\Bone_Fracture_Dataset\test\fractured\10.png
953be51eaa16d413,train,fractured,E:\projects\project-fracture-classification\dataset\Bone_Fracture_Dataset\train\fractured\0010.png
953be51eaa16d413,train,fractured,E:\projects\project-fracture-classification\dataset\Bone_Fracture_Dataset\train\fractured\0012.png
953be51eaa16d413,train,fractured,E:\projects\project-fracture-classification\dataset\Bone_Fracture_Dataset\train\fractured\002555.png
953be51eaa16d413,train,fractured,E:\projects\project-fracture-classification\dataset\Bone_Fracture_Dataset\train\fractured\0085.png
953be51eaa16d413,val,fractured,E:\projects\project-fracture-classification\dataset\Bone_Fracture_Dataset\val\fractured\0010.png
953be51eaa16d413,val,fractured,E:\projects\project-fracture-classification\dataset\Bone_Fracture_Dataset\val\fractured\0012.png
953be51eaa16d413,val,fractured,E:\projects\project-fracture-classification\dataset\Bone_Fracture_Dataset\val\fractured\002555.png
953be51eaa16d413,val,fractured,E:\projects\project-fracture-classification\dataset\Bone_Fracture_Dataset\val\fractured\0085.png
9f30974da55aa694,test,fractured,E:\projects\project-fracture-classification\dataset\Bone_Fracture_Dataset\test\fractured\0013.png
9f30974da55aa694,test,fractured,E:\projects\project-fracture-classification\dataset\Bone_Fracture_Dataset\test\fractured\00156.png
9f30974da55aa694,test,fractured,E:\projects\project-fracture-classification\dataset\Bone_Fracture_Dataset\test\fractured\007.png
9f30974da55aa694,test,fractured,E:\projects\project-fracture-classification\dataset\Bone_Fracture_Dataset\test\fractured\0089.png
9f30974da55aa694,test,fractured,E:\projects\project-fracture-classification\dataset\Bone_Fracture_Dataset\test\fractured\11.png
9f30974da55aa694,test,fractured,E:\projects\project-fracture-classification\dataset\Bone_Fracture_Dataset\test\fractured\7.png
9f30974da55aa694,train,fractured,E:\projects\project-fracture-classification\dataset\Bone_Fracture_Dataset\train\fractured\0013.png
9f30974da55aa694,train,fractured,E:\projects\project-fracture-classification\dataset\Bone_Fracture_Dataset\train\fractured\00156.png
9f30974da55aa694,train,fractured,E:\projects\project-fracture-classification\dataset\Bone_Fracture_Dataset\train\fractured\007.png
9f30974da55aa694,train,fractured,E:\projects\project-fracture-classification\dataset\Bone_Fracture_Dataset\train\fractured\0089.png
9f30974da55aa694,val,fractured,E:\projects\project-fracture-classification\dataset\Bone_Fracture_Dataset\val\fractured\0013.png
9f30974da55aa694,val,fractured,E:\projects\project-fracture-classification\dataset\Bone_Fracture_Dataset\val\fractured\00156.png
9f30974da55aa694,val,fractured,E:\projects\project-fracture-classification\dataset\Bone_Fracture_Dataset\val\fractured\007.png
9f30974da55aa694,val,fractured,E:\projects\project-fracture-classification\dataset\Bone_Fracture_Dataset\val\fractured\0089.png
c7279c42b759a552,test,fractured,E:\projects\project-fracture-classification\dataset\Bone_Fracture_Dataset\test\fractured\0014.png
c7279c42b759a552,test,fractured,E:\projects\project-fracture-classification\dataset\Bone_Fracture_Dataset\test\fractured\0015.png
c7279c42b759a552,test,fractured,E:\projects\project-fracture-classification\dataset\Bone_Fracture_Dataset\test\fractured\00233.png
c7279c42b759a552,test,fractured,E:\projects\project-fracture-classification\dataset\Bone_Fracture_Dataset\test\fractured\0045.png
c7279c42b759a552,test,fractured,E:\projects\project-fracture-classification\dataset\Bone_Fracture_Dataset\test\fractured\6.png
c7279c42b759a552,test,fractured,E:\projects\project-fracture-classification\dataset\Bone_Fracture_Dataset\test\fractured\8.png
c7279c42b759a552,test,fractured,E:\projects\project-fracture-classification\dataset\Bone_Fracture_Dataset\test\fractured\9.png
c7279c42b759a552,train,fractured,E:\projects\project-fracture-classification\dataset\Bone_Fracture_Dataset\train\fractured\0014.png
c7279c42b759a552,train,fractured,E:\projects\project-fracture-classification\dataset\Bone_Fracture_Dataset\train\fractured\0015.png
c7279c42b759a552,train,fractured,E:\projects\project-fracture-classification\dataset\Bone_Fracture_Dataset\train\fractured\00233.png
c7279c42b759a552,train,fractured,E:\projects\project-fracture-classification\dataset\Bone_Fracture_Dataset\train\fractured\0045.png
c7279c42b759a552,val,fractured,E:\projects\project-fracture-classification\dataset\Bone_Fracture_Dataset\val\fractured\0014.png
c7279c42b759a552,val,fractured,E:\projects\project-fracture-classification\dataset\Bone_Fracture_Dataset\val\fractured\0015.png
c7279c42b759a552,val,fractured,E:\projects\project-fracture-classification\dataset\Bone_Fracture_Dataset\val\fractured\00233.png
c7279c42b759a552,val,fractured,E:\projects\project-fracture-classification\dataset\Bone_Fracture_Dataset\val\fractured\0045.png
98b645296b4b5baa,test,fractured,E:\projects\project-fracture-classification\dataset\Bone_Fracture_Dataset\test\fractured\1-rotated1-rotated2-rotated1.jpg
98b645296b4b5baa,train,fractured,E:\projects\project-fracture-classification\dataset\Bone_Fracture_Dataset\train\fractured\1-rotated1-rotated2-rotated1 - Copy (1).jpg
98b645296b4b5baa,train,fractured,E:\projects\project-fracture-classification\dataset\Bone_Fracture_Dataset\train\fractured\1-rotated1-rotated2-rotated1 - Copy.jpg
98b645296b4b5baa,train,fractured,E:\projects\project-fracture-classification\dataset\Bone_Fracture_Dataset\train\fractured\1-rotated1-rotated2-rotated3 (1).jpg
98b645296b4b5baa,train,fractured,E:\projects\project-fracture-classification\dataset\Bone_Fracture_Dataset\train\fractured\1-rotated1-rotated2-rotated3 - Copy (1).jpg
98b645296b4b5baa,train,fractured,E:\projects\project-fracture-classification\dataset\Bone_Fracture_Dataset\train\fractured\1-rotated1-rotated2-rotated3 - Copy.jpg
98b645296b4b5baa,train,fractured,E:\projects\project-fracture-classification\dataset\Bone_Fracture_Dataset\train\fractured\1-rotated1-rotated2-rotated3.jpg
9d30446b5ad33ee1,test,fractured,E:\projects\project-fracture-classification\dataset\Bone_Fracture_Dataset\test\fractured\1-rotated1-rotated3-rotated3 - Copy.jpg
9d30446b5ad33ee1,train,fractured,E:\projects\project-fracture-classification\dataset\Bone_Fracture_Dataset\train\fractured\1-rotated1-rotated3-rotated3 (1).jpg
9d30446b5ad33ee1,train,fractured,E:\projects\project-fracture-classification\dataset\Bone_Fracture_Dataset\train\fractured\1-rotated1-rotated3-rotated3.jpg
9cb0456b4a5b5acb,test,fractured,E:\projects\project-fracture-classification\dataset\Bone_Fracture_Dataset\test\fractured\1-rotated2-rotated1-rotated3.jpg
9cb0456b4a5b5acb,train,fractured,E:\projects\project-fracture-classification\dataset\Bone_Fracture_Dataset\train\fractured\1-rotated2-rotated1-rotated3 - Copy (1).jpg
9cb0456b4a5b5acb,train,fractured,E:\projects\project-fracture-classification\dataset\Bone_Fracture_Dataset\train\fractured\1-rotated2-rotated1-rotated3 - Copy.jpg
94cc46365ab36b36,test,fractured,E:\projects\project-fracture-classification\dataset\Bone_Fracture_Dataset\test\fractured\1-rotated2-rotated3-rotated1 - Copy.jpg
94cc46365ab36b36,train,fractured,E:\projects\project-fracture-classification\dataset\Bone_Fracture_Dataset\train\fractured\1-rotated2-rotated3-rotated1 (1).jpg
94cc46365ab36b36,train,fractured,E:\projects\project-fracture-classification\dataset\Bone_Fracture_Dataset\train\fractured\1-rotated2-rotated3-rotated1.jpg
8539474b5ae42bea,test,fractured,E:\projects\project-fracture-classification\dataset\Bone_Fracture_Dataset\test\fractured\1-rotated3-rotated1-rotated1.jpg
8539474b5ae42bea,train,fractured,E:\projects\project-fracture-classification\dataset\Bone_Fracture_Dataset\train\fractured\1-rotated1-rotated1-rotated3 (1).jpg
8539474b5ae42bea,train,fractured,E:\projects\project-fracture-classification\dataset\Bone_Fracture_Dataset\train\fractured\1-rotated1-rotated1-rotated3 - Copy (1).jpg
8539474b5ae42bea,train,fractured,E:\projects\project-fracture-classification\dataset\Bone_Fracture_Dataset\train\fractured\1-rotated1-rotated1-rotated3 - Copy.jpg
8539474b5ae42bea,train,fractured,E:\projects\project-fracture-classification\dataset\Bone_Fracture_Dataset\train\fractured\1-rotated1-rotated1-rotated3.jpg
8539474b5ae42bea,train,fractured,E:\projects\project-fracture-classification\dataset\Bone_Fracture_Dataset\train\fractured\1-rotated3-rotated1-rotated1 - Copy (1).jpg
8539474b5ae42bea,train,fractured,E:\projects\project-fracture-classification\dataset\Bone_Fracture_Dataset\train\fractured\1-rotated3-rotated1-rotated1 - Copy.jpg
8539474b5ae42bea,val,fractured,E:\projects\project-fracture-classification\dataset\Bone_Fracture_Dataset\val\fractured\1-rotated1-rotated1-rotated3.jpg
9531464b5ad13fe1,test,fractured,E:\projects\project-fracture-classification\dataset\Bone_Fracture_Dataset\test\fractured\1-rotated3-rotated2-rotated3 - Copy.jpg
9531464b5ad13fe1,train,fractured,E:\projects\project-fracture-classification\dataset\Bone_Fracture_Dataset\train\fractured\1-rotated3-rotated2-rotated3 (1).jpg
9531464b5ad13fe1,train,fractured,E:\projects\project-fracture-classification\dataset\Bone_Fracture_Dataset\train\fractured\1-rotated3-rotated2-rotated3.jpg
9531464b5ad13fe1,val,fractured,E:\projects\project-fracture-classification\dataset\Bone_Fracture_Dataset\val\fractured\1-rotated3-rotated2-rotated3.jpg
b0e39d34c933ccb2,test,fractured,E:\projects\project-fracture-classification\dataset\Bone_Fracture_Dataset\test\fractured\1.png
b0e39d34c933ccb2,test,fractured,E:\projects\project-fracture-classification\dataset\Bone_Fracture_Dataset\test\fractured\2.png
b0e39d34c933ccb2,train,fractured,E:\projects\project-fracture-classification\dataset\Bone_Fracture_Dataset\train\fractured\1.png
b0e39d34c933ccb2,train,fractured,E:\projects\project-fracture-classification\dataset\Bone_Fracture_Dataset\train\fractured\2.png
b0e39d34c933ccb2,val,fractured,E:\projects\project-fracture-classification\dataset\Bone_Fracture_Dataset\val\fractured\1.png
b0e39d34c933ccb2,val,fractured,E:\projects\project-fracture-classification\dataset\Bone_Fracture_Dataset\val\fractured\2.png
8b6732381c9e4eb6,test,fractured,E:\projects\project-fracture-classification\dataset\Bone_Fracture_Dataset\test\fractured\2-rotated1-rotated3-rotated2 - Copy.jpg
8b6732381c9e4eb6,train,fractured,E:\projects\project-fracture-classification\dataset\Bone_Fracture_Dataset\train\fractured\2-rotated1-rotated3-rotated2 (1).jpg
8b6732381c9e4eb6,train,fractured,E:\projects\project-fracture-classification\dataset\Bone_Fracture_Dataset\train\fractured\2-rotated1-rotated3-rotated2.jpg
cc3963317367344b,test,fractured,E:\projects\project-fracture-classification\dataset\Bone_Fracture_Dataset\test\fractured\2-rotated2-rotated1-rotated2.jpg
cc3963317367344b,train,fractured,E:\projects\project-fracture-classification\dataset\Bone_Fracture_Dataset\train\fractured\2-rotated2-rotated1-rotated2 - Copy (1).jpg
cc3963317367344b,train,fractured,E:\projects\project-fracture-classification\dataset\Bone_Fracture_Dataset\train\fractured\2-rotated2-rotated1-rotated2 - Copy.jpg
cc3963713363354b,test,fractured,E:\projects\project-fracture-classification\dataset\Bone_Fracture_Dataset\test\fractured\2-rotated2-rotated3 - Copy.jpg
cc3963713363354b,train,fractured,E:\projects\project-fracture-classification\dataset\Bone_Fracture_Dataset\train\fractured\2-rotated2-rotated3 (1).jpg
cc3963713363354b,train,fractured,E:\projects\project-fracture-classification\dataset\Bone_Fracture_Dataset\train\fractured\2-rotated2-rotated3.jpg
cc3866317363356b,test,fractured,E:\projects\project-fracture-classification\dataset\Bone_Fracture_Dataset\test\fractured\2-rotated3-rotated1.jpg
cc3866317363356b,train,fractured,E:\projects\project-fracture-classification\dataset\Bone_Fracture_Dataset\train\fractured\2-rotated1 - Copy (1).jpg
cc3866317363356b,train,fractured,E:\projects\project-fracture-classification\dataset\Bone_Fracture_Dataset\train\fractured\2-rotated1 - Copy.jpg
cc3866317363356b,train,fractured,E:\projects\project-fracture-classification\dataset\Bone_Fracture_Dataset\train\fractured\2-rotated3-rotated1 - Copy (1).jpg
cc3866317363356b,train,fractured,E:\projects\project-fracture-classification\dataset\Bone_Fracture_Dataset\train\fractured\2-rotated3-rotated1 - Copy.jpg
cc1963763be62cc2,test,fractured,E:\projects\project-fracture-classification\dataset\Bone_Fracture_Dataset\test\fractured\2-rotated3-rotated2-rotated2 - Copy.jpg
cc1963763be62cc2,train,fractured,E:\projects\project-fracture-classification\dataset\Bone_Fracture_Dataset\train\fractured\2-rotated3-rotated2-rotated2 (1).jpg
cc1963763be62cc2,train,fractured,E:\projects\project-fracture-classification\dataset\Bone_Fracture_Dataset\train\fractured\2-rotated3-rotated2-rotated2.jpg
d11e32e40d596b9b,test,fractured,E:\projects\project-fracture-classification\dataset\Bone_Fracture_Dataset\test\fractured\2-rotated3-rotated3-rotated3.jpg
d11e32e40d596b9b,train,fractured,E:\projects\project-fracture-classification\dataset\Bone_Fracture_Dataset\train\fractured\2-rotated3-rotated3-rotated3 - Copy (1).jpg
d11e32e40d596b9b,train,fractured,E:\projects\project-fracture-classification\dataset\Bone_Fracture_Dataset\train\fractured\2-rotated3-rotated3-rotated3 - Copy.jpg
cc666231337b3539,test,fractured,E:\projects\project-fracture-classification\dataset\Bone_Fracture_Dataset\test\fractured\2.jpg
cc666231337b3539,train,fractured,E:\projects\project-fracture-classification\dataset\Bone_Fracture_Dataset\train\fractured\2 - Copy (1).jpg
cc666231337b3539,train,fractured,E:\projects\project-fracture-classification\dataset\Bone_Fracture_Dataset\train\fractured\2 - Copy.jpg
cc666231337b3539,train,fractured,E:\projects\project-fracture-classification\dataset\Bone_Fracture_Dataset\train\fractured\2-rotated2-rotated1-rotated3 (1).jpg
cc666231337b3539,train,fractured,E:\projects\project-fracture-classification\dataset\Bone_Fracture_Dataset\train\fractured\2-rotated2-rotated1-rotated3 - Copy (1).jpg
cc666231337b3539,train,fractured,E:\projects\project-fracture-classification\dataset\Bone_Fracture_Dataset\train\fractured\2-rotated2-rotated1-rotated3 - Copy.jpg
cc666231337b3539,train,fractured,E:\projects\project-fracture-classification\dataset\Bone_Fracture_Dataset\train\fractured\2-rotated2-rotated1-rotated3.jpg
968d1b7a6147fe80,test,fractured,E:\projects\project-fracture-classification\dataset\Bone_Fracture_Dataset\test\fractured\3-rotated1-rotated1-rotated3 - Copy.jpg
968d1b7a6147fe80,train,fractured,E:\projects\project-fracture-classification\dataset\Bone_Fracture_Dataset\train\fractured\3-rotated1-rotated1-rotated3 (1).jpg
968d1b7a6147fe80,train,fractured,E:\projects\project-fracture-classification\dataset\Bone_Fracture_Dataset\train\fractured\3-rotated1-rotated1-rotated3.jpg
968d1b7a6147fe80,val,fractured,E:\projects\project-fracture-classification\dataset\Bone_Fracture_Dataset\val\fractured\3-rotated1-rotated1-rotated3.jpg
83da492d542e5e1f,test,fractured,E:\projects\project-fracture-classification\dataset\Bone_Fracture_Dataset\test\fractured\3-rotated1-rotated3.jpg
83da492d542e5e1f,train,fractured,E:\projects\project-fracture-classification\dataset\Bone_Fracture_Dataset\train\fractured\3-rotated1-rotated3 - Copy (1).jpg
83da492d542e5e1f,train,fractured,E:\projects\project-fracture-classification\dataset\Bone_Fracture_Dataset\train\fractured\3-rotated1-rotated3 - Copy.jpg
87de69256c25568b,test,fractured,E:\projects\project-fracture-classification\dataset\Bone_Fracture_Dataset\test\fractured\3-rotated2-rotated1-rotated1 - Copy.jpg
87de69256c25568b,train,fractured,E:\projects\project-fracture-classification\dataset\Bone_Fracture_Dataset\train\fractured\3-rotated1 - Copy (1).jpg
87de69256c25568b,train,fractured,E:\projects\project-fracture-classification\dataset\Bone_Fracture_Dataset\train\fractured\3-rotated1 - Copy.jpg
c4f25c6623b4375a,test,fractured,E:\projects\project-fracture-classification\dataset\Bone_Fracture_Dataset\test\fractured\3-rotated2-rotated2-rotated3 - Copy.jpg
c4f25c6623b4375a,train,fractured,E:\projects\project-fracture-classification\dataset\Bone_Fracture_Dataset\train\fractured\3-rotated2-rotated2-rotated3 (1).jpg
c4f25c6623b4375a,train,fractured,E:\projects\project-fracture-classification\dataset\Bone_Fracture_Dataset\train\fractured\3-rotated2-rotated2-rotated3.jpg
83da492d5e661ec3,test,fractured,E:\projects\project-fracture-classification\dataset\Bone_Fracture_Dataset\test\fractured\3-rotated3-rotated2-rotated1 - Copy.jpg
83da492d5e661ec3,train,fractured,E:\projects\project-fracture-classification\dataset\Bone_Fracture_Dataset\train\fractured\3-rotated3-rotated2-rotated1 (1).jpg
83da492d5e661ec3,train,fractured,E:\projects\project-fracture-classification\dataset\Bone_Fracture_Dataset\train\fractured\3-rotated3-rotated2-rotated1.jpg
c4e1164a7a1eceb5,test,fractured,E:\projects\project-fracture-classification\dataset\Bone_Fracture_Dataset\test\fractured\3-rotated3-rotated3-rotated2.jpg
c4e1164a7a1eceb5,train,fractured,E:\projects\project-fracture-classification\dataset\Bone_Fracture_Dataset\train\fractured\3-rotated3-rotated3-rotated2 - Copy (1).jpg
c4e1164a7a1eceb5,train,fractured,E:\projects\project-fracture-classification\dataset\Bone_Fracture_Dataset\train\fractured\3-rotated3-rotated3-rotated2 - Copy.jpg
875ee9256c65468b,test,fractured,E:\projects\project-fracture-classification\dataset\Bone_Fracture_Dataset\test\fractured\3-rotated3.jpg
875ee9256c65468b,train,fractured,E:\projects\project-fracture-classification\dataset\Bone_Fracture_Dataset\train\fractured\3-rotated3 - Copy (1).jpg
875ee9256c65468b,train,fractured,E:\projects\project-fracture-classification\dataset\Bone_Fracture_Dataset\train\fractured\3-rotated3 - Copy.jpg
c0cd2f905a2fd43e,test,fractured,E:\projects\project-fracture-classification\dataset\Bone_Fracture_Dataset\test\fractured\3.png
c0cd2f905a2fd43e,test,fractured,E:\projects\project-fracture-classification\dataset\Bone_Fracture_Dataset\test\fractured\4.png
c0cd2f905a2fd43e,train,fractured,E:\projects\project-fracture-classification\dataset\Bone_Fracture_Dataset\train\fractured\3.png
c0cd2f905a2fd43e,train,fractured,E:\projects\project-fracture-classification\dataset\Bone_Fracture_Dataset\train\fractured\4.png
c0cd2f905a2fd43e,val,fractured,E:\projects\project-fracture-classification\dataset\Bone_Fracture_Dataset\val\fractured\3.png
c0cd2f905a2fd43e,val,fractured,E:\projects\project-fracture-classification\dataset\Bone_Fracture_Dataset\val\fractured\4.png
9a2525694b4fd4f4,test,fractured,E:\projects\project-fracture-classification\dataset\Bone_Fracture_Dataset\test\fractured\4-rotated1-rotated1-rotated2 - Copy.jpg
9a2525694b4fd4f4,train,fractured,E:\projects\project-fracture-classification\dataset\Bone_Fracture_Dataset\train\fractured\4-rotated1-rotated1-rotated2 (1).jpg
9a2525694b4fd4f4,train,fractured,E:\projects\project-fracture-classification\dataset\Bone_Fracture_Dataset\train\fractured\4-rotated1-rotated1-rotated2.jpg
9a2525694b4fd4f4,train,fractured,E:\projects\project-fracture-classification\dataset\Bone_Fracture_Dataset\train\fractured\4-rotated2-rotated1-rotated1 - Copy (1).jpg
9a2525694b4fd4f4,train,fractured,E:\projects\project-fracture-classification\dataset\Bone_Fracture_Dataset\train\fractured\4-rotated2-rotated1-rotated1 - Copy.jpg
954863b54eb728d6,test,fractured,E:\projects\project-fracture-classification\dataset\Bone_Fracture_Dataset\test\fractured\4-rotated1-rotated2-rotated3.jpg
954863b54eb728d6,train,fractured,E:\projects\project-fracture-classification\dataset\Bone_Fracture_Dataset\train\fractured\4-rotated1-rotated2-rotated3 - Copy (1).jpg
954863b54eb728d6,train,fractured,E:\projects\project-fracture-classification\dataset\Bone_Fracture_Dataset\train\fractured\4-rotated1-rotated2-rotated3 - Copy.jpg
9a352569491fd4b6,test,fractured,E:\projects\project-fracture-classification\dataset\Bone_Fracture_Dataset\test\fractured\4-rotated2-rotated1 - Copy.jpg
9a352569491fd4b6,train,fractured,E:\projects\project-fracture-classification\dataset\Bone_Fracture_Dataset\train\fractured\4-rotated2-rotated1 (1).jpg
9a352569491fd4b6,train,fractured,E:\projects\project-fracture-classification\dataset\Bone_Fracture_Dataset\train\fractured\4-rotated2-rotated1.jpg
9a352569491fd4b6,val,fractured,E:\projects\project-fracture-classification\dataset\Bone_Fracture_Dataset\val\fractured\4-rotated2-rotated1.jpg
986735644fac4a97,test,fractured,E:\projects\project-fracture-classification\dataset\Bone_Fracture_Dataset\test\fractured\4-rotated2-rotated2-rotated1.jpg
986735644fac4a97,train,fractured,E:\projects\project-fracture-classification\dataset\Bone_Fracture_Dataset\train\fractured\4-rotated2 (1).jpg
986735644fac4a97,train,fractured,E:\projects\project-fracture-classification\dataset\Bone_Fracture_Dataset\train\fractured\4-rotated2 - Copy (1).jpg
986735644fac4a97,train,fractured,E:\projects\project-fracture-classification\dataset\Bone_Fracture_Dataset\train\fractured\4-rotated2 - Copy.jpg
986735644fac4a97,train,fractured,E:\projects\project-fracture-classification\dataset\Bone_Fracture_Dataset\train\fractured\4-rotated2-rotated2-rotated1 - Copy (1).jpg
986735644fac4a97,train,fractured,E:\projects\project-fracture-classification\dataset\Bone_Fracture_Dataset\train\fractured\4-rotated2-rotated2-rotated1 - Copy.jpg
986735644fac4a97,train,fractured,E:\projects\project-fracture-classification\dataset\Bone_Fracture_Dataset\train\fractured\4-rotated2.jpg
9a2525694b1ff496,test,fractured,E:\projects\project-fracture-classification\dataset\Bone_Fracture_Dataset\test\fractured\4-rotated3-rotated2 - Copy.jpg
9a2525694b1ff496,train,fractured,E:\projects\project-fracture-classification\dataset\Bone_Fracture_Dataset\train\fractured\4-rotated3-rotated2 (1).jpg
9a2525694b1ff496,train,fractured,E:\projects\project-fracture-classification\dataset\Bone_Fracture_Dataset\train\fractured\4-rotated3-rotated2.jpg
914b63b44ea56cd6,test,fractured,E:\projects\project-fracture-classification\dataset\Bone_Fracture_Dataset\test\fractured\4-rotated3-rotated3-rotated1.jpg
914b63b44ea56cd6,train,fractured,E:\projects\project-fracture-classification\dataset\Bone_Fracture_Dataset\train\fractured\4-rotated3-rotated3-rotated1 - Copy (1).jpg
914b63b44ea56cd6,train,fractured,E:\projects\project-fracture-classification\dataset\Bone_Fracture_Dataset\train\fractured\4-rotated3-rotated3-rotated1 - Copy.jpg
9c650361f85f4ee8,test,fractured,E:\projects\project-fracture-classification\dataset\Bone_Fracture_Dataset\test\fractured\5-rotated1-rotated1-rotated1 - Copy.jpg
9c650361f85f4ee8,train,fractured,E:\projects\project-fracture-classification\dataset\Bone_Fracture_Dataset\train\fractured\5-rotated1-rotated1-rotated1 (1).jpg
9c650361f85f4ee8,train,fractured,E:\projects\project-fracture-classification\dataset\Bone_Fracture_Dataset\train\fractured\5-rotated1-rotated1-rotated1.jpg
9c650361f85f4ee8,train,fractured,E:\projects\project-fracture-classification\dataset\Bone_Fracture_Dataset\train\fractured\5-rotated1-rotated1-rotated2 (1).jpg
9c650361f85f4ee8,train,fractured,E:\projects\project-fracture-classification\dataset\Bone_Fracture_Dataset\train\fractured\5-rotated1-rotated1-rotated2 - Copy (1).jpg
9c650361f85f4ee8,train,fractured,E:\projects\project-fracture-classification\dataset\Bone_Fracture_Dataset\train\fractured\5-rotated1-rotated1-rotated2 - Copy.jpg
9c650361f85f4ee8,train,fractured,E:\projects\project-fracture-classification\dataset\Bone_Fracture_Dataset\train\fractured\5-rotated1-rotated1-rotated2.jpg
9c632179195fc4e3,test,fractured,E:\projects\project-fracture-classification\dataset\Bone_Fracture_Dataset\test\fractured\5-rotated1-rotated2-rotated2.jpg
9c632179195fc4e3,train,fractured,E:\projects\project-fracture-classification\dataset\Bone_Fracture_Dataset\train\fractured\5-rotated1-rotated2-rotated2 - Copy (1).jpg
9c632179195fc4e3,train,fractured,E:\projects\project-fracture-classification\dataset\Bone_Fracture_Dataset\train\fractured\5-rotated1-rotated2-rotated2 - Copy.jpg
9e673778980ec463,test,fractured,E:\projects\project-fracture-classification\dataset\Bone_Fracture_Dataset\test\fractured\5-rotated2 - Copy.jpg
9e673778980ec463,train,fractured,E:\projects\project-fracture-classification\dataset\Bone_Fracture_Dataset\train\fractured\5 (2).jpg
9e673778980ec463,train,fractured,E:\projects\project-fracture-classification\dataset\Bone_Fracture_Dataset\train\fractured\5 - Copy (1).jpg
9e673778980ec463,train,fractured,E:\projects\project-fracture-classification\dataset\Bone_Fracture_Dataset\train\fractured\5 - Copy.jpg
9e673778980ec463,train,fractured,E:\projects\project-fracture-classification\dataset\Bone_Fracture_Dataset\train\fractured\5-rotated2 (1).jpg
9e673778980ec463,train,fractured,E:\projects\project-fracture-classification\dataset\Bone_Fracture_Dataset\train\fractured\5-rotated2.jpg
9e673778980ec463,train,fractured,E:\projects\project-fracture-classification\dataset\Bone_Fracture_Dataset\train\fractured\5.jpg
9e673778980ec463,val,fractured,E:\projects\project-fracture-classification\dataset\Bone_Fracture_Dataset\val\fractured\5.jpg
9e67217059164ef6,test,fractured,E:\projects\project-fracture-classification\dataset\Bone_Fracture_Dataset\test\fractured\5-rotated2-rotated2.jpg
9e67217059164ef6,train,fractured,E:\projects\project-fracture-classification\dataset\Bone_Fracture_Dataset\train\fractured\5-rotated2-rotated2 - Copy (1).jpg
9e67217059164ef6,train,fractured,E:\projects\project-fracture-classification\dataset\Bone_Fracture_Dataset\train\fractured\5-rotated2-rotated2 - Copy.jpg
dc30636371e30fc3,test,fractured,E:\projects\project-fracture-classification\dataset\Bone_Fracture_Dataset\test\fractured\5-rotated2-rotated3-rotated2 - Copy.jpg
dc30636371e30fc3,train,fractured,E:\projects\project-fracture-classification\dataset\Bone_Fracture_Dataset\train\fractured\5-rotated2-rotated3-rotated1 (1).jpg
dc30636371e30fc3,train,fractured,E:\projects\project-fracture-classification\dataset\Bone_Fracture_Dataset\train\fractured\5-rotated2-rotated3-rotated1 - Copy (1).jpg
dc30636371e30fc3,train,fractured,E:\projects\project-fracture-classification\dataset\Bone_Fracture_Dataset\train\fractured\5-rotated2-rotated3-rotated1 - Copy.jpg
dc30636371e30fc3,train,fractured,E:\projects\project-fracture-classification\dataset\Bone_Fracture_Dataset\train\fractured\5-rotated2-rotated3-rotated1.jpg
dc30636371e30fc3,train,fractured,E:\projects\project-fracture-classification\dataset\Bone_Fracture_Dataset\train\fractured\5-rotated2-rotated3-rotated2 (1).jpg
dc30636371e30fc3,train,fractured,E:\projects\project-fracture-classification\dataset\Bone_Fracture_Dataset\train\fractured\5-rotated2-rotated3-rotated2.jpg
dc30636371e30fc3,val,fractured,E:\projects\project-fracture-classification\dataset\Bone_Fracture_Dataset\val\fractured\5-rotated2-rotated3-rotated2.jpg
9c754320791f0fea,test,fractured,E:\projects\project-fracture-classification\dataset\Bone_Fracture_Dataset\test\fractured\5-rotated3-rotated1-rotated2.jpg
9c754320791f0fea,train,fractured,E:\projects\project-fracture-classification\dataset\Bone_Fracture_Dataset\train\fractured\5-rotated3-rotated1-rotated2 - Copy (1).jpg
9c754320791f0fea,train,fractured,E:\projects\project-fracture-classification\dataset\Bone_Fracture_Dataset\train\fractured\5-rotated3-rotated1-rotated2 - Copy.jpg
948f58600bfb5778,test,fractured,E:\projects\project-fracture-classification\dataset\Bone_Fracture_Dataset\test\fractured\6-rotated1-rotated1 - Copy.jpg
948f58600bfb5778,train,fractured,E:\projects\project-fracture-classification\dataset\Bone_Fracture_Dataset\train\fractured\6-rotated1-rotated1 (1).jpg
948f58600bfb5778,train,fractured,E:\projects\project-fracture-classification\dataset\Bone_Fracture_Dataset\train\fractured\6-rotated1-rotated1.jpg
87d15e2f05163a57,test,fractured,E:\projects\project-fracture-classification\dataset\Bone_Fracture_Dataset\test\fractured\6-rotated1-rotated2-rotated1.jpg
87d15e2f05163a57,train,fractured,E:\projects\project-fracture-classification\dataset\Bone_Fracture_Dataset\train\fractured\6-rotated1-rotated2-rotated1 - Copy (1).jpg
87d15e2f05163a57,train,fractured,E:\projects\project-fracture-classification\dataset\Bone_Fracture_Dataset\train\fractured\6-rotated1-rotated2-rotated1 - Copy.jpg
87d05a2f55227e17,test,fractured,E:\projects\project-fracture-classification\dataset\Bone_Fracture_Dataset\test\fractured\6-rotated1-rotated3-rotated3 - Copy.jpg
87d05a2f55227e17,train,fractured,E:\projects\project-fracture-classification\dataset\Bone_Fracture_Dataset\train\fractured\6-rotated1-rotated3-rotated2 (1).jpg
87d05a2f55227e17,train,fractured,E:\projects\project-fracture-classification\dataset\Bone_Fracture_Dataset\train\fractured\6-rotated1-rotated3-rotated2 - Copy (1).jpg
87d05a2f55227e17,train,fractured,E:\projects\project-fracture-classification\dataset\Bone_Fracture_Dataset\train\fractured\6-rotated1-rotated3-rotated2 - Copy.jpg
87d05a2f55227e17,train,fractured,E:\projects\project-fracture-classification\dataset\Bone_Fracture_Dataset\train\fractured\6-rotated1-rotated3-rotated2.jpg
87d05a2f55227e17,train,fractured,E:\projects\project-fracture-classification\dataset\Bone_Fracture_Dataset\train\fractured\6-rotated1-rotated3-rotated3 (1).jpg
87d05a2f55227e17,train,fractured,E:\projects\project-fracture-classification\dataset\Bone_Fracture_Dataset\train\fractured\6-rotated1-rotated3-rotated3.jpg
91cc1b7661032f7d,test,fractured,E:\projects\project-fracture-classification\dataset\Bone_Fracture_Dataset\test\fractured\6-rotated2-rotated1-rotated3.jpg
91cc1b7661032f7d,train,fractured,E:\projects\project-fracture-classification\dataset\Bone_Fracture_Dataset\train\fractured\6-rotated2-rotated1-rotated3 - Copy (1).jpg
91cc1b7661032f7d,train,fractured,E:\projects\project-fracture-classification\dataset\Bone_Fracture_Dataset\train\fractured\6-rotated2-rotated1-rotated3 - Copy.jpg
948f18700bf25ff2,test,fractured,E:\projects\project-fracture-classification\dataset\Bone_Fracture_Dataset\test\fractured\6-rotated2-rotated3-rotated1 - Copy.jpg
948f18700bf25ff2,train,fractured,E:\projects\project-fracture-classification\dataset\Bone_Fracture_Dataset\train\fractured\6-rotated2-rotated3-rotated1 (1).jpg
948f18700bf25ff2,train,fractured,E:\projects\project-fracture-classification\dataset\Bone_Fracture_Dataset\train\fractured\6-rotated2-rotated3-rotated1.jpg
85da48797de30ad1,test,fractured,E:\projects\project-fracture-classification\dataset\Bone_Fracture_Dataset\test\fractured\6-rotated3-rotated1-rotated1.jpg
85da48797de30ad1,train,fractured,E:\projects\project-fracture-classification\dataset\Bone_Fracture_Dataset\train\fractured\6-rotated3-rotated1-rotated1 - Copy (1).jpg
85da48797de30ad1,train,fractured,E:\projects\project-fracture-classification\dataset\Bone_Fracture_Dataset\train\fractured\6-rotated3-rotated1-rotated1 - Copy.jpg
948f1a700bf35f4a,test,fractured,E:\projects\project-fracture-classification\dataset\Bone_Fracture_Dataset\test\fractured\6-rotated3-rotated2-rotated3 - Copy.jpg
948f1a700bf35f4a,train,fractured,E:\projects\project-fracture-classification\dataset\Bone_Fracture_Dataset\train\fractured\6-rotated3-rotated2-rotated3 (1).jpg
948f1a700bf35f4a,train,fractured,E:\projects\project-fracture-classification\dataset\Bone_Fracture_Dataset\train\fractured\6-rotated3-rotated2-rotated3.jpg
996c259a7a3926b6,test,fractured,E:\projects\project-fracture-classification\dataset\Bone_Fracture_Dataset\test\fractured\7-rotated1-rotated1 - Copy.jpg
996c259a7a3926b6,train,fractured,E:\projects\project-fracture-classification\dataset\Bone_Fracture_Dataset\train\fractured\7-rotated1-rotated1 (1).jpg
996c259a7a3926b6,train,fractured,E:\projects\project-fracture-classification\dataset\Bone_Fracture_Dataset\train\fractured\7-rotated1-rotated1.jpg
996c33907a3566b6,test,fractured,E:\projects\project-fracture-classification\dataset\Bone_Fracture_Dataset\test\fractured\7-rotated1-rotated2-rotated1 - Copy.jpg
996c33907a3566b6,train,fractured,E:\projects\project-fracture-classification\dataset\Bone_Fracture_Dataset\train\fractured\7-rotated1-rotated2-rotated1 (1).jpg
996c33907a3566b6,train,fractured,E:\projects\project-fracture-classification\dataset\Bone_Fracture_Dataset\train\fractured\7-rotated1-rotated2-rotated1.jpg
944f66b45bb46874,test,fractured,E:\projects\project-fracture-classification\dataset\Bone_Fracture_Dataset\test\fractured\7-rotated1-rotated3-rotated2.jpg
944f66b45bb46874,train,fractured,E:\projects\project-fracture-classification\dataset\Bone_Fracture_Dataset\train\fractured\7-rotated1-rotated3-rotated2 - Copy (1).jpg
944f66b45bb46874,train,fractured,E:\projects\project-fracture-classification\dataset\Bone_Fracture_Dataset\train\fractured\7-rotated1-rotated3-rotated2 - Copy.jpg
9d4c25987a3365b6,test,fractured,E:\projects\project-fracture-classification\dataset\Bone_Fracture_Dataset\test\fractured\7-rotated2-rotated1-rotated3 - Copy.jpg
9d4c25987a3365b6,train,fractured,E:\projects\project-fracture-classification\dataset\Bone_Fracture_Dataset\train\fractured\7-rotated2-rotated1-rotated3 (1).jpg
9d4c25987a3365b6,train,fractured,E:\projects\project-fracture-classification\dataset\Bone_Fracture_Dataset\train\fractured\7-rotated2-rotated1-rotated3.jpg
9d4c25987a3365b6,train,fractured,E:\projects\project-fracture-classification\dataset\Bone_Fracture_Dataset\train\fractured\7-rotated3-rotated1-rotated2 (1).jpg
9d4c25987a3365b6,train,fractured,E:\projects\project-fracture-classification\dataset\Bone_Fracture_Dataset\train\fractured\7-rotated3-rotated1-rotated2 - Copy (1).jpg
9d4c25987a3365b6,train,fractured,E:\projects\project-fracture-classification\dataset\Bone_Fracture_Dataset\train\fractured\7-rotated3-rotated1-rotated2 - Copy.jpg
9d4c25987a3365b6,train,fractured,E:\projects\project-fracture-classification\dataset\Bone_Fracture_Dataset\train\fractured\7-rotated3-rotated1-rotated2.jpg
986733c2636d636c,test,fractured,E:\projects\project-fracture-classification\dataset\Bone_Fracture_Dataset\test\fractured\7-rotated2-rotated3.jpg
986733c2636d636c,train,fractured,E:\projects\project-fracture-classification\dataset\Bone_Fracture_Dataset\train\fractured\7-rotated2-rotated3 - Copy (1).jpg
986733c2636d636c,train,fractured,E:\projects\project-fracture-classification\dataset\Bone_Fracture_Dataset\train\fractured\7-rotated2-rotated3 - Copy.jpg
9d4c25995a3365b6,test,fractured,E:\projects\project-fracture-classification\dataset\Bone_Fracture_Dataset\test\fractured\7-rotated3-rotated1-rotated1 - Copy.jpg
9d4c25995a3365b6,train,fractured,E:\projects\project-fracture-classification\dataset\Bone_Fracture_Dataset\train\fractured\7-rotated1-rotated1-rotated2 (1).jpg
9d4c25995a3365b6,train,fractured,E:\projects\project-fracture-classification\dataset\Bone_Fracture_Dataset\train\fractured\7-rotated1-rotated1-rotated2 - Copy (1).jpg
9d4c25995a3365b6,train,fractured,E:\projects\project-fracture-classification\dataset\Bone_Fracture_Dataset\train\fractured\7-rotated1-rotated1-rotated2 - Copy.jpg
9d4c25995a3365b6,train,fractured,E:\projects\project-fracture-classification\dataset\Bone_Fracture_Dataset\train\fractured\7-rotated1-rotated1-rotated2.jpg
9d4c25995a3365b6,train,fractured,E:\projects\project-fracture-classification\dataset\Bone_Fracture_Dataset\train\fractured\7-rotated3-rotated1-rotated1 (1).jpg
9d4c25995a3365b6,train,fractured,E:\projects\project-fracture-classification\dataset\Bone_Fracture_Dataset\train\fractured\7-rotated3-rotated1-rotated1.jpg
9830464f6d6778e6,test,fractured,E:\projects\project-fracture-classification\dataset\Bone_Fracture_Dataset\test\fractured\7-rotated3-rotated2-rotated2.jpg
9830464f6d6778e6,train,fractured,E:\projects\project-fracture-classification\dataset\Bone_Fracture_Dataset\train\fractured\7-rotated3-rotated2-rotated2 - Copy (1).jpg
9830464f6d6778e6,train,fractured,E:\projects\project-fracture-classification\dataset\Bone_Fracture_Dataset\train\fractured\7-rotated3-rotated2-rotated2 - Copy.jpg
9c9407ed694b6aca,test,fractured,E:\projects\project-fracture-classification\dataset\Bone_Fracture_Dataset\test\fractured\79-rotated2-rotated1-rotated2.jpg
9c9407ed694b6aca,train,fractured,E:\projects\project-fracture-classification\dataset\Bone_Fracture_Dataset\train\fractured\79-rotated2-rotated1-rotated2 - Copy (1).jpg
9c9407ed694b6aca,train,fractured,E:\projects\project-fracture-classification\dataset\Bone_Fracture_Dataset\train\fractured\79-rotated2-rotated1-rotated2 - Copy.jpg
9cb4076f784b5a4a,test,fractured,E:\projects\project-fracture-classification\dataset\Bone_Fracture_Dataset\test\fractured\79-rotated2-rotated3 - Copy.jpg
9cb4076f784b5a4a,train,fractured,E:\projects\project-fracture-classification\dataset\Bone_Fracture_Dataset\train\fractured\79-rotated2 (1).jpg
9cb4076f784b5a4a,train,fractured,E:\projects\project-fracture-classification\dataset\Bone_Fracture_Dataset\train\fractured\79-rotated2-rotated3 (1).jpg
9cb4076f784b5a4a,train,fractured,E:\projects\project-fracture-classification\dataset\Bone_Fracture_Dataset\train\fractured\79-rotated2-rotated3.jpg
9cb4076f784b5a4a,train,fractured,E:\projects\project-fracture-classification\dataset\Bone_Fracture_Dataset\train\fractured\79-rotated2.jpg
d8c793b03d1c6897,test,fractured,E:\projects\project-fracture-classification\dataset\Bone_Fracture_Dataset\test\fractured\79-rotated3-rotated1.jpg
d8c793b03d1c6897,train,fractured,E:\projects\project-fracture-classification\dataset\Bone_Fracture_Dataset\train\fractured\79-rotated3-rotated1 - Copy (1).jpg
d8c793b03d1c6897,train,fractured,E:\projects\project-fracture-classification\dataset\Bone_Fracture_Dataset\train\fractured\79-rotated3-rotated1 - Copy.jpg
d8c793b03d1c6897,train,fractured,E:\projects\project-fracture-classification\dataset\Bone_Fracture_Dataset\train\fractured\79-rotated3-rotated1-rotated1 (1).jpg
d8c793b03d1c6897,train,fractured,E:\projects\project-fracture-classification\dataset\Bone_Fracture_Dataset\train\fractured\79-rotated3-rotated1-rotated1 - Copy (1).jpg
d8c793b03d1c6897,train,fractured,E:\projects\project-fracture-classification\dataset\Bone_Fracture_Dataset\train\fractured\79-rotated3-rotated1-rotated1 - Copy.jpg
d8c793b03d1c6897,train,fractured,E:\projects\project-fracture-classification\dataset\Bone_Fracture_Dataset\train\fractured\79-rotated3-rotated1-rotated1.jpg
d8c793b03d1c6897,val,fractured,E:\projects\project-fracture-classification\dataset\Bone_Fracture_Dataset\val\fractured\79-rotated3-rotated1-rotated1.jpg
9a8687f4714f68cc,test,fractured,E:\projects\project-fracture-classification\dataset\Bone_Fracture_Dataset\test\fractured\79-rotated3-rotated2-rotated2 - Copy.jpg
9a8687f4714f68cc,train,fractured,E:\projects\project-fracture-classification\dataset\Bone_Fracture_Dataset\train\fractured\79-rotated3-rotated2-rotated2 (1).jpg
9a8687f4714f68cc,train,fractured,E:\projects\project-fracture-classification\dataset\Bone_Fracture_Dataset\train\fractured\79-rotated3-rotated2-rotated2.jpg
c4e34a359a5d3f0c,test,fractured,E:\projects\project-fracture-classification\dataset\Bone_Fracture_Dataset\test\fractured\79-rotated3-rotated3-rotated3.jpg
c4e34a359a5d3f0c,train,fractured,E:\projects\project-fracture-classification\dataset\Bone_Fracture_Dataset\train\fractured\79-rotated3-rotated3-rotated3 - Copy (1).jpg
c4e34a359a5d3f0c,train,fractured,E:\projects\project-fracture-classification\dataset\Bone_Fracture_Dataset\train\fractured\79-rotated3-rotated3-rotated3 - Copy.jpg
c4e34a359a5d3f0c,val,fractured,E:\projects\project-fracture-classification\dataset\Bone_Fracture_Dataset\val\fractured\79-rotated3-rotated3-rotated3.jpg
993362db329d3398,test,fractured,E:\projects\project-fracture-classification\dataset\Bone_Fracture_Dataset\test\fractured\8 - Copy.jpg
993362db329d3398,train,fractured,E:\projects\project-fracture-classification\dataset\Bone_Fracture_Dataset\train\fractured\8 (2).jpg
993362db329d3398,train,fractured,E:\projects\project-fracture-classification\dataset\Bone_Fracture_Dataset\train\fractured\8.jpg
9d3366cc31cc70ce,test,fractured,E:\projects\project-fracture-classification\dataset\Bone_Fracture_Dataset\test\fractured\8-rotated1-rotated1-rotated3.jpg
9d3366cc31cc70ce,train,fractured,E:\projects\project-fracture-classification\dataset\Bone_Fracture_Dataset\train\fractured\8-rotated1-rotated1-rotated3 - Copy (1).jpg
9d3366cc31cc70ce,train,fractured,E:\projects\project-fracture-classification\dataset\Bone_Fracture_Dataset\train\fractured\8-rotated1-rotated1-rotated3 - Copy.jpg
8c3366cc39c7784b,test,fractured,E:\projects\project-fracture-classification\dataset\Bone_Fracture_Dataset\test\fractured\8-rotated1-rotated3-rotated1.jpg
8c3366cc39c7784b,train,fractured,E:\projects\project-fracture-classification\dataset\Bone_Fracture_Dataset\train\fractured\8-rotated2-rotated1-rotated3 (1).jpg
8c3366cc39c7784b,train,fractured,E:\projects\project-fracture-classification\dataset\Bone_Fracture_Dataset\train\fractured\8-rotated2-rotated1-rotated3 - Copy (1).jpg
8c3366cc39c7784b,train,fractured,E:\projects\project-fracture-classification\dataset\Bone_Fracture_Dataset\train\fractured\8-rotated2-rotated1-rotated3 - Copy.jpg
8c3366cc39c7784b,train,fractured,E:\projects\project-fracture-classification\dataset\Bone_Fracture_Dataset\train\fractured\8-rotated2-rotated1-rotated3.jpg
8c3366cc39c7784b,train,fractured,E:\projects\project-fracture-classification\dataset\Bone_Fracture_Dataset\train\fractured\8-rotated2-rotated3-rotated1 (1).jpg
8c3366cc39c7784b,train,fractured,E:\projects\project-fracture-classification\dataset\Bone_Fracture_Dataset\train\fractured\8-rotated2-rotated3-rotated1 - Copy (1).jpg
8c3366cc39c7784b,train,fractured,E:\projects\project-fracture-classification\dataset\Bone_Fracture_Dataset\train\fractured\8-rotated2-rotated3-rotated1 - Copy.jpg
8c3366cc39c7784b,train,fractured,E:\projects\project-fracture-classification\dataset\Bone_Fracture_Dataset\train\fractured\8-rotated2-rotated3-rotated1.jpg
8c3366cc39c7784b,val,fractured,E:\projects\project-fracture-classification\dataset\Bone_Fracture_Dataset\val\fractured\8-rotated2-rotated3-rotated1.jpg
993356dc13cc33ca,test,fractured,E:\projects\project-fracture-classification\dataset\Bone_Fracture_Dataset\test\fractured\8-rotated2-rotated1-rotated2 - Copy.jpg
993356dc13cc33ca,train,fractured,E:\projects\project-fracture-classification\dataset\Bone_Fracture_Dataset\train\fractured\8-rotated2-rotated1-rotated2 (1).jpg
993356dc13cc33ca,train,fractured,E:\projects\project-fracture-classification\dataset\Bone_Fracture_Dataset\train\fractured\8-rotated2-rotated1-rotated2.jpg
9964669b4e992799,test,fractured,E:\projects\project-fracture-classification\dataset\Bone_Fracture_Dataset\test\fractured\8-rotated2-rotated2-rotated3.jpg
9964669b4e992799,train,fractured,E:\projects\project-fracture-classification\dataset\Bone_Fracture_Dataset\train\fractured\8-rotated1-rotated2 (1).jpg
9964669b4e992799,train,fractured,E:\projects\project-fracture-classification\dataset\Bone_Fracture_Dataset\train\fractured\8-rotated1-rotated2.jpg
9964669b4e992799,train,fractured,E:\projects\project-fracture-classification\dataset\Bone_Fracture_Dataset\train\fractured\8-rotated2-rotated2-rotated3 - Copy (1).jpg
9964669b4e992799,train,fractured,E:\projects\project-fracture-classification\dataset\Bone_Fracture_Dataset\train\fractured\8-rotated2-rotated2-rotated3 - Copy.jpg
9964669b4e992799,train,fractured,E:\projects\project-fracture-classification\dataset\Bone_Fracture_Dataset\train\fractured\8-rotated2-rotated3 (1).jpg
9964669b4e992799,train,fractured,E:\projects\project-fracture-classification\dataset\Bone_Fracture_Dataset\train\fractured\8-rotated2-rotated3 - Copy (1).jpg
9964669b4e992799,train,fractured,E:\projects\project-fracture-classification\dataset\Bone_Fracture_Dataset\train\fractured\8-rotated2-rotated3 - Copy.jpg
9964669b4e992799,train,fractured,E:\projects\project-fracture-classification\dataset\Bone_Fracture_Dataset\train\fractured\8-rotated2-rotated3.jpg
9964669b4f992599,test,fractured,E:\projects\project-fracture-classification\dataset\Bone_Fracture_Dataset\test\fractured\8-rotated3-rotated1 - Copy.jpg
9964669b4f992599,train,fractured,E:\projects\project-fracture-classification\dataset\Bone_Fracture_Dataset\train\fractured\8-rotated2-rotated1 (1).jpg
9964669b4f992599,train,fractured,E:\projects\project-fracture-classification\dataset\Bone_Fracture_Dataset\train\fractured\8-rotated2-rotated1 - Copy (1).jpg
9964669b4f992599,train,fractured,E:\projects\project-fracture-classification\dataset\Bone_Fracture_Dataset\train\fractured\8-rotated2-rotated1 - Copy.jpg
9964669b4f992599,train,fractured,E:\projects\project-fracture-classification\dataset\Bone_Fracture_Dataset\train\fractured\8-rotated2-rotated1.jpg
9964669b4f992599,train,fractured,E:\projects\project-fracture-classification\dataset\Bone_Fracture_Dataset\train\fractured\8-rotated3-rotated1 (1).jpg
9964669b4f992599,train,fractured,E:\projects\project-fracture-classification\dataset\Bone_Fracture_Dataset\train\fractured\8-rotated3-rotated1.jpg
9964669b4f992599,val,fractured,E:\projects\project-fracture-classification\dataset\Bone_Fracture_Dataset\val\fractured\8-rotated2-rotated1.jpg
996c669b4c9a6c9c,test,fractured,E:\projects\project-fracture-classification\dataset\Bone_Fracture_Dataset\test\fractured\8-rotated3-rotated2-rotated1.jpg
996c669b4c9a6c9c,train,fractured,E:\projects\project-fracture-classification\dataset\Bone_Fracture_Dataset\train\fractured\8-rotated1-rotated3-rotated3 (1).jpg
996c669b4c9a6c9c,train,fractured,E:\projects\project-fracture-classification\dataset\Bone_Fracture_Dataset\train\fractured\8-rotated1-rotated3-rotated3 - Copy (1).jpg
996c669b4c9a6c9c,train,fractured,E:\projects\project-fracture-classification\dataset\Bone_Fracture_Dataset\train\fractured\8-rotated1-rotated3-rotated3 - Copy.jpg
996c669b4c9a6c9c,train,fractured,E:\projects\project-fracture-classification\dataset\Bone_Fracture_Dataset\train\fractured\8-rotated1-rotated3-rotated3.jpg
996c669b4c9a6c9c,train,fractured,E:\projects\project-fracture-classification\dataset\Bone_Fracture_Dataset\train\fractured\8-rotated3-rotated2-rotated1 - Copy (1).jpg
996c669b4c9a6c9c,train,fractured,E:\projects\project-fracture-classification\dataset\Bone_Fracture_Dataset\train\fractured\8-rotated3-rotated2-rotated1 - Copy.jpg
996c669b4c9a6c9c,train,fractured,E:\projects\project-fracture-classification\dataset\Bone_Fracture_Dataset\train\fractured\8-rotated3-rotated3 (1).jpg
996c669b4c9a6c9c,train,fractured,E:\projects\project-fracture-classification\dataset\Bone_Fracture_Dataset\train\fractured\8-rotated3-rotated3.jpg
996c669b4c9a6c9c,val,fractured,E:\projects\project-fracture-classification\dataset\Bone_Fracture_Dataset\val\fractured\8-rotated1-rotated3-rotated3.jpg
996c669b4c9a6c9c,val,fractured,E:\projects\project-fracture-classification\dataset\Bone_Fracture_Dataset\val\fractured\8-rotated3-rotated3.jpg
8d3176cc19437acb,test,fractured,E:\projects\project-fracture-classification\dataset\Bone_Fracture_Dataset\test\fractured\8-rotated3-rotated3-rotated3 - Copy.jpg
8d3176cc19437acb,train,fractured,E:\projects\project-fracture-classification\dataset\Bone_Fracture_Dataset\train\fractured\8-rotated3-rotated3-rotated3 (1).jpg
8d3176cc19437acb,train,fractured,E:\projects\project-fracture-classification\dataset\Bone_Fracture_Dataset\train\fractured\8-rotated3-rotated3-rotated3.jpg
c96733383e9c0e1e,test,fractured,E:\projects\project-fracture-classification\dataset\Bone_Fracture_Dataset\test\fractured\80-rotated1-rotated1-rotated3.jpg
c96733383e9c0e1e,train,fractured,E:\projects\project-fracture-classification\dataset\Bone_Fracture_Dataset\train\fractured\80-rotated2 (1).jpg
c96733383e9c0e1e,train,fractured,E:\projects\project-fracture-classification\dataset\Bone_Fracture_Dataset\train\fractured\80-rotated2 - Copy (1).jpg
c96733383e9c0e1e,train,fractured,E:\projects\project-fracture-classification\dataset\Bone_Fracture_Dataset\train\fractured\80-rotated2 - Copy.jpg
c96733383e9c0e1e,train,fractured,E:\projects\project-fracture-classification\dataset\Bone_Fracture_Dataset\train\fractured\80-rotated2.jpg
cc8c0666721b1bfe,test,fractured,E:\projects\project-fracture-classification\dataset\Bone_Fracture_Dataset\test\fractured\80-rotated1-rotated3-rotated1 - Copy.jpg
cc8c0666721b1bfe,train,fractured,E:\projects\project-fracture-classification\dataset\Bone_Fracture_Dataset\train\fractured\80-rotated1 (1).jpg
cc8c0666721b1bfe,train,fractured,E:\projects\project-fracture-classification\dataset\Bone_Fracture_Dataset\train\fractured\80-rotated1 - Copy (1).jpg
cc8c0666721b1bfe,train,fractured,E:\projects\project-fracture-classification\dataset\Bone_Fracture_Dataset\train\fractured\80-rotated1 - Copy.jpg
cc8c0666721b1bfe,train,fractured,E:\projects\project-fracture-classification\dataset\Bone_Fracture_Dataset\train\fractured\80-rotated1-rotated3-rotated1 (1).jpg
cc8c0666721b1bfe,train,fractured,E:\projects\project-fracture-classification\dataset\Bone_Fracture_Dataset\train\fractured\80-rotated1-rotated3-rotated1.jpg
cc8c0666721b1bfe,train,fractured,E:\projects\project-fracture-classification\dataset\Bone_Fracture_Dataset\train\fractured\80-rotated1.jpg
cc8c0666721b1bfe,train,fractured,E:\projects\project-fracture-classification\dataset\Bone_Fracture_Dataset\train\fractured\80-rotated2-rotated2 (1).jpg
cc8c0666721b1bfe,train,fractured,E:\projects\project-fracture-classification\dataset\Bone_Fracture_Dataset\train\fractured\80-rotated2-rotated2 - Copy (1).jpg
cc8c0666721b1bfe,train,fractured,E:\projects\project-fracture-classification\dataset\Bone_Fracture_Dataset\train\fractured\80-rotated2-rotated2 - Copy.jpg
cc8c0666721b1bfe,train,fractured,E:\projects\project-fracture-classification\dataset\Bone_Fracture_Dataset\train\fractured\80-rotated2-rotated2.jpg
cc8c0666721b1bfe,val,fractured,E:\projects\project-fracture-classification\dataset\Bone_Fracture_Dataset\val\fractured\80-rotated2-rotated2.jpg
ccce0676331119fe,test,fractured,E:\projects\project-fracture-classification\dataset\Bone_Fracture_Dataset\test\fractured\80-rotated2-rotated1-rotated1.jpg
ccce0676331119fe,train,fractured,E:\projects\project-fracture-classification\dataset\Bone_Fracture_Dataset\train\fractured\80-rotated2-rotated1-rotated1 - Copy (1).jpg
ccce0676331119fe,train,fractured,E:\projects\project-fracture-classification\dataset\Bone_Fracture_Dataset\train\fractured\80-rotated2-rotated1-rotated1 - Copy.jpg
ccc723723319f91c,test,fractured,E:\projects\project-fracture-classification\dataset\Bone_Fracture_Dataset\test\fractured\80-rotated2-rotated2-rotated3 - Copy.jpg
ccc723723319f91c,train,fractured,E:\projects\project-fracture-classification\dataset\Bone_Fracture_Dataset\train\fractured\80-rotated2-rotated2-rotated3 (1).jpg
ccc723723319f91c,train,fractured,E:\projects\project-fracture-classification\dataset\Bone_Fracture_Dataset\train\fractured\80-rotated2-rotated2-rotated3.jpg
ccc723763319d964,test,fractured,E:\projects\project-fracture-classification\dataset\Bone_Fracture_Dataset\test\fractured\80-rotated3-rotated2-rotated1 - Copy.jpg
ccc723763319d964,train,fractured,E:\projects\project-fracture-classification\dataset\Bone_Fracture_Dataset\train\fractured\80-rotated3-rotated2-rotated1 (1).jpg
ccc723763319d964,train,fractured,E:\projects\project-fracture-classification\dataset\Bone_Fracture_Dataset\train\fractured\80-rotated3-rotated2-rotated1.jpg
c06c33391e874fe6,test,fractured,E:\projects\project-fracture-classification\dataset\Bone_Fracture_Dataset\test\fractured\80-rotated3-rotated3-rotated2.jpg
c06c33391e874fe6,train,fractured,E:\projects\project-fracture-classification\dataset\Bone_Fracture_Dataset\train\fractured\80-rotated3-rotated3-rotated2 - Copy (1).jpg
c06c33391e874fe6,train,fractured,E:\projects\project-fracture-classification\dataset\Bone_Fracture_Dataset\train\fractured\80-rotated3-rotated3-rotated2 - Copy.jpg
c06c333d0f87ccf2,test,fractured,E:\projects\project-fracture-classification\dataset\Bone_Fracture_Dataset\test\fractured\80-rotated3.jpg
c06c333d0f87ccf2,train,fractured,E:\projects\project-fracture-classification\dataset\Bone_Fracture_Dataset\train\fractured\80-rotated3 - Copy (1).jpg
c06c333d0f87ccf2,train,fractured,E:\projects\project-fracture-classification\dataset\Bone_Fracture_Dataset\train\fractured\80-rotated3 - Copy.jpg
9c339376069cdd13,test,fractured,E:\projects\project-fracture-classification\dataset\Bone_Fracture_Dataset\test\fractured\81-rotated1-rotated1-rotated2 - Copy.jpg
9c339376069cdd13,train,fractured,E:\projects\project-fracture-classification\dataset\Bone_Fracture_Dataset\train\fractured\81-rotated1-rotated1-rotated2 (1).jpg
9c339376069cdd13,train,fractured,E:\projects\project-fracture-classification\dataset\Bone_Fracture_Dataset\train\fractured\81-rotated1-rotated1-rotated2.jpg
87b8236e5cd31555,test,fractured,E:\projects\project-fracture-classification\dataset\Bone_Fracture_Dataset\test\fractured\81-rotated1-rotated2-rotated3.jpg
87b8236e5cd31555,train,fractured,E:\projects\project-fracture-classification\dataset\Bone_Fracture_Dataset\train\fractured\81-rotated1-rotated2-rotated3 - Copy (1).jpg
87b8236e5cd31555,train,fractured,E:\projects\project-fracture-classification\dataset\Bone_Fracture_Dataset\train\fractured\81-rotated1-rotated2-rotated3 - Copy.jpg
87b8236e5cd31555,val,fractured,E:\projects\project-fracture-classification\dataset\Bone_Fracture_Dataset\val\fractured\81-rotated1-rotated2-rotated3.jpg
c01f70471ef9ab68,test,fractured,E:\projects\project-fracture-classification\dataset\Bone_Fracture_Dataset\test\fractured\81-rotated2-rotated2-rotated2 - Copy.jpg
c01f70471ef9ab68,train,fractured,E:\projects\project-fracture-classification\dataset\Bone_Fracture_Dataset\train\fractured\81-rotated2-rotated2-rotated2 (1).jpg
c01f70471ef9ab68,train,fractured,E:\projects\project-fracture-classification\dataset\Bone_Fracture_Dataset\train\fractured\81-rotated2-rotated2-rotated2.jpg
dc339276068cfd13,test,fractured,E:\projects\project-fracture-classification\dataset\Bone_Fracture_Dataset\test\fractured\81-rotated2-rotated3-rotated3.jpg
dc339276068cfd13,train,fractured,E:\projects\project-fracture-classification\dataset\Bone_Fracture_Dataset\train\fractured\81-rotated2-rotated3-rotated3 - Copy (1).jpg
dc339276068cfd13,train,fractured,E:\projects\project-fracture-classification\dataset\Bone_Fracture_Dataset\train\fractured\81-rotated2-rotated3-rotated3 - Copy.jpg
cc31276c6d495a6b,test,fractured,E:\projects\project-fracture-classification\dataset\Bone_Fracture_Dataset\test\fractured\81-rotated3-rotated2 - Copy.jpg
cc31276c6d495a6b,train,fractured,E:\projects\project-fracture-classification\dataset\Bone_Fracture_Dataset\train\fractured\81-rotated3-rotated2 (1).jpg
cc31276c6d495a6b,train,fractured,E:\projects\project-fracture-classification\dataset\Bone_Fracture_Dataset\train\fractured\81-rotated3-rotated2.jpg
c01f70650fb9eb64,test,fractured,E:\projects\project-fracture-classification\dataset\Bone_Fracture_Dataset\test\fractured\81-rotated3-rotated3-rotated1.jpg
c01f70650fb9eb64,train,fractured,E:\projects\project-fracture-classification\dataset\Bone_Fracture_Dataset\train\fractured\81-rotated3-rotated3-rotated1 - Copy (1).jpg
c01f70650fb9eb64,train,fractured,E:\projects\project-fracture-classification\dataset\Bone_Fracture_Dataset\train\fractured\81-rotated3-rotated3-rotated1 - Copy.jpg
991454ac4da34bbf,test,fractured,E:\projects\project-fracture-classification\dataset\Bone_Fracture_Dataset\test\fractured\82-rotated1-rotated1-rotated1 - Copy.jpg
991454ac4da34bbf,train,fractured,E:\projects\project-fracture-classification\dataset\Bone_Fracture_Dataset\train\fractured\82-rotated1-rotated1-rotated1 (1).jpg
991454ac4da34bbf,train,fractured,E:\projects\project-fracture-classification\dataset\Bone_Fracture_Dataset\train\fractured\82-rotated1-rotated1-rotated1.jpg
847852ed9aa44fd6,test,fractured,E:\projects\project-fracture-classification\dataset\Bone_Fracture_Dataset\test\fractured\82-rotated1-rotated2-rotated2.jpg
847852ed9aa44fd6,train,fractured,E:\projects\project-fracture-classification\dataset\Bone_Fracture_Dataset\train\fractured\82-rotated1-rotated2-rotated2 - Copy (1).jpg
847852ed9aa44fd6,train,fractured,E:\projects\project-fracture-classification\dataset\Bone_Fracture_Dataset\train\fractured\82-rotated1-rotated2-rotated2 - Copy.jpg
9c62464d5ad52dab,test,fractured,E:\projects\project-fracture-classification\dataset\Bone_Fracture_Dataset\test\fractured\82-rotated1-rotated3-rotated3.jpg
9c62464d5ad52dab,train,fractured,E:\projects\project-fracture-classification\dataset\Bone_Fracture_Dataset\train\fractured\82-rotated1-rotated3-rotated3 - Copy (1).jpg
9c62464d5ad52dab,train,fractured,E:\projects\project-fracture-classification\dataset\Bone_Fracture_Dataset\train\fractured\82-rotated1-rotated3-rotated3 - Copy.jpg
9d8e56925a692bc9,test,fractured,E:\projects\project-fracture-classification\dataset\Bone_Fracture_Dataset\test\fractured\82-rotated2-rotated1-rotated3.jpg
9d8e56925a692bc9,train,fractured,E:\projects\project-fracture-classification\dataset\Bone_Fracture_Dataset\train\fractured\82-rotated2-rotated1-rotated3 - Copy (1).jpg
9d8e56925a692bc9,train,fractured,E:\projects\project-fracture-classification\dataset\Bone_Fracture_Dataset\train\fractured\82-rotated2-rotated1-rotated3 - Copy.jpg
999556b24aa37a95,test,fractured,E:\projects\project-fracture-classification\dataset\Bone_Fracture_Dataset\test\fractured\82-rotated2-rotated3.jpg
999556b24aa37a95,train,fractured,E:\projects\project-fracture-classification\dataset\Bone_Fracture_Dataset\train\fractured\82-rotated2-rotated3 - Copy (1).jpg
999556b24aa37a95,train,fractured,E:\projects\project-fracture-classification\dataset\Bone_Fracture_Dataset\train\fractured\82-rotated2-rotated3 - Copy.jpg
9962556d5b5a5256,test,fractured,E:\projects\project-fracture-classification\dataset\Bone_Fracture_Dataset\test\fractured\82-rotated3-rotated1.jpg
9962556d5b5a5256,train,fractured,E:\projects\project-fracture-classification\dataset\Bone_Fracture_Dataset\train\fractured\82-rotated1 (1).jpg
9962556d5b5a5256,train,fractured,E:\projects\project-fracture-classification\dataset\Bone_Fracture_Dataset\train\fractured\82-rotated1 - Copy (1).jpg
9962556d5b5a5256,train,fractured,E:\projects\project-fracture-classification\dataset\Bone_Fracture_Dataset\train\fractured\82-rotated1 - Copy.jpg
9962556d5b5a5256,train,fractured,E:\projects\project-fracture-classification\dataset\Bone_Fracture_Dataset\train\fractured\82-rotated1.jpg
9962556d5b5a5256,train,fractured,E:\projects\project-fracture-classification\dataset\Bone_Fracture_Dataset\train\fractured\82-rotated3-rotated1 - Copy (1).jpg
9962556d5b5a5256,train,fractured,E:\projects\project-fracture-classification\dataset\Bone_Fracture_Dataset\train\fractured\82-rotated3-rotated1 - Copy.jpg
9d73546d4afa4a84,test,fractured,E:\projects\project-fracture-classification\dataset\Bone_Fracture_Dataset\test\fractured\82-rotated3-rotated2-rotated1.jpg
9d73546d4afa4a84,train,fractured,E:\projects\project-fracture-classification\dataset\Bone_Fracture_Dataset\train\fractured\82-rotated3-rotated2-rotated1 - Copy (1).jpg
9d73546d4afa4a84,train,fractured,E:\projects\project-fracture-classification\dataset\Bone_Fracture_Dataset\train\fractured\82-rotated3-rotated2-rotated1 - Copy.jpg
9d7344694af66985,test,fractured,E:\projects\project-fracture-classification\dataset\Bone_Fracture_Dataset\test\fractured\82-rotated3-rotated3-rotated2.jpg
9d7344694af66985,train,fractured,E:\projects\project-fracture-classification\dataset\Bone_Fracture_Dataset\train\fractured\82-rotated3-rotated3-rotated2 - Copy (1).jpg
9d7344694af66985,train,fractured,E:\projects\project-fracture-classification\dataset\Bone_Fracture_Dataset\train\fractured\82-rotated3-rotated3-rotated2 - Copy.jpg
9d7344694af66985,train,fractured,E:\projects\project-fracture-classification\dataset\Bone_Fracture_Dataset\train\fractured\82-rotated3-rotated3-rotated3 (1).jpg
9d7344694af66985,train,fractured,E:\projects\project-fracture-classification\dataset\Bone_Fracture_Dataset\train\fractured\82-rotated3-rotated3-rotated3 - Copy (1).jpg
9d7344694af66985,train,fractured,E:\projects\project-fracture-classification\dataset\Bone_Fracture_Dataset\train\fractured\82-rotated3-rotated3-rotated3 - Copy.jpg
9d7344694af66985,train,fractured,E:\projects\project-fracture-classification\dataset\Bone_Fracture_Dataset\train\fractured\82-rotated3-rotated3-rotated3.jpg
9d7344694af66985,val,fractured,E:\projects\project-fracture-classification\dataset\Bone_Fracture_Dataset\val\fractured\82-rotated3-rotated3-rotated2.jpg
9d7344694af66985,val,fractured,E:\projects\project-fracture-classification\dataset\Bone_Fracture_Dataset\val\fractured\82-rotated3-rotated3-rotated3.jpg
8c99533147ae23bb,test,fractured,E:\projects\project-fracture-classification\dataset\Bone_Fracture_Dataset\test\fractured\83-rotated1-rotated1-rotated1.jpg
8c99533147ae23bb,train,fractured,E:\projects\project-fracture-classification\dataset\Bone_Fracture_Dataset\train\fractured\83-rotated1-rotated1-rotated1 - Copy (1).jpg
8c99533147ae23bb,train,fractured,E:\projects\project-fracture-classification\dataset\Bone_Fracture_Dataset\train\fractured\83-rotated1-rotated1-rotated1 - Copy.jpg
899973662ae63e43,test,fractured,E:\projects\project-fracture-classification\dataset\Bone_Fracture_Dataset\test\fractured\83-rotated1-rotated2-rotated2.jpg
899973662ae63e43,train,fractured,E:\projects\project-fracture-classification\dataset\Bone_Fracture_Dataset\train\fractured\83-rotated1-rotated2-rotated1 (1).jpg
899973662ae63e43,train,fractured,E:\projects\project-fracture-classification\dataset\Bone_Fracture_Dataset\train\fractured\83-rotated1-rotated2-rotated1 - Copy (1).jpg
899973662ae63e43,train,fractured,E:\projects\project-fracture-classification\dataset\Bone_Fracture_Dataset\train\fractured\83-rotated1-rotated2-rotated1 - Copy.jpg
899973662ae63e43,train,fractured,E:\projects\project-fracture-classification\dataset\Bone_Fracture_Dataset\train\fractured\83-rotated1-rotated2-rotated1.jpg
899973662ae63e43,train,fractured,E:\projects\project-fracture-classification\dataset\Bone_Fracture_Dataset\train\fractured\83-rotated1-rotated2-rotated2 - Copy (1).jpg
899973662ae63e43,train,fractured,E:\projects\project-fracture-classification\dataset\Bone_Fracture_Dataset\train\fractured\83-rotated1-rotated2-rotated2 - Copy.jpg
cdc63331587a7b18,test,fractured,E:\projects\project-fracture-classification\dataset\Bone_Fracture_Dataset\test\fractured\83-rotated1-rotated3-rotated3.jpg
cdc63331587a7b18,train,fractured,E:\projects\project-fracture-classification\dataset\Bone_Fracture_Dataset\train\fractured\83-rotated1-rotated3-rotated3 - Copy (1).jpg
cdc63331587a7b18,train,fractured,E:\projects\project-fracture-classification\dataset\Bone_Fracture_Dataset\train\fractured\83-rotated1-rotated3-rotated3 - Copy.jpg
8c9953314f2c2bbb,test,fractured,E:\projects\project-fracture-classification\dataset\Bone_Fracture_Dataset\test\fractured\83-rotated2-rotated1-rotated3.jpg
8c9953314f2c2bbb,train,fractured,E:\projects\project-fracture-classification\dataset\Bone_Fracture_Dataset\train\fractured\83-rotated1-rotated2-rotated3 (1).jpg
8c9953314f2c2bbb,train,fractured,E:\projects\project-fracture-classification\dataset\Bone_Fracture_Dataset\train\fractured\83-rotated1-rotated2-rotated3 - Copy (1).jpg
8c9953314f2c2bbb,train,fractured,E:\projects\project-fracture-classification\dataset\Bone_Fracture_Dataset\train\fractured\83-rotated1-rotated2-rotated3 - Copy.jpg
8c9953314f2c2bbb,train,fractured,E:\projects\project-fracture-classification\dataset\Bone_Fracture_Dataset\train\fractured\83-rotated1-rotated2-rotated3.jpg
8c9953314f2c2bbb,train,fractured,E:\projects\project-fracture-classification\dataset\Bone_Fracture_Dataset\train\fractured\83-rotated2-rotated1-rotated2 (1).jpg
8c9953314f2c2bbb,train,fractured,E:\projects\project-fracture-classification\dataset\Bone_Fracture_Dataset\train\fractured\83-rotated2-rotated1-rotated2 - Copy (1).jpg
8c9953314f2c2bbb,train,fractured,E:\projects\project-fracture-classification\dataset\Bone_Fracture_Dataset\train\fractured\83-rotated2-rotated1-rotated2 - Copy.jpg
8c9953314f2c2bbb,train,fractured,E:\projects\project-fracture-classification\dataset\Bone_Fracture_Dataset\train\fractured\83-rotated2-rotated1-rotated2.jpg
8c9953314f2c2bbb,train,fractured,E:\projects\project-fracture-classification\dataset\Bone_Fracture_Dataset\train\fractured\83-rotated2-rotated1-rotated3 - Copy (1).jpg
8c9953314f2c2bbb,train,fractured,E:\projects\project-fracture-classification\dataset\Bone_Fracture_Dataset\train\fractured\83-rotated2-rotated1-rotated3 - Copy.jpg
8c9953314f2c2bbb,val,fractured,E:\projects\project-fracture-classification\dataset\Bone_Fracture_Dataset\val\fractured\83-rotated1-rotated2-rotated3.jpg
ccc606734e6e6a99,test,fractured,E:\projects\project-fracture-classification\dataset\Bone_Fracture_Dataset\test\fractured\83-rotated2-rotated3.jpg
ccc606734e6e6a99,train,fractured,E:\projects\project-fracture-classification\dataset\Bone_Fracture_Dataset\train\fractured\83-rotated2-rotated3 - Copy (1).jpg
ccc606734e6e6a99,train,fractured,E:\projects\project-fracture-classification\dataset\Bone_Fracture_Dataset\train\fractured\83-rotated2-rotated3 - Copy.jpg
8999736628e63657,test,fractured,E:\projects\project-fracture-classification\dataset\Bone_Fracture_Dataset\test\fractured\83-rotated3-rotated1.jpg
8999736628e63657,train,fractured,E:\projects\project-fracture-classification\dataset\Bone_Fracture_Dataset\train\fractured\83-rotated3-rotated1 - Copy (1).jpg
8999736628e63657,train,fractured,E:\projects\project-fracture-classification\dataset\Bone_Fracture_Dataset\train\fractured\83-rotated3-rotated1 - Copy.jpg
9582636dd891b3e6,test,fractured,E:\projects\project-fracture-classification\dataset\Bone_Fracture_Dataset\test\fractured\83-rotated3-rotated2-rotated1.jpg
9582636dd891b3e6,train,fractured,E:\projects\project-fracture-classification\dataset\Bone_Fracture_Dataset\train\fractured\83-rotated2-rotated3-rotated3 (1).jpg
9582636dd891b3e6,train,fractured,E:\projects\project-fracture-classification\dataset\Bone_Fracture_Dataset\train\fractured\83-rotated2-rotated3-rotated3 - Copy (1).jpg
9582636dd891b3e6,train,fractured,E:\projects\project-fracture-classification\dataset\Bone_Fracture_Dataset\train\fractured\83-rotated2-rotated3-rotated3 - Copy.jpg
9582636dd891b3e6,train,fractured,E:\projects\project-fracture-classification\dataset\Bone_Fracture_Dataset\train\fractured\83-rotated2-rotated3-rotated3.jpg
9582636dd891b3e6,train,fractured,E:\projects\project-fracture-classification\dataset\Bone_Fracture_Dataset\train\fractured\83-rotated3-rotated2-rotated1 - Copy (1).jpg
9582636dd891b3e6,train,fractured,E:\projects\project-fracture-classification\dataset\Bone_Fracture_Dataset\train\fractured\83-rotated3-rotated2-rotated1 - Copy.jpg
959577684a5af216,test,fractured,E:\projects\project-fracture-classification\dataset\Bone_Fracture_Dataset\test\fractured\83-rotated3-rotated3-rotated2.jpg
959577684a5af216,train,fractured,E:\projects\project-fracture-classification\dataset\Bone_Fracture_Dataset\train\fractured\83-rotated3-rotated3-rotated2 - Copy (1).jpg
959577684a5af216,train,fractured,E:\projects\project-fracture-classification\dataset\Bone_Fracture_Dataset\train\fractured\83-rotated3-rotated3-rotated2 - Copy.jpg
9133664e1ee42fca,test,fractured,E:\projects\project-fracture-classification\dataset\Bone_Fracture_Dataset\test\fractured\84-rotated1-rotated1-rotated1.jpg
9133664e1ee42fca,train,fractured,E:\projects\project-fracture-classification\dataset\Bone_Fracture_Dataset\train\fractured\84-rotated1-rotated1-rotated1 - Copy (1).jpg
9133664e1ee42fca,train,fractured,E:\projects\project-fracture-classification\dataset\Bone_Fracture_Dataset\train\fractured\84-rotated1-rotated1-rotated1 - Copy.jpg
9133664e1ee42fca,train,fractured,E:\projects\project-fracture-classification\dataset\Bone_Fracture_Dataset\train\fractured\84-rotated2-rotated3-rotated1 (1).jpg
9133664e1ee42fca,train,fractured,E:\projects\project-fracture-classification\dataset\Bone_Fracture_Dataset\train\fractured\84-rotated2-rotated3-rotated1 - Copy (1).jpg
9133664e1ee42fca,train,fractured,E:\projects\project-fracture-classification\dataset\Bone_Fracture_Dataset\train\fractured\84-rotated2-rotated3-rotated1 - Copy.jpg
9133664e1ee42fca,train,fractured,E:\projects\project-fracture-classification\dataset\Bone_Fracture_Dataset\train\fractured\84-rotated2-rotated3-rotated1.jpg
9931674a5a4734af,test,fractured,E:\projects\project-fracture-classification\dataset\Bone_Fracture_Dataset\test\fractured\84-rotated1-rotated2-rotated2.jpg
9931674a5a4734af,train,fractured,E:\projects\project-fracture-classification\dataset\Bone_Fracture_Dataset\train\fractured\84-rotated1-rotated2-rotated2 - Copy (1).jpg
9931674a5a4734af,train,fractured,E:\projects\project-fracture-classification\dataset\Bone_Fracture_Dataset\train\fractured\84-rotated1-rotated2-rotated2 - Copy.jpg
98b4666b4b7a6a92,test,fractured,E:\projects\project-fracture-classification\dataset\Bone_Fracture_Dataset\test\fractured\84-rotated1-rotated3-rotated3.jpg
98b4666b4b7a6a92,train,fractured,E:\projects\project-fracture-classification\dataset\Bone_Fracture_Dataset\train\fractured\84-rotated1-rotated3-rotated3 - Copy (1).jpg
98b4666b4b7a6a92,train,fractured,E:\projects\project-fracture-classification\dataset\Bone_Fracture_Dataset\train\fractured\84-rotated1-rotated3-rotated3 - Copy.jpg
9931664a5ac53fe8,test,fractured,E:\projects\project-fracture-classification\dataset\Bone_Fracture_Dataset\test\fractured\84-rotated2-rotated1-rotated3.jpg
9931664a5ac53fe8,train,fractured,E:\projects\project-fracture-classification\dataset\Bone_Fracture_Dataset\train\fractured\84-rotated2-rotated1-rotated2 (1).jpg
9931664a5ac53fe8,train,fractured,E:\projects\project-fracture-classification\dataset\Bone_Fracture_Dataset\train\fractured\84-rotated2-rotated1-rotated2 - Copy (1).jpg
9931664a5ac53fe8,train,fractured,E:\projects\project-fracture-classification\dataset\Bone_Fracture_Dataset\train\fractured\84-rotated2-rotated1-rotated2 - Copy.jpg
9931664a5ac53fe8,train,fractured,E:\projects\project-fracture-classification\dataset\Bone_Fracture_Dataset\train\fractured\84-rotated2-rotated1-rotated2.jpg
9931664a5ac53fe8,train,fractured,E:\projects\project-fracture-classification\dataset\Bone_Fracture_Dataset\train\fractured\84-rotated2-rotated1-rotated3 - Copy (1).jpg
9931664a5ac53fe8,train,fractured,E:\projects\project-fracture-classification\dataset\Bone_Fracture_Dataset\train\fractured\84-rotated2-rotated1-rotated3 - Copy.jpg
9931664a5ac53fe8,train,fractured,E:\projects\project-fracture-classification\dataset\Bone_Fracture_Dataset\train\fractured\84-rotated2-rotated2-rotated1 (1).jpg
9931664a5ac53fe8,train,fractured,E:\projects\project-fracture-classification\dataset\Bone_Fracture_Dataset\train\fractured\84-rotated2-rotated2-rotated1 - Copy (1).jpg
9931664a5ac53fe8,train,fractured,E:\projects\project-fracture-classification\dataset\Bone_Fracture_Dataset\train\fractured\84-rotated2-rotated2-rotated1 - Copy.jpg
9931664a5ac53fe8,train,fractured,E:\projects\project-fracture-classification\dataset\Bone_Fracture_Dataset\train\fractured\84-rotated2-rotated2-rotated1.jpg
9933664e58e42fe8,test,fractured,E:\projects\project-fracture-classification\dataset\Bone_Fracture_Dataset\test\fractured\84-rotated2-rotated3.jpg
9933664e58e42fe8,train,fractured,E:\projects\project-fracture-classification\dataset\Bone_Fracture_Dataset\train\fractured\84-rotated2-rotated3 - Copy (1).jpg
9933664e58e42fe8,train,fractured,E:\projects\project-fracture-classification\dataset\Bone_Fracture_Dataset\train\fractured\84-rotated2-rotated3 - Copy.jpg
99b467694b5a7292,test,fractured,E:\projects\project-fracture-classification\dataset\Bone_Fracture_Dataset\test\fractured\84-rotated3-rotated1.jpg
99b467694b5a7292,train,fractured,E:\projects\project-fracture-classification\dataset\Bone_Fracture_Dataset\train\fractured\84-rotated3-rotated1 - Copy (1).jpg
99b467694b5a7292,train,fractured,E:\projects\project-fracture-classification\dataset\Bone_Fracture_Dataset\train\fractured\84-rotated3-rotated1 - Copy.jpg
9931674e520735af,test,fractured,E:\projects\project-fracture-classification\dataset\Bone_Fracture_Dataset\test\fractured\84-rotated3-rotated2-rotated1.jpg
9931674e520735af,train,fractured,E:\projects\project-fracture-classification\dataset\Bone_Fracture_Dataset\train\fractured\84-rotated1-rotated1 (1).jpg
9931674e520735af,train,fractured,E:\projects\project-fracture-classification\dataset\Bone_Fracture_Dataset\train\fractured\84-rotated1-rotated1 - Copy (1).jpg
9931674e520735af,train,fractured,E:\projects\project-fracture-classification\dataset\Bone_Fracture_Dataset\train\fractured\84-rotated1-rotated1 - Copy.jpg
9931674e520735af,train,fractured,E:\projects\project-fracture-classification\dataset\Bone_Fracture_Dataset\train\fractured\84-rotated1-rotated1.jpg
9931674e520735af,train,fractured,E:\projects\project-fracture-classification\dataset\Bone_Fracture_Dataset\train\fractured\84-rotated1-rotated3-rotated1 (1).jpg
9931674e520735af,train,fractured,E:\projects\project-fracture-classification\dataset\Bone_Fracture_Dataset\train\fractured\84-rotated1-rotated3-rotated1 - Copy (1).jpg
9931674e520735af,train,fractured,E:\projects\project-fracture-classification\dataset\Bone_Fracture_Dataset\train\fractured\84-rotated1-rotated3-rotated1 - Copy.jpg
9931674e520735af,train,fractured,E:\projects\project-fracture-classification\dataset\Bone_Fracture_Dataset\train\fractured\84-rotated1-rotated3-rotated1.jpg
9931674e520735af,train,fractured,E:\projects\project-fracture-classification\dataset\Bone_Fracture_Dataset\train\fractured\84-rotated3-rotated2-rotated1 - Copy (1).jpg
9931674e520735af,train,fractured,E:\projects\project-fracture-classification\dataset\Bone_Fracture_Dataset\train\fractured\84-rotated3-rotated2-rotated1 - Copy.jpg
94176ac89a32a57f,test,fractured,E:\projects\project-fracture-classification\dataset\Bone_Fracture_Dataset\test\fractured\84-rotated3-rotated3-rotated2.jpg
94176ac89a32a57f,train,fractured,E:\projects\project-fracture-classification\dataset\Bone_Fracture_Dataset\train\fractured\84-rotated3-rotated3-rotated2 - Copy (1).jpg
94176ac89a32a57f,train,fractured,E:\projects\project-fracture-classification\dataset\Bone_Fracture_Dataset\train\fractured\84-rotated3-rotated3-rotated2 - Copy.jpg
993627656966369c,test,fractured,E:\projects\project-fracture-classification\dataset\Bone_Fracture_Dataset\test\fractured\85-rotated1-rotated1-rotated1.jpg
993627656966369c,train,fractured,E:\projects\project-fracture-classification\dataset\Bone_Fracture_Dataset\train\fractured\85-rotated1-rotated1-rotated1 - Copy (1).jpg
993627656966369c,train,fractured,E:\projects\project-fracture-classification\dataset\Bone_Fracture_Dataset\train\fractured\85-rotated1-rotated1-rotated1 - Copy.jpg
98326f6d6962369c,test,fractured,E:\projects\project-fracture-classification\dataset\Bone_Fracture_Dataset\test\fractured\85-rotated1-rotated2-rotated2.jpg
98326f6d6962369c,train,fractured,E:\projects\project-fracture-classification\dataset\Bone_Fracture_Dataset\train\fractured\85-rotated1-rotated2 (1).jpg
98326f6d6962369c,train,fractured,E:\projects\project-fracture-classification\dataset\Bone_Fracture_Dataset\train\fractured\85-rotated1-rotated2 - Copy (1).jpg
98326f6d6962369c,train,fractured,E:\projects\project-fracture-classification\dataset\Bone_Fracture_Dataset\train\fractured\85-rotated1-rotated2 - Copy.jpg
98326f6d6962369c,train,fractured,E:\projects\project-fracture-classification\dataset\Bone_Fracture_Dataset\train\fractured\85-rotated1-rotated2-rotated2 - Copy (1).jpg
98326f6d6962369c,train,fractured,E:\projects\project-fracture-classification\dataset\Bone_Fracture_Dataset\train\fractured\85-rotated1-rotated2-rotated2 - Copy.jpg
98326f6d6962369c,train,fractured,E:\projects\project-fracture-classification\dataset\Bone_Fracture_Dataset\train\fractured\85-rotated1-rotated2-rotated3 (1).jpg
98326f6d6962369c,train,fractured,E:\projects\project-fracture-classification\dataset\Bone_Fracture_Dataset\train\fractured\85-rotated1-rotated2-rotated3 - Copy (1).jpg
98326f6d6962369c,train,fractured,E:\projects\project-fracture-classification\dataset\Bone_Fracture_Dataset\train\fractured\85-rotated1-rotated2-rotated3 - Copy.jpg
98326f6d6962369c,train,fractured,E:\projects\project-fracture-classification\dataset\Bone_Fracture_Dataset\train\fractured\85-rotated1-rotated2-rotated3.jpg
98326f6d6962369c,train,fractured,E:\projects\project-fracture-classification\dataset\Bone_Fracture_Dataset\train\fractured\85-rotated1-rotated2.jpg
98326f6d6962369c,train,fractured,E:\projects\project-fracture-classification\dataset\Bone_Fracture_Dataset\train\fractured\85-rotated3-rotated2 (1).jpg
98326f6d6962369c,train,fractured,E:\projects\project-fracture-classification\dataset\Bone_Fracture_Dataset\train\fractured\85-rotated3-rotated2 - Copy (1).jpg
98326f6d6962369c,train,fractured,E:\projects\project-fracture-classification\dataset\Bone_Fracture_Dataset\train\fractured\85-rotated3-rotated2 - Copy.jpg
98326f6d6962369c,train,fractured,E:\projects\project-fracture-classification\dataset\Bone_Fracture_Dataset\train\fractured\85-rotated3-rotated2.jpg
98326f6d6962369c,val,fractured,E:\projects\project-fracture-classification\dataset\Bone_Fracture_Dataset\val\fractured\85-rotated1-rotated2-rotated3.jpg
9966376561276798,test,fractured,E:\projects\project-fracture-classification\dataset\Bone_Fracture_Dataset\test\fractured\85-rotated1-rotated3-rotated3.jpg
9966376561276798,train,fractured,E:\projects\project-fracture-classification\dataset\Bone_Fracture_Dataset\train\fractured\85-rotated1-rotated3-rotated3 - Copy (1).jpg
9966376561276798,train,fractured,E:\projects\project-fracture-classification\dataset\Bone_Fracture_Dataset\train\fractured\85-rotated1-rotated3-rotated3 - Copy.jpg
994d3632693663b6,test,fractured,E:\projects\project-fracture-classification\dataset\Bone_Fracture_Dataset\test\fractured\85-rotated2-rotated1-rotated3.jpg
994d3632693663b6,train,fractured,E:\projects\project-fracture-classification\dataset\Bone_Fracture_Dataset\train\fractured\85-rotated2-rotated1-rotated3 - Copy (1).jpg
994d3632693663b6,train,fractured,E:\projects\project-fracture-classification\dataset\Bone_Fracture_Dataset\train\fractured\85-rotated2-rotated1-rotated3 - Copy.jpg
9c33666d68e4b495,test,fractured,E:\projects\project-fracture-classification\dataset\Bone_Fracture_Dataset\test\fractured\85-rotated2-rotated3.jpg
9c33666d68e4b495,train,fractured,E:\projects\project-fracture-classification\dataset\Bone_Fracture_Dataset\train\fractured\85-rotated2-rotated1 (1).jpg
9c33666d68e4b495,train,fractured,E:\projects\project-fracture-classification\dataset\Bone_Fracture_Dataset\train\fractured\85-rotated2-rotated1 - Copy (1).jpg
9c33666d68e4b495,train,fractured,E:\projects\project-fracture-classification\dataset\Bone_Fracture_Dataset\train\fractured\85-rotated2-rotated1 - Copy.jpg
9c33666d68e4b495,train,fractured,E:\projects\project-fracture-classification\dataset\Bone_Fracture_Dataset\train\fractured\85-rotated2-rotated1.jpg
9c33666d68e4b495,train,fractured,E:\projects\project-fracture-classification\dataset\Bone_Fracture_Dataset\train\fractured\85-rotated2-rotated3 - Copy (1).jpg
9c33666d68e4b495,train,fractured,E:\projects\project-fracture-classification\dataset\Bone_Fracture_Dataset\train\fractured\85-rotated2-rotated3 - Copy.jpg
98336e6d68e4349d,test,fractured,E:\projects\project-fracture-classification\dataset\Bone_Fracture_Dataset\test\fractured\85-rotated3-rotated1.jpg
98336e6d68e4349d,train,fractured,E:\projects\project-fracture-classification\dataset\Bone_Fracture_Dataset\train\fractured\85-rotated3-rotated1 - Copy (1).jpg
98336e6d68e4349d,train,fractured,E:\projects\project-fracture-classification\dataset\Bone_Fracture_Dataset\train\fractured\85-rotated3-rotated1 - Copy.jpg
8738676c3da53cc2,test,fractured,E:\projects\project-fracture-classification\dataset\Bone_Fracture_Dataset\test\fractured\85-rotated3-rotated2-rotated1.jpg
8738676c3da53cc2,train,fractured,E:\projects\project-fracture-classification\dataset\Bone_Fracture_Dataset\train\fractured\85-rotated3-rotated2-rotated1 - Copy (1).jpg
8738676c3da53cc2,train,fractured,E:\projects\project-fracture-classification\dataset\Bone_Fracture_Dataset\train\fractured\85-rotated3-rotated2-rotated1 - Copy.jpg
98336e6d6ba43495,test,fractured,E:\projects\project-fracture-classification\dataset\Bone_Fracture_Dataset\test\fractured\85-rotated3-rotated3-rotated2.jpg
98336e6d6ba43495,train,fractured,E:\projects\project-fracture-classification\dataset\Bone_Fracture_Dataset\train\fractured\85-rotated3-rotated3-rotated2 - Copy (1).jpg
98336e6d6ba43495,train,fractured,E:\projects\project-fracture-classification\dataset\Bone_Fracture_Dataset\train\fractured\85-rotated3-rotated3-rotated2 - Copy.jpg
87b4674c58d31ee2,test,fractured,E:\projects\project-fracture-classification\dataset\Bone_Fracture_Dataset\test\fractured\86-rotated1-rotated1-rotated1.jpg
87b4674c58d31ee2,train,fractured,E:\projects\project-fracture-classification\dataset\Bone_Fracture_Dataset\train\fractured\86-rotated1-rotated1-rotated1 - Copy (1).jpg
87b4674c58d31ee2,train,fractured,E:\projects\project-fracture-classification\dataset\Bone_Fracture_Dataset\train\fractured\86-rotated1-rotated1-rotated1 - Copy.jpg
9ab3266c6de9222e,test,fractured,E:\projects\project-fracture-classification\dataset\Bone_Fracture_Dataset\test\fractured\86-rotated1-rotated2-rotated2.jpg
9ab3266c6de9222e,train,fractured,E:\projects\project-fracture-classification\dataset\Bone_Fracture_Dataset\train\fractured\86-rotated1-rotated2-rotated2 - Copy (1).jpg
9ab3266c6de9222e,train,fractured,E:\projects\project-fracture-classification\dataset\Bone_Fracture_Dataset\train\fractured\86-rotated1-rotated2-rotated2 - Copy.jpg
99939b6664643e36,test,fractured,E:\projects\project-fracture-classification\dataset\Bone_Fracture_Dataset\test\fractured\86-rotated1-rotated3-rotated3.jpg
99939b6664643e36,train,fractured,E:\projects\project-fracture-classification\dataset\Bone_Fracture_Dataset\train\fractured\86-rotated1-rotated3-rotated3 - Copy (1).jpg
99939b6664643e36,train,fractured,E:\projects\project-fracture-classification\dataset\Bone_Fracture_Dataset\train\fractured\86-rotated1-rotated3-rotated3 - Copy.jpg
99939b6664643e36,train,fractured,E:\projects\project-fracture-classification\dataset\Bone_Fracture_Dataset\train\fractured\86-rotated2-rotated3-rotated2 (1).jpg
99939b6664643e36,train,fractured,E:\projects\project-fracture-classification\dataset\Bone_Fracture_Dataset\train\fractured\86-rotated2-rotated3-rotated2 - Copy (1).jpg
99939b6664643e36,train,fractured,E:\projects\project-fracture-classification\dataset\Bone_Fracture_Dataset\train\fractured\86-rotated2-rotated3-rotated2 - Copy.jpg
99939b6664643e36,train,fractured,E:\projects\project-fracture-classification\dataset\Bone_Fracture_Dataset\train\fractured\86-rotated2-rotated3-rotated2.jpg
99939b6664643e36,train,fractured,E:\projects\project-fracture-classification\dataset\Bone_Fracture_Dataset\train\fractured\86-rotated3-rotated3 (1).jpg
99939b6664643e36,train,fractured,E:\projects\project-fracture-classification\dataset\Bone_Fracture_Dataset\train\fractured\86-rotated3-rotated3 - Copy (1).jpg
99939b6664643e36,train,fractured,E:\projects\project-fracture-classification\dataset\Bone_Fracture_Dataset\train\fractured\86-rotated3-rotated3 - Copy.jpg
99939b6664643e36,train,fractured,E:\projects\project-fracture-classification\dataset\Bone_Fracture_Dataset\train\fractured\86-rotated3-rotated3.jpg
96b2666c69cb5a43,test,fractured,E:\projects\project-fracture-classification\dataset\Bone_Fracture_Dataset\test\fractured\86-rotated2-rotated1-rotated3.jpg
96b2666c69cb5a43,train,fractured,E:\projects\project-fracture-classification\dataset\Bone_Fracture_Dataset\train\fractured\86-rotated2-rotated1-rotated3 - Copy (1).jpg
96b2666c69cb5a43,train,fractured,E:\projects\project-fracture-classification\dataset\Bone_Fracture_Dataset\train\fractured\86-rotated2-rotated1-rotated3 - Copy.jpg
99939b6464243fb3,test,fractured,E:\projects\project-fracture-classification\dataset\Bone_Fracture_Dataset\test\fractured\86-rotated2-rotated3.jpg
99939b6464243fb3,train,fractured,E:\projects\project-fracture-classification\dataset\Bone_Fracture_Dataset\train\fractured\86-rotated2-rotated1-rotated2 (1).jpg
99939b6464243fb3,train,fractured,E:\projects\project-fracture-classification\dataset\Bone_Fracture_Dataset\train\fractured\86-rotated2-rotated1-rotated2 - Copy (1).jpg
99939b6464243fb3,train,fractured,E:\projects\project-fracture-classification\dataset\Bone_Fracture_Dataset\train\fractured\86-rotated2-rotated1-rotated2 - Copy.jpg
99939b6464243fb3,train,fractured,E:\projects\project-fracture-classification\dataset\Bone_Fracture_Dataset\train\fractured\86-rotated2-rotated1-rotated2.jpg
99939b6464243fb3,train,fractured,E:\projects\project-fracture-classification\dataset\Bone_Fracture_Dataset\train\fractured\86-rotated2-rotated3 - Copy (1).jpg
99939b6464243fb3,train,fractured,E:\projects\project-fracture-classification\dataset\Bone_Fracture_Dataset\train\fractured\86-rotated2-rotated3 - Copy.jpg
99939b6464243fb3,val,fractured,E:\projects\project-fracture-classification\dataset\Bone_Fracture_Dataset\val\fractured\86-rotated2-rotated3.jpg
96b0676c49c35ae3,test,fractured,E:\projects\project-fracture-classification\dataset\Bone_Fracture_Dataset\test\fractured\86-rotated3-rotated1.jpg
96b0676c49c35ae3,train,fractured,E:\projects\project-fracture-classification\dataset\Bone_Fracture_Dataset\train\fractured\86-rotated3-rotated1 - Copy (1).jpg
96b0676c49c35ae3,train,fractured,E:\projects\project-fracture-classification\dataset\Bone_Fracture_Dataset\train\fractured\86-rotated3-rotated1 - Copy.jpg
86b4676c59c31ee2,test,fractured,E:\projects\project-fracture-classification\dataset\Bone_Fracture_Dataset\test\fractured\86-rotated3-rotated2-rotated1.jpg
86b4676c59c31ee2,train,fractured,E:\projects\project-fracture-classification\dataset\Bone_Fracture_Dataset\train\fractured\86-rotated3-rotated2 (1).jpg
86b4676c59c31ee2,train,fractured,E:\projects\project-fracture-classification\dataset\Bone_Fracture_Dataset\train\fractured\86-rotated3-rotated2 - Copy (1).jpg
86b4676c59c31ee2,train,fractured,E:\projects\project-fracture-classification\dataset\Bone_Fracture_Dataset\train\fractured\86-rotated3-rotated2 - Copy.jpg
86b4676c59c31ee2,train,fractured,E:\projects\project-fracture-classification\dataset\Bone_Fracture_Dataset\train\fractured\86-rotated3-rotated2-rotated1 - Copy (1).jpg
86b4676c59c31ee2,train,fractured,E:\projects\project-fracture-classification\dataset\Bone_Fracture_Dataset\train\fractured\86-rotated3-rotated2-rotated1 - Copy.jpg
86b4676c59c31ee2,train,fractured,E:\projects\project-fracture-classification\dataset\Bone_Fracture_Dataset\train\fractured\86-rotated3-rotated2-rotated2 (1).jpg
86b4676c59c31ee2,train,fractured,E:\projects\project-fracture-classification\dataset\Bone_Fracture_Dataset\train\fractured\86-rotated3-rotated2-rotated2 - Copy (1).jpg
86b4676c59c31ee2,train,fractured,E:\projects\project-fracture-classification\dataset\Bone_Fracture_Dataset\train\fractured\86-rotated3-rotated2-rotated2 - Copy.jpg
86b4676c59c31ee2,train,fractured,E:\projects\project-fracture-classification\dataset\Bone_Fracture_Dataset\train\fractured\86-rotated3-rotated2-rotated2.jpg
86b4676c59c31ee2,train,fractured,E:\projects\project-fracture-classification\dataset\Bone_Fracture_Dataset\train\fractured\86-rotated3-rotated2.jpg
86b4676c59c31ee2,val,fractured,E:\projects\project-fracture-classification\dataset\Bone_Fracture_Dataset\val\fractured\86-rotated3-rotated2-rotated2.jpg
85bd614b5ad217e4,test,fractured,E:\projects\project-fracture-classification\dataset\Bone_Fracture_Dataset\test\fractured\86-rotated3-rotated3-rotated2.jpg
85bd614b5ad217e4,train,fractured,E:\projects\project-fracture-classification\dataset\Bone_Fracture_Dataset\train\fractured\86-rotated3-rotated3-rotated2 - Copy (1).jpg
85bd614b5ad217e4,train,fractured,E:\projects\project-fracture-classification\dataset\Bone_Fracture_Dataset\train\fractured\86-rotated3-rotated3-rotated2 - Copy.jpg
861e61377a155ab5,test,fractured,E:\projects\project-fracture-classification\dataset\Bone_Fracture_Dataset\test\fractured\87-rotated1-rotated1-rotated1.jpg
861e61377a155ab5,train,fractured,E:\projects\project-fracture-classification\dataset\Bone_Fracture_Dataset\train\fractured\87-rotated1-rotated1-rotated1 - Copy (1).jpg
861e61377a155ab5,train,fractured,E:\projects\project-fracture-classification\dataset\Bone_Fracture_Dataset\train\fractured\87-rotated1-rotated1-rotated1 - Copy.jpg
91a20973660f7ef8,test,fractured,E:\projects\project-fracture-classification\dataset\Bone_Fracture_Dataset\test\fractured\87-rotated1-rotated2-rotated2.jpg
91a20973660f7ef8,train,fractured,E:\projects\project-fracture-classification\dataset\Bone_Fracture_Dataset\train\fractured\87-rotated1-rotated1-rotated3 (1).jpg
91a20973660f7ef8,train,fractured,E:\projects\project-fracture-classification\dataset\Bone_Fracture_Dataset\train\fractured\87-rotated1-rotated1-rotated3 - Copy (1).jpg
91a20973660f7ef8,train,fractured,E:\projects\project-fracture-classification\dataset\Bone_Fracture_Dataset\train\fractured\87-rotated1-rotated1-rotated3 - Copy.jpg
91a20973660f7ef8,train,fractured,E:\projects\project-fracture-classification\dataset\Bone_Fracture_Dataset\train\fractured\87-rotated1-rotated1-rotated3.jpg
91a20973660f7ef8,train,fractured,E:\projects\project-fracture-classification\dataset\Bone_Fracture_Dataset\train\fractured\87-rotated1-rotated2-rotated2 - Copy (1).jpg
91a20973660f7ef8,train,fractured,E:\projects\project-fracture-classification\dataset\Bone_Fracture_Dataset\train\fractured\87-rotated1-rotated2-rotated2 - Copy.jpg
91a20973660f7ef8,val,fractured,E:\projects\project-fracture-classification\dataset\Bone_Fracture_Dataset\val\fractured\87-rotated1-rotated1-rotated3.jpg
86d3582d162aeb5d,test,fractured,E:\projects\project-fracture-classification\dataset\Bone_Fracture_Dataset\test\fractured\87-rotated1-rotated3-rotated3.jpg
86d3582d162aeb5d,train,fractured,E:\projects\project-fracture-classification\dataset\Bone_Fracture_Dataset\train\fractured\87-rotated1-rotated3-rotated3 - Copy (1).jpg
86d3582d162aeb5d,train,fractured,E:\projects\project-fracture-classification\dataset\Bone_Fracture_Dataset\train\fractured\87-rotated1-rotated3-rotated3 - Copy.jpg
960e21637e521ff1,test,fractured,E:\projects\project-fracture-classification\dataset\Bone_Fracture_Dataset\test\fractured\87-rotated2-rotated1-rotated3.jpg
960e21637e521ff1,train,fractured,E:\projects\project-fracture-classification\dataset\Bone_Fracture_Dataset\train\fractured\87-rotated2-rotated1-rotated3 - Copy (1).jpg
960e21637e521ff1,train,fractured,E:\projects\project-fracture-classification\dataset\Bone_Fracture_Dataset\train\fractured\87-rotated2-rotated1-rotated3 - Copy.jpg
928c197247fff803,test,fractured,E:\projects\project-fracture-classification\dataset\Bone_Fracture_Dataset\test\fractured\87-rotated2-rotated3.jpg
928c197247fff803,train,fractured,E:\projects\project-fracture-classification\dataset\Bone_Fracture_Dataset\train\fractured\87-rotated2-rotated2-rotated1 (1).jpg
928c197247fff803,train,fractured,E:\projects\project-fracture-classification\dataset\Bone_Fracture_Dataset\train\fractured\87-rotated2-rotated2-rotated1 - Copy (1).jpg
928c197247fff803,train,fractured,E:\projects\project-fracture-classification\dataset\Bone_Fracture_Dataset\train\fractured\87-rotated2-rotated2-rotated1 - Copy.jpg
928c197247fff803,train,fractured,E:\projects\project-fracture-classification\dataset\Bone_Fracture_Dataset\train\fractured\87-rotated2-rotated2-rotated1.jpg
928c197247fff803,train,fractured,E:\projects\project-fracture-classification\dataset\Bone_Fracture_Dataset\train\fractured\87-rotated2-rotated3 - Copy (1).jpg
928c197247fff803,train,fractured,E:\projects\project-fracture-classification\dataset\Bone_Fracture_Dataset\train\fractured\87-rotated2-rotated3 - Copy.jpg
871e61367a255ab5,test,fractured,E:\projects\project-fracture-classification\dataset\Bone_Fracture_Dataset\test\fractured\87-rotated3-rotated1.jpg
871e61367a255ab5,train,fractured,E:\projects\project-fracture-classification\dataset\Bone_Fracture_Dataset\train\fractured\87-rotated3-rotated1 - Copy (1).jpg
871e61367a255ab5,train,fractured,E:\projects\project-fracture-classification\dataset\Bone_Fracture_Dataset\train\fractured\87-rotated3-rotated1 - Copy.jpg
c4d3582e1752aa7d,test,fractured,E:\projects\project-fracture-classification\dataset\Bone_Fracture_Dataset\test\fractured\87-rotated3-rotated2-rotated1.jpg
c4d3582e1752aa7d,train,fractured,E:\projects\project-fracture-classification\dataset\Bone_Fracture_Dataset\train\fractured\87-rotated3-rotated2-rotated1 - Copy (1).jpg
c4d3582e1752aa7d,train,fractured,E:\projects\project-fracture-classification\dataset\Bone_Fracture_Dataset\train\fractured\87-rotated3-rotated2-rotated1 - Copy.jpg
c1d6592e27d45aa9,test,fractured,E:\projects\project-fracture-classification\dataset\Bone_Fracture_Dataset\test\fractured\87-rotated3-rotated3-rotated2.jpg
c1d6592e27d45aa9,train,fractured,E:\projects\project-fracture-classification\dataset\Bone_Fracture_Dataset\train\fractured\87-rotated3-rotated3-rotated2 - Copy (1).jpg
c1d6592e27d45aa9,train,fractured,E:\projects\project-fracture-classification\dataset\Bone_Fracture_Dataset\train\fractured\87-rotated3-rotated3-rotated2 - Copy.jpg
c1d6592e27d45aa9,val,fractured,E:\projects\project-fracture-classification\dataset\Bone_Fracture_Dataset\val\fractured\87-rotated3-rotated3-rotated2.jpg
960c196b7bf01ee1,test,fractured,E:\projects\project-fracture-classification\dataset\Bone_Fracture_Dataset\test\fractured\88-rotated1-rotated1-rotated1.jpg
960c196b7bf01ee1,train,fractured,E:\projects\project-fracture-classification\dataset\Bone_Fracture_Dataset\train\fractured\88-rotated1-rotated1-rotated1 - Copy (1).jpg
960c196b7bf01ee1,train,fractured,E:\projects\project-fracture-classification\dataset\Bone_Fracture_Dataset\train\fractured\88-rotated1-rotated1-rotated1 - Copy.jpg
940d19637bf01fe8,test,fractured,E:\projects\project-fracture-classification\dataset\Bone_Fracture_Dataset\test\fractured\88-rotated1-rotated2-rotated2.jpg
940d19637bf01fe8,train,fractured,E:\projects\project-fracture-classification\dataset\Bone_Fracture_Dataset\train\fractured\88-rotated1-rotated2-rotated2 - Copy (1).jpg
940d19637bf01fe8,train,fractured,E:\projects\project-fracture-classification\dataset\Bone_Fracture_Dataset\train\fractured\88-rotated1-rotated2-rotated2 - Copy.jpg
865a093d78bd4ea5,test,fractured,E:\projects\project-fracture-classification\dataset\Bone_Fracture_Dataset\test\fractured\88-rotated1-rotated3-rotated3.jpg
865a093d78bd4ea5,train,fractured,E:\projects\project-fracture-classification\dataset\Bone_Fracture_Dataset\train\fractured\88-rotated1-rotated2-rotated1 (1).jpg
865a093d78bd4ea5,train,fractured,E:\projects\project-fracture-classification\dataset\Bone_Fracture_Dataset\train\fractured\88-rotated1-rotated2-rotated1 - Copy (1).jpg
865a093d78bd4ea5,train,fractured,E:\projects\project-fracture-classification\dataset\Bone_Fracture_Dataset\train\fractured\88-rotated1-rotated2-rotated1 - Copy.jpg
865a093d78bd4ea5,train,fractured,E:\projects\project-fracture-classification\dataset\Bone_Fracture_Dataset\train\fractured\88-rotated1-rotated2-rotated1.jpg
865a093d78bd4ea5,train,fractured,E:\projects\project-fracture-classification\dataset\Bone_Fracture_Dataset\train\fractured\88-rotated1-rotated3-rotated3 - Copy (1).jpg
865a093d78bd4ea5,train,fractured,E:\projects\project-fracture-classification\dataset\Bone_Fracture_Dataset\train\fractured\88-rotated1-rotated3-rotated3 - Copy.jpg
875a4b3578ad4aa5,test,fractured,E:\projects\project-fracture-classification\dataset\Bone_Fracture_Dataset\test\fractured\88-rotated2-rotated1-rotated3.jpg
875a4b3578ad4aa5,train,fractured,E:\projects\project-fracture-classification\dataset\Bone_Fracture_Dataset\train\fractured\88-rotated2-rotated1-rotated3 - Copy (1).jpg
875a4b3578ad4aa5,train,fractured,E:\projects\project-fracture-classification\dataset\Bone_Fracture_Dataset\train\fractured\88-rotated2-rotated1-rotated3 - Copy.jpg
940c19637bf01fe9,test,fractured,E:\projects\project-fracture-classification\dataset\Bone_Fracture_Dataset\test\fractured\88-rotated2-rotated3.jpg
940c19637bf01fe9,train,fractured,E:\projects\project-fracture-classification\dataset\Bone_Fracture_Dataset\train\fractured\88-rotated2-rotated3 - Copy (1).jpg
940c19637bf01fe9,train,fractured,E:\projects\project-fracture-classification\dataset\Bone_Fracture_Dataset\train\fractured\88-rotated2-rotated3 - Copy.jpg
940d19631ff25ee8,test,fractured,E:\projects\project-fracture-classification\dataset\Bone_Fracture_Dataset\test\fractured\88-rotated3-rotated1.jpg
940d19631ff25ee8,train,fractured,E:\projects\project-fracture-classification\dataset\Bone_Fracture_Dataset\train\fractured\88-rotated2-rotated1-rotated1 (1).jpg
940d19631ff25ee8,train,fractured,E:\projects\project-fracture-classification\dataset\Bone_Fracture_Dataset\train\fractured\88-rotated2-rotated1-rotated1 - Copy (1).jpg
940d19631ff25ee8,train,fractured,E:\projects\project-fracture-classification\dataset\Bone_Fracture_Dataset\train\fractured\88-rotated2-rotated1-rotated1 - Copy.jpg
940d19631ff25ee8,train,fractured,E:\projects\project-fracture-classification\dataset\Bone_Fracture_Dataset\train\fractured\88-rotated2-rotated1-rotated1.jpg
940d19631ff25ee8,train,fractured,E:\projects\project-fracture-classification\dataset\Bone_Fracture_Dataset\train\fractured\88-rotated3-rotated1 - Copy (1).jpg
940d19631ff25ee8,train,fractured,E:\projects\project-fracture-classification\dataset\Bone_Fracture_Dataset\train\fractured\88-rotated3-rotated1 - Copy.jpg
80e4586e27f5723b,test,fractured,E:\projects\project-fracture-classification\dataset\Bone_Fracture_Dataset\test\fractured\88-rotated3-rotated2-rotated1.jpg
80e4586e27f5723b,train,fractured,E:\projects\project-fracture-classification\dataset\Bone_Fracture_Dataset\train\fractured\88-rotated3-rotated2-rotated1 - Copy (1).jpg
80e4586e27f5723b,train,fractured,E:\projects\project-fracture-classification\dataset\Bone_Fracture_Dataset\train\fractured\88-rotated3-rotated2-rotated1 - Copy.jpg
c7e9164b62b83c96,test,fractured,E:\projects\project-fracture-classification\dataset\Bone_Fracture_Dataset\test\fractured\88-rotated3-rotated3-rotated2.jpg
c7e9164b62b83c96,train,fractured,E:\projects\project-fracture-classification\dataset\Bone_Fracture_Dataset\train\fractured\88-rotated3-rotated3-rotated2 - Copy (1).jpg
c7e9164b62b83c96,train,fractured,E:\projects\project-fracture-classification\dataset\Bone_Fracture_Dataset\train\fractured\88-rotated3-rotated3-rotated2 - Copy.jpg
d4cc26934b361d5e,test,fractured,E:\projects\project-fracture-classification\dataset\Bone_Fracture_Dataset\test\fractured\89-rotated1-rotated1-rotated1.jpg
d4cc26934b361d5e,train,fractured,E:\projects\project-fracture-classification\dataset\Bone_Fracture_Dataset\train\fractured\89-rotated1-rotated1-rotated1 - Copy (1).jpg
d4cc26934b361d5e,train,fractured,E:\projects\project-fracture-classification\dataset\Bone_Fracture_Dataset\train\fractured\89-rotated1-rotated1-rotated1 - Copy.jpg
d4cc26934b361d5e,val,fractured,E:\projects\project-fracture-classification\dataset\Bone_Fracture_Dataset\val\fractured\89-rotated1-rotated1-rotated1.jpg
c1ed37904ab52d1b,test,fractured,E:\projects\project-fracture-classification\dataset\Bone_Fracture_Dataset\test\fractured\89-rotated1-rotated2-rotated2.jpg
c1ed37904ab52d1b,train,fractured,E:\projects\project-fracture-classification\dataset\Bone_Fracture_Dataset\train\fractured\89-rotated1-rotated2-rotated2 - Copy (1).jpg
c1ed37904ab52d1b,train,fractured,E:\projects\project-fracture-classification\dataset\Bone_Fracture_Dataset\train\fractured\89-rotated1-rotated2-rotated2 - Copy.jpg
c9c7331e2f9268d8,test,fractured,E:\projects\project-fracture-classification\dataset\Bone_Fracture_Dataset\test\fractured\89-rotated1-rotated3-rotated3.jpg
c9c7331e2f9268d8,train,fractured,E:\projects\project-fracture-classification\dataset\Bone_Fracture_Dataset\train\fractured\89-rotated1-rotated3-rotated3 - Copy (1).jpg
c9c7331e2f9268d8,train,fractured,E:\projects\project-fracture-classification\dataset\Bone_Fracture_Dataset\train\fractured\89-rotated1-rotated3-rotated3 - Copy.jpg
c1ed33986cb42c1f,test,fractured,E:\projects\project-fracture-classification\dataset\Bone_Fracture_Dataset\test\fractured\89-rotated2-rotated1-rotated3.jpg
c1ed33986cb42c1f,train,fractured,E:\projects\project-fracture-classification\dataset\Bone_Fracture_Dataset\train\fractured\89-rotated2-rotated1-rotated3 - Copy (1).jpg
c1ed33986cb42c1f,train,fractured,E:\projects\project-fracture-classification\dataset\Bone_Fracture_Dataset\train\fractured\89-rotated2-rotated1-rotated3 - Copy.jpg
c8e2125c3c5d73cb,test,fractured,E:\projects\project-fracture-classification\dataset\Bone_Fracture_Dataset\test\fractured\89-rotated2-rotated3.jpg
c8e2125c3c5d73cb,train,fractured,E:\projects\project-fracture-classification\dataset\Bone_Fracture_Dataset\train\fractured\89-rotated2-rotated3 - Copy (1).jpg
c8e2125c3c5d73cb,train,fractured,E:\projects\project-fracture-classification\dataset\Bone_Fracture_Dataset\train\fractured\89-rotated2-rotated3 - Copy.jpg
d9e7331a2f926898,test,fractured,E:\projects\project-fracture-classification\dataset\Bone_Fracture_Dataset\test\fractured\89-rotated3-rotated1.jpg
d9e7331a2f926898,train,fractured,E:\projects\project-fracture-classification\dataset\Bone_Fracture_Dataset\train\fractured\89-rotated3-rotated1 - Copy (1).jpg
d9e7331a2f926898,train,fractured,E:\projects\project-fracture-classification\dataset\Bone_Fracture_Dataset\train\fractured\89-rotated3-rotated1 - Copy.jpg
c1cd339a6eb0681f,test,fractured,E:\projects\project-fracture-classification\dataset\Bone_Fracture_Dataset\test\fractured\89-rotated3-rotated2-rotated1.jpg
c1cd339a6eb0681f,train,fractured,E:\projects\project-fracture-classification\dataset\Bone_Fracture_Dataset\train\fractured\89-rotated1-rotated1-rotated2 (1).jpg
c1cd339a6eb0681f,train,fractured,E:\projects\project-fracture-classification\dataset\Bone_Fracture_Dataset\train\fractured\89-rotated1-rotated1-rotated2 - Copy (1).jpg
c1cd339a6eb0681f,train,fractured,E:\projects\project-fracture-classification\dataset\Bone_Fracture_Dataset\train\fractured\89-rotated1-rotated1-rotated2 - Copy.jpg
c1cd339a6eb0681f,train,fractured,E:\projects\project-fracture-classification\dataset\Bone_Fracture_Dataset\train\fractured\89-rotated1-rotated1-rotated2.jpg
c1cd339a6eb0681f,train,fractured,E:\projects\project-fracture-classification\dataset\Bone_Fracture_Dataset\train\fractured\89-rotated3-rotated2-rotated1 - Copy (1).jpg
c1cd339a6eb0681f,train,fractured,E:\projects\project-fracture-classification\dataset\Bone_Fracture_Dataset\train\fractured\89-rotated3-rotated2-rotated1 - Copy.jpg
d4cc36934a371d1e,test,fractured,E:\projects\project-fracture-classification\dataset\Bone_Fracture_Dataset\test\fractured\89-rotated3-rotated3-rotated2.jpg
d4cc36934a371d1e,train,fractured,E:\projects\project-fracture-classification\dataset\Bone_Fracture_Dataset\train\fractured\89-rotated3-rotated1-rotated2 (1).jpg
d4cc36934a371d1e,train,fractured,E:\projects\project-fracture-classification\dataset\Bone_Fracture_Dataset\train\fractured\89-rotated3-rotated1-rotated2 - Copy (1).jpg
d4cc36934a371d1e,train,fractured,E:\projects\project-fracture-classification\dataset\Bone_Fracture_Dataset\train\fractured\89-rotated3-rotated1-rotated2 - Copy.jpg
d4cc36934a371d1e,train,fractured,E:\projects\project-fracture-classification\dataset\Bone_Fracture_Dataset\train\fractured\89-rotated3-rotated1-rotated2.jpg
d4cc36934a371d1e,train,fractured,E:\projects\project-fracture-classification\dataset\Bone_Fracture_Dataset\train\fractured\89-rotated3-rotated3-rotated2 - Copy (1).jpg
d4cc36934a371d1e,train,fractured,E:\projects\project-fracture-classification\dataset\Bone_Fracture_Dataset\train\fractured\89-rotated3-rotated3-rotated2 - Copy.jpg
89f7122c5c2c4e9f,test,fractured,E:\projects\project-fracture-classification\dataset\Bone_Fracture_Dataset\test\fractured\9-rotated1-rotated1-rotated2.jpg
89f7122c5c2c4e9f,train,fractured,E:\projects\project-fracture-classification\dataset\Bone_Fracture_Dataset\train\fractured\9-rotated1-rotated1-rotated2 - Copy (1).jpg
89f7122c5c2c4e9f,train,fractured,E:\projects\project-fracture-classification\dataset\Bone_Fracture_Dataset\train\fractured\9-rotated1-rotated1-rotated2 - Copy.jpg
8df7102c5c285e9f,test,fractured,E:\projects\project-fracture-classification\dataset\Bone_Fracture_Dataset\test\fractured\9-rotated1-rotated3 - Copy.jpg
8df7102c5c285e9f,train,fractured,E:\projects\project-fracture-classification\dataset\Bone_Fracture_Dataset\train\fractured\9-rotated1-rotated3 (1).jpg
8df7102c5c285e9f,train,fractured,E:\projects\project-fracture-classification\dataset\Bone_Fracture_Dataset\train\fractured\9-rotated1-rotated3.jpg
8cb2276d59da12d6,test,fractured,E:\projects\project-fracture-classification\dataset\Bone_Fracture_Dataset\test\fractured\9-rotated2-rotated1.jpg
8cb2276d59da12d6,train,fractured,E:\projects\project-fracture-classification\dataset\Bone_Fracture_Dataset\train\fractured\9-rotated2-rotated1 - Copy (1).jpg
8cb2276d59da12d6,train,fractured,E:\projects\project-fracture-classification\dataset\Bone_Fracture_Dataset\train\fractured\9-rotated2-rotated1 - Copy.jpg
8cb2276d59da12d6,val,fractured,E:\projects\project-fracture-classification\dataset\Bone_Fracture_Dataset\val\fractured\9-rotated2-rotated1.jpg
d9ed121a0f966ab4,test,fractured,E:\projects\project-fracture-classification\dataset\Bone_Fracture_Dataset\test\fractured\9-rotated2-rotated2-rotated2.jpg
d9ed121a0f966ab4,train,fractured,E:\projects\project-fracture-classification\dataset\Bone_Fracture_Dataset\train\fractured\9-rotated1-rotated3-rotated3 (1).jpg
d9ed121a0f966ab4,train,fractured,E:\projects\project-fracture-classification\dataset\Bone_Fracture_Dataset\train\fractured\9-rotated1-rotated3-rotated3 - Copy (1).jpg
d9ed121a0f966ab4,train,fractured,E:\projects\project-fracture-classification\dataset\Bone_Fracture_Dataset\train\fractured\9-rotated1-rotated3-rotated3 - Copy.jpg
d9ed121a0f966ab4,train,fractured,E:\projects\project-fracture-classification\dataset\Bone_Fracture_Dataset\train\fractured\9-rotated1-rotated3-rotated3.jpg
d9ed121a0f966ab4,train,fractured,E:\projects\project-fracture-classification\dataset\Bone_Fracture_Dataset\train\fractured\9-rotated2-rotated1-rotated3 (1).jpg
d9ed121a0f966ab4,train,fractured,E:\projects\project-fracture-classification\dataset\Bone_Fracture_Dataset\train\fractured\9-rotated2-rotated1-rotated3 - Copy (1).jpg
d9ed121a0f966ab4,train,fractured,E:\projects\project-fracture-classification\dataset\Bone_Fracture_Dataset\train\fractured\9-rotated2-rotated1-rotated3 - Copy.jpg
d9ed121a0f966ab4,train,fractured,E:\projects\project-fracture-classification\dataset\Bone_Fracture_Dataset\train\fractured\9-rotated2-rotated1-rotated3.jpg
d9ed121a0f966ab4,train,fractured,E:\projects\project-fracture-classification\dataset\Bone_Fracture_Dataset\train\fractured\9-rotated2-rotated3-rotated3 (1).jpg
d9ed121a0f966ab4,train,fractured,E:\projects\project-fracture-classification\dataset\Bone_Fracture_Dataset\train\fractured\9-rotated2-rotated3-rotated3.jpg
8cb3876d5938529e,test,fractured,E:\projects\project-fracture-classification\dataset\Bone_Fracture_Dataset\test\fractured\9-rotated3 - Copy.jpg
8cb3876d5938529e,train,fractured,E:\projects\project-fracture-classification\dataset\Bone_Fracture_Dataset\train\fractured\9-rotated3 (1).jpg
8cb3876d5938529e,train,fractured,E:\projects\project-fracture-classification\dataset\Bone_Fracture_Dataset\train\fractured\9-rotated3.jpg
89e7122c5c2c4f9f,test,fractured,E:\projects\project-fracture-classification\dataset\Bone_Fracture_Dataset\test\fractured\9-rotated3-rotated2.jpg
89e7122c5c2c4f9f,train,fractured,E:\projects\project-fracture-classification\dataset\Bone_Fracture_Dataset\train\fractured\9-rotated3-rotated2 - Copy (1).jpg
89e7122c5c2c4f9f,train,fractured,E:\projects\project-fracture-classification\dataset\Bone_Fracture_Dataset\train\fractured\9-rotated3-rotated2 - Copy.jpg
909f5ee48e386ba8,test,fractured,E:\projects\project-fracture-classification\dataset\Bone_Fracture_Dataset\test\fractured\9-rotated3-rotated3-rotated2 - Copy.jpg
909f5ee48e386ba8,train,fractured,E:\projects\project-fracture-classification\dataset\Bone_Fracture_Dataset\train\fractured\9-rotated3-rotated3-rotated2 (1).jpg
909f5ee48e386ba8,train,fractured,E:\projects\project-fracture-classification\dataset\Bone_Fracture_Dataset\train\fractured\9-rotated3-rotated3-rotated2.jpg
909f5ee48e386ba8,train,fractured,E:\projects\project-fracture-classification\dataset\Bone_Fracture_Dataset\train\fractured\9-rotated3-rotated3-rotated3 (1).jpg
909f5ee48e386ba8,train,fractured,E:\projects\project-fracture-classification\dataset\Bone_Fracture_Dataset\train\fractured\9-rotated3-rotated3-rotated3 - Copy (1).jpg
909f5ee48e386ba8,train,fractured,E:\projects\project-fracture-classification\dataset\Bone_Fracture_Dataset\train\fractured\9-rotated3-rotated3-rotated3 - Copy.jpg
909f5ee48e386ba8,train,fractured,E:\projects\project-fracture-classification\dataset\Bone_Fracture_Dataset\train\fractured\9-rotated3-rotated3-rotated3.jpg
99cc76d361736492,test,fractured,E:\projects\project-fracture-classification\dataset\Bone_Fracture_Dataset\test\fractured\90-rotated1-rotated1-rotated1.jpg
99cc76d361736492,train,fractured,E:\projects\project-fracture-classification\dataset\Bone_Fracture_Dataset\train\fractured\90-rotated1-rotated1-rotated1 - Copy (1).jpg
99cc76d361736492,train,fractured,E:\projects\project-fracture-classification\dataset\Bone_Fracture_Dataset\train\fractured\90-rotated1-rotated1-rotated1 - Copy.jpg
99cc76d361736492,train,fractured,E:\projects\project-fracture-classification\dataset\Bone_Fracture_Dataset\train\fractured\90-rotated2-rotated1 (1).jpg
99cc76d361736492,train,fractured,E:\projects\project-fracture-classification\dataset\Bone_Fracture_Dataset\train\fractured\90-rotated2-rotated1 - Copy (1).jpg
99cc76d361736492,train,fractured,E:\projects\project-fracture-classification\dataset\Bone_Fracture_Dataset\train\fractured\90-rotated2-rotated1 - Copy.jpg
99cc76d361736492,train,fractured,E:\projects\project-fracture-classification\dataset\Bone_Fracture_Dataset\train\fractured\90-rotated2-rotated1-rotated2 (1).jpg
99cc76d361736492,train,fractured,E:\projects\project-fracture-classification\dataset\Bone_Fracture_Dataset\train\fractured\90-rotated2-rotated1-rotated2 - Copy (1).jpg
99cc76d361736492,train,fractured,E:\projects\project-fracture-classification\dataset\Bone_Fracture_Dataset\train\fractured\90-rotated2-rotated1-rotated2 - Copy.jpg
99cc76d361736492,train,fractured,E:\projects\project-fracture-classification\dataset\Bone_Fracture_Dataset\train\fractured\90-rotated2-rotated1-rotated2.jpg
99cc76d361736492,train,fractured,E:\projects\project-fracture-classification\dataset\Bone_Fracture_Dataset\train\fractured\90-rotated2-rotated1.jpg
87c767b1183c2d5a,test,fractured,E:\projects\project-fracture-classification\dataset\Bone_Fracture_Dataset\test\fractured\90-rotated1-rotated2-rotated2.jpg
87c767b1183c2d5a,train,fractured,E:\projects\project-fracture-classification\dataset\Bone_Fracture_Dataset\train\fractured\90-rotated1-rotated2-rotated2 - Copy (1).jpg
87c767b1183c2d5a,train,fractured,E:\projects\project-fracture-classification\dataset\Bone_Fracture_Dataset\train\fractured\90-rotated1-rotated2-rotated2 - Copy.jpg
87c767b1183c2d5a,train,fractured,E:\projects\project-fracture-classification\dataset\Bone_Fracture_Dataset\train\fractured\90-rotated3-rotated2 (1).jpg
87c767b1183c2d5a,train,fractured,E:\projects\project-fracture-classification\dataset\Bone_Fracture_Dataset\train\fractured\90-rotated3-rotated2 - Copy (1).jpg
87c767b1183c2d5a,train,fractured,E:\projects\project-fracture-classification\dataset\Bone_Fracture_Dataset\train\fractured\90-rotated3-rotated2 - Copy.jpg
87c767b1183c2d5a,train,fractured,E:\projects\project-fracture-classification\dataset\Bone_Fracture_Dataset\train\fractured\90-rotated3-rotated2.jpg
94b3664d684a7a8f,test,fractured,E:\projects\project-fracture-classification\dataset\Bone_Fracture_Dataset\test\fractured\90-rotated1-rotated3-rotated3.jpg
94b3664d684a7a8f,train,fractured,E:\projects\project-fracture-classification\dataset\Bone_Fracture_Dataset\train\fractured\90-rotated1-rotated3-rotated3 - Copy (1).jpg
94b3664d684a7a8f,train,fractured,E:\projects\project-fracture-classification\dataset\Bone_Fracture_Dataset\train\fractured\90-rotated1-rotated3-rotated3 - Copy.jpg
9ccc669269356b93,test,fractured,E:\projects\project-fracture-classification\dataset\Bone_Fracture_Dataset\test\fractured\90-rotated2-rotated1-rotated3.jpg
9ccc669269356b93,train,fractured,E:\projects\project-fracture-classification\dataset\Bone_Fracture_Dataset\train\fractured\90-rotated2-rotated1-rotated3 - Copy (1).jpg
9ccc669269356b93,train,fractured,E:\projects\project-fracture-classification\dataset\Bone_Fracture_Dataset\train\fractured\90-rotated2-rotated1-rotated3 - Copy.jpg
99b2566c6c6d68cc,test,fractured,E:\projects\project-fracture-classification\dataset\Bone_Fracture_Dataset\test\fractured\90-rotated2-rotated3.jpg
99b2566c6c6d68cc,train,fractured,E:\projects\project-fracture-classification\dataset\Bone_Fracture_Dataset\train\fractured\90-rotated2-rotated3 - Copy (1).jpg
99b2566c6c6d68cc,train,fractured,E:\projects\project-fracture-classification\dataset\Bone_Fracture_Dataset\train\fractured\90-rotated2-rotated3 - Copy.jpg
86ce66b37935281b,test,fractured,E:\projects\project-fracture-classification\dataset\Bone_Fracture_Dataset\test\fractured\90-rotated3-rotated1.jpg
86ce66b37935281b,train,fractured,E:\projects\project-fracture-classification\dataset\Bone_Fracture_Dataset\train\fractured\90-rotated3-rotated1 - Copy (1).jpg
86ce66b37935281b,train,fractured,E:\projects\project-fracture-classification\dataset\Bone_Fracture_Dataset\train\fractured\90-rotated3-rotated1 - Copy.jpg
98cc669369326b97,test,fractured,E:\projects\project-fracture-classification\dataset\Bone_Fracture_Dataset\test\fractured\90-rotated3-rotated2-rotated1.jpg
98cc669369326b97,train,fractured,E:\projects\project-fracture-classification\dataset\Bone_Fracture_Dataset\train\fractured\90-rotated1-rotated1 (1).jpg
98cc669369326b97,train,fractured,E:\projects\project-fracture-classification\dataset\Bone_Fracture_Dataset\train\fractured\90-rotated1-rotated1 - Copy (1).jpg
98cc669369326b97,train,fractured,E:\projects\project-fracture-classification\dataset\Bone_Fracture_Dataset\train\fractured\90-rotated1-rotated1 - Copy.jpg
98cc669369326b97,train,fractured,E:\projects\project-fracture-classification\dataset\Bone_Fracture_Dataset\train\fractured\90-rotated1-rotated1.jpg
98cc669369326b97,train,fractured,E:\projects\project-fracture-classification\dataset\Bone_Fracture_Dataset\train\fractured\90-rotated3-rotated2-rotated1 - Copy (1).jpg
98cc669369326b97,train,fractured,E:\projects\project-fracture-classification\dataset\Bone_Fracture_Dataset\train\fractured\90-rotated3-rotated2-rotated1 - Copy.jpg
96ce66937935281b,test,fractured,E:\projects\project-fracture-classification\dataset\Bone_Fracture_Dataset\test\fractured\90-rotated3-rotated3-rotated2.jpg
96ce66937935281b,train,fractured,E:\projects\project-fracture-classification\dataset\Bone_Fracture_Dataset\train\fractured\90-rotated3-rotated3-rotated1 (1).jpg
96ce66937935281b,train,fractured,E:\projects\project-fracture-classification\dataset\Bone_Fracture_Dataset\train\fractured\90-rotated3-rotated3-rotated1 - Copy (1).jpg
96ce66937935281b,train,fractured,E:\projects\project-fracture-classification\dataset\Bone_Fracture_Dataset\train\fractured\90-rotated3-rotated3-rotated1 - Copy.jpg
96ce66937935281b,train,fractured,E:\projects\project-fracture-classification\dataset\Bone_Fracture_Dataset\train\fractured\90-rotated3-rotated3-rotated1.jpg
96ce66937935281b,train,fractured,E:\projects\project-fracture-classification\dataset\Bone_Fracture_Dataset\train\fractured\90-rotated3-rotated3-rotated2 - Copy (1).jpg
96ce66937935281b,train,fractured,E:\projects\project-fracture-classification\dataset\Bone_Fracture_Dataset\train\fractured\90-rotated3-rotated3-rotated2 - Copy.jpg
994d76db29b26894,test,fractured,E:\projects\project-fracture-classification\dataset\Bone_Fracture_Dataset\test\fractured\91-rotated1-rotated1-rotated1.jpg
994d76db29b26894,train,fractured,E:\projects\project-fracture-classification\dataset\Bone_Fracture_Dataset\train\fractured\91-rotated1-rotated1-rotated1 - Copy (1).jpg
994d76db29b26894,train,fractured,E:\projects\project-fracture-classification\dataset\Bone_Fracture_Dataset\train\fractured\91-rotated1-rotated1-rotated1 - Copy.jpg
994d76db29b26894,train,fractured,E:\projects\project-fracture-classification\dataset\Bone_Fracture_Dataset\train\fractured\91-rotated1-rotated1-rotated2 (1).jpg
994d76db29b26894,train,fractured,E:\projects\project-fracture-classification\dataset\Bone_Fracture_Dataset\train\fractured\91-rotated1-rotated1-rotated2 - Copy (1).jpg
994d76db29b26894,train,fractured,E:\projects\project-fracture-classification\dataset\Bone_Fracture_Dataset\train\fractured\91-rotated1-rotated1-rotated2 - Copy.jpg
994d76db29b26894,train,fractured,E:\projects\project-fracture-classification\dataset\Bone_Fracture_Dataset\train\fractured\91-rotated1-rotated1-rotated2.jpg
994d66d369b44ab4,test,fractured,E:\projects\project-fracture-classification\dataset\Bone_Fracture_Dataset\test\fractured\91-rotated1-rotated2-rotated2.jpg
994d66d369b44ab4,train,fractured,E:\projects\project-fracture-classification\dataset\Bone_Fracture_Dataset\train\fractured\91-rotated1-rotated2-rotated2 - Copy (1).jpg
994d66d369b44ab4,train,fractured,E:\projects\project-fracture-classification\dataset\Bone_Fracture_Dataset\train\fractured\91-rotated1-rotated2-rotated2 - Copy.jpg
85c667b75a4daa50,test,fractured,E:\projects\project-fracture-classification\dataset\Bone_Fracture_Dataset\test\fractured\91-rotated1-rotated3-rotated3.jpg
85c667b75a4daa50,train,fractured,E:\projects\project-fracture-classification\dataset\Bone_Fracture_Dataset\train\fractured\91-rotated1-rotated3-rotated3 - Copy (1).jpg
85c667b75a4daa50,train,fractured,E:\projects\project-fracture-classification\dataset\Bone_Fracture_Dataset\train\fractured\91-rotated1-rotated3-rotated3 - Copy.jpg
99cd669348b44bb6,test,fractured,E:\projects\project-fracture-classification\dataset\Bone_Fracture_Dataset\test\fractured\91-rotated2-rotated1-rotated3.jpg
99cd669348b44bb6,train,fractured,E:\projects\project-fracture-classification\dataset\Bone_Fracture_Dataset\train\fractured\91-rotated2-rotated1-rotated3 - Copy (1).jpg
99cd669348b44bb6,train,fractured,E:\projects\project-fracture-classification\dataset\Bone_Fracture_Dataset\train\fractured\91-rotated2-rotated1-rotated3 - Copy.jpg
99cd669348b44bb6,train,fractured,E:\projects\project-fracture-classification\dataset\Bone_Fracture_Dataset\train\fractured\91-rotated2-rotated2-rotated2 (1).jpg
99cd669348b44bb6,train,fractured,E:\projects\project-fracture-classification\dataset\Bone_Fracture_Dataset\train\fractured\91-rotated2-rotated2-rotated2 - Copy (1).jpg
99cd669348b44bb6,train,fractured,E:\projects\project-fracture-classification\dataset\Bone_Fracture_Dataset\train\fractured\91-rotated2-rotated2-rotated2 - Copy.jpg
99cd669348b44bb6,train,fractured,E:\projects\project-fracture-classification\dataset\Bone_Fracture_Dataset\train\fractured\91-rotated2-rotated2-rotated2.jpg
9b4d669369b648b4,test,fractured,E:\projects\project-fracture-classification\dataset\Bone_Fracture_Dataset\test\fractured\91-rotated2-rotated3.jpg
9b4d669369b648b4,train,fractured,E:\projects\project-fracture-classification\dataset\Bone_Fracture_Dataset\train\fractured\91-rotated2-rotated3 - Copy (1).jpg
9b4d669369b648b4,train,fractured,E:\projects\project-fracture-classification\dataset\Bone_Fracture_Dataset\train\fractured\91-rotated2-rotated3 - Copy.jpg
9b4d76db29b24894,test,fractured,E:\projects\project-fracture-classification\dataset\Bone_Fracture_Dataset\test\fractured\91-rotated3-rotated1.jpg
9b4d76db29b24894,train,fractured,E:\projects\project-fracture-classification\dataset\Bone_Fracture_Dataset\train\fractured\91-rotated3-rotated1 - Copy (1).jpg
9b4d76db29b24894,train,fractured,E:\projects\project-fracture-classification\dataset\Bone_Fracture_Dataset\train\fractured\91-rotated3-rotated1 - Copy.jpg
993654ac2b556daa,test,fractured,E:\projects\project-fracture-classification\dataset\Bone_Fracture_Dataset\test\fractured\91-rotated3-rotated2-rotated1.jpg
993654ac2b556daa,train,fractured,E:\projects\project-fracture-classification\dataset\Bone_Fracture_Dataset\train\fractured\91-rotated3-rotated2-rotated1 - Copy (1).jpg
993654ac2b556daa,train,fractured,E:\projects\project-fracture-classification\dataset\Bone_Fracture_Dataset\train\fractured\91-rotated3-rotated2-rotated1 - Copy.jpg
994c569b2bb35d14,test,fractured,E:\projects\project-fracture-classification\dataset\Bone_Fracture_Dataset\test\fractured\91-rotated3-rotated3-rotated2.jpg
994c569b2bb35d14,train,fractured,E:\projects\project-fracture-classification\dataset\Bone_Fracture_Dataset\train\fractured\91-rotated2-rotated2-rotated3 (1).jpg
994c569b2bb35d14,train,fractured,E:\projects\project-fracture-classification\dataset\Bone_Fracture_Dataset\train\fractured\91-rotated2-rotated2-rotated3 - Copy (1).jpg
994c569b2bb35d14,train,fractured,E:\projects\project-fracture-classification\dataset\Bone_Fracture_Dataset\train\fractured\91-rotated2-rotated2-rotated3 - Copy.jpg
994c569b2bb35d14,train,fractured,E:\projects\project-fracture-classification\dataset\Bone_Fracture_Dataset\train\fractured\91-rotated2-rotated2-rotated3.jpg
994c569b2bb35d14,train,fractured,E:\projects\project-fracture-classification\dataset\Bone_Fracture_Dataset\train\fractured\91-rotated3-rotated3-rotated2 - Copy (1).jpg
994c569b2bb35d14,train,fractured,E:\projects\project-fracture-classification\dataset\Bone_Fracture_Dataset\train\fractured\91-rotated3-rotated3-rotated2 - Copy.jpg
99cc57ce26b36511,test,fractured,E:\projects\project-fracture-classification\dataset\Bone_Fracture_Dataset\test\fractured\92-rotated1-rotated1-rotated1.jpg
99cc57ce26b36511,train,fractured,E:\projects\project-fracture-classification\dataset\Bone_Fracture_Dataset\train\fractured\92-rotated1 (1).jpg
99cc57ce26b36511,train,fractured,E:\projects\project-fracture-classification\dataset\Bone_Fracture_Dataset\train\fractured\92-rotated1 - Copy (1).jpg
99cc57ce26b36511,train,fractured,E:\projects\project-fracture-classification\dataset\Bone_Fracture_Dataset\train\fractured\92-rotated1 - Copy.jpg
99cc57ce26b36511,train,fractured,E:\projects\project-fracture-classification\dataset\Bone_Fracture_Dataset\train\fractured\92-rotated1-rotated1-rotated1 - Copy (1).jpg
99cc57ce26b36511,train,fractured,E:\projects\project-fracture-classification\dataset\Bone_Fracture_Dataset\train\fractured\92-rotated1-rotated1-rotated1 - Copy.jpg
99cc57ce26b36511,train,fractured,E:\projects\project-fracture-classification\dataset\Bone_Fracture_Dataset\train\fractured\92-rotated1.jpg
96b0664c58d16f6d,test,fractured,E:\projects\project-fracture-classification\dataset\Bone_Fracture_Dataset\test\fractured\92-rotated1-rotated2-rotated2.jpg
96b0664c58d16f6d,train,fractured,E:\projects\project-fracture-classification\dataset\Bone_Fracture_Dataset\train\fractured\92-rotated1-rotated2-rotated2 - Copy (1).jpg
96b0664c58d16f6d,train,fractured,E:\projects\project-fracture-classification\dataset\Bone_Fracture_Dataset\train\fractured\92-rotated1-rotated2-rotated2 - Copy.jpg
99cc56ce2eb36451,test,fractured,E:\projects\project-fracture-classification\dataset\Bone_Fracture_Dataset\test\fractured\92-rotated1-rotated3-rotated3.jpg
99cc56ce2eb36451,train,fractured,E:\projects\project-fracture-classification\dataset\Bone_Fracture_Dataset\train\fractured\92-rotated1-rotated3-rotated3 - Copy (1).jpg
99cc56ce2eb36451,train,fractured,E:\projects\project-fracture-classification\dataset\Bone_Fracture_Dataset\train\fractured\92-rotated1-rotated3-rotated3 - Copy.jpg
8ccc6693583e3d36,test,fractured,E:\projects\project-fracture-classification\dataset\Bone_Fracture_Dataset\test\fractured\92-rotated2-rotated1-rotated3.jpg
8ccc6693583e3d36,train,fractured,E:\projects\project-fracture-classification\dataset\Bone_Fracture_Dataset\train\fractured\92-rotated2-rotated1-rotated3 - Copy (1).jpg
8ccc6693583e3d36,train,fractured,E:\projects\project-fracture-classification\dataset\Bone_Fracture_Dataset\train\fractured\92-rotated2-rotated1-rotated3 - Copy.jpg
96b2364e58c37e64,test,fractured,E:\projects\project-fracture-classification\dataset\Bone_Fracture_Dataset\test\fractured\92-rotated2-rotated3.jpg
96b2364e58c37e64,train,fractured,E:\projects\project-fracture-classification\dataset\Bone_Fracture_Dataset\train\fractured\92-rotated2-rotated3 - Copy (1).jpg
96b2364e58c37e64,train,fractured,E:\projects\project-fracture-classification\dataset\Bone_Fracture_Dataset\train\fractured\92-rotated2-rotated3 - Copy.jpg
96b2364e58c37e64,train,fractured,E:\projects\project-fracture-classification\dataset\Bone_Fracture_Dataset\train\fractured\92-rotated3 (1).jpg
96b2364e58c37e64,train,fractured,E:\projects\project-fracture-classification\dataset\Bone_Fracture_Dataset\train\fractured\92-rotated3 - Copy (1).jpg
96b2364e58c37e64,train,fractured,E:\projects\project-fracture-classification\dataset\Bone_Fracture_Dataset\train\fractured\92-rotated3 - Copy.jpg
96b2364e58c37e64,train,fractured,E:\projects\project-fracture-classification\dataset\Bone_Fracture_Dataset\train\fractured\92-rotated3.jpg
84c56693583e3f36,test,fractured,E:\projects\project-fracture-classification\dataset\Bone_Fracture_Dataset\test\fractured\92-rotated3-rotated1.jpg
84c56693583e3f36,train,fractured,E:\projects\project-fracture-classification\dataset\Bone_Fracture_Dataset\train\fractured\92-rotated1-rotated3 (1).jpg
84c56693583e3f36,train,fractured,E:\projects\project-fracture-classification\dataset\Bone_Fracture_Dataset\train\fractured\92-rotated1-rotated3 - Copy (1).jpg
84c56693583e3f36,train,fractured,E:\projects\project-fracture-classification\dataset\Bone_Fracture_Dataset\train\fractured\92-rotated1-rotated3 - Copy.jpg
84c56693583e3f36,train,fractured,E:\projects\project-fracture-classification\dataset\Bone_Fracture_Dataset\train\fractured\92-rotated1-rotated3.jpg
84c56693583e3f36,train,fractured,E:\projects\project-fracture-classification\dataset\Bone_Fracture_Dataset\train\fractured\92-rotated3-rotated1 - Copy (1).jpg
84c56693583e3f36,train,fractured,E:\projects\project-fracture-classification\dataset\Bone_Fracture_Dataset\train\fractured\92-rotated3-rotated1 - Copy.jpg
c5c567131b1e2b78,test,fractured,E:\projects\project-fracture-classification\dataset\Bone_Fracture_Dataset\test\fractured\92-rotated3-rotated2-rotated1.jpg
c5c567131b1e2b78,train,fractured,E:\projects\project-fracture-classification\dataset\Bone_Fracture_Dataset\train\fractured\92-rotated3-rotated2-rotated1 - Copy (1).jpg
c5c567131b1e2b78,train,fractured,E:\projects\project-fracture-classification\dataset\Bone_Fracture_Dataset\train\fractured\92-rotated3-rotated2-rotated1 - Copy.jpg
c5c567131b1e2b78,train,fractured,E:\projects\project-fracture-classification\dataset\Bone_Fracture_Dataset\train\fractured\92-rotated3-rotated2-rotated2 (1).jpg
c5c567131b1e2b78,train,fractured,E:\projects\project-fracture-classification\dataset\Bone_Fracture_Dataset\train\fractured\92-rotated3-rotated2-rotated2 - Copy (1).jpg
c5c567131b1e2b78,train,fractured,E:\projects\project-fracture-classification\dataset\Bone_Fracture_Dataset\train\fractured\92-rotated3-rotated2-rotated2 - Copy.jpg
c5c567131b1e2b78,train,fractured,E:\projects\project-fracture-classification\dataset\Bone_Fracture_Dataset\train\fractured\92-rotated3-rotated2-rotated2.jpg
8ccc6693483e3d3e,test,fractured,E:\projects\project-fracture-classification\dataset\Bone_Fracture_Dataset\test\fractured\92-rotated3-rotated3-rotated2.jpg
8ccc6693483e3d3e,train,fractured,E:\projects\project-fracture-classification\dataset\Bone_Fracture_Dataset\train\fractured\92-rotated3-rotated1-rotated1 (1).jpg
8ccc6693483e3d3e,train,fractured,E:\projects\project-fracture-classification\dataset\Bone_Fracture_Dataset\train\fractured\92-rotated3-rotated1-rotated1 - Copy (1).jpg
8ccc6693483e3d3e,train,fractured,E:\projects\project-fracture-classification\dataset\Bone_Fracture_Dataset\train\fractured\92-rotated3-rotated1-rotated1 - Copy.jpg
8ccc6693483e3d3e,train,fractured,E:\projects\project-fracture-classification\dataset\Bone_Fracture_Dataset\train\fractured\92-rotated3-rotated1-rotated1.jpg
8ccc6693483e3d3e,train,fractured,E:\projects\project-fracture-classification\dataset\Bone_Fracture_Dataset\train\fractured\92-rotated3-rotated3 (1).jpg
8ccc6693483e3d3e,train,fractured,E:\projects\project-fracture-classification\dataset\Bone_Fracture_Dataset\train\fractured\92-rotated3-rotated3 - Copy (1).jpg
8ccc6693483e3d3e,train,fractured,E:\projects\project-fracture-classification\dataset\Bone_Fracture_Dataset\train\fractured\92-rotated3-rotated3 - Copy.jpg
8ccc6693483e3d3e,train,fractured,E:\projects\project-fracture-classification\dataset\Bone_Fracture_Dataset\train\fractured\92-rotated3-rotated3-rotated2 - Copy (1).jpg
8ccc6693483e3d3e,train,fractured,E:\projects\project-fracture-classification\dataset\Bone_Fracture_Dataset\train\fractured\92-rotated3-rotated3-rotated2 - Copy.jpg
8ccc6693483e3d3e,train,fractured,E:\projects\project-fracture-classification\dataset\Bone_Fracture_Dataset\train\fractured\92-rotated3-rotated3-rotated3 (1).jpg
8ccc6693483e3d3e,train,fractured,E:\projects\project-fracture-classification\dataset\Bone_Fracture_Dataset\train\fractured\92-rotated3-rotated3-rotated3 - Copy (1).jpg
8ccc6693483e3d3e,train,fractured,E:\projects\project-fracture-classification\dataset\Bone_Fracture_Dataset\train\fractured\92-rotated3-rotated3-rotated3 - Copy.jpg
8ccc6693483e3d3e,train,fractured,E:\projects\project-fracture-classification\dataset\Bone_Fracture_Dataset\train\fractured\92-rotated3-rotated3-rotated3.jpg
8ccc6693483e3d3e,train,fractured,E:\projects\project-fracture-classification\dataset\Bone_Fracture_Dataset\train\fractured\92-rotated3-rotated3.jpg
8ccc6693483e3d3e,val,fractured,E:\projects\project-fracture-classification\dataset\Bone_Fracture_Dataset\val\fractured\92-rotated3-rotated1-rotated1.jpg
8ccc6693483e3d3e,val,fractured,E:\projects\project-fracture-classification\dataset\Bone_Fracture_Dataset\val\fractured\92-rotated3-rotated3-rotated3.jpg
dbe5b21b1e060d36,test,fractured,E:\projects\project-fracture-classification\dataset\Bone_Fracture_Dataset\test\fractured\93-rotated1-rotated1-rotated1.jpg
dbe5b21b1e060d36,train,fractured,E:\projects\project-fracture-classification\dataset\Bone_Fracture_Dataset\train\fractured\93-rotated1-rotated1-rotated1 - Copy (1).jpg
dbe5b21b1e060d36,train,fractured,E:\projects\project-fracture-classification\dataset\Bone_Fracture_Dataset\train\fractured\93-rotated1-rotated1-rotated1 - Copy.jpg
cc9966485bd01deb,test,fractured,E:\projects\project-fracture-classification\dataset\Bone_Fracture_Dataset\test\fractured\93-rotated1-rotated2-rotated2.jpg
cc9966485bd01deb,train,fractured,E:\projects\project-fracture-classification\dataset\Bone_Fracture_Dataset\train\fractured\93-rotated1-rotated2-rotated2 - Copy (1).jpg
cc9966485bd01deb,train,fractured,E:\projects\project-fracture-classification\dataset\Bone_Fracture_Dataset\train\fractured\93-rotated1-rotated2-rotated2 - Copy.jpg
cdb2e52539694a6a,test,fractured,E:\projects\project-fracture-classification\dataset\Bone_Fracture_Dataset\test\fractured\93-rotated1-rotated3-rotated3.jpg
cdb2e52539694a6a,train,fractured,E:\projects\project-fracture-classification\dataset\Bone_Fracture_Dataset\train\fractured\93-rotated1-rotated3-rotated3 - Copy (1).jpg
cdb2e52539694a6a,train,fractured,E:\projects\project-fracture-classification\dataset\Bone_Fracture_Dataset\train\fractured\93-rotated1-rotated3-rotated3 - Copy.jpg
cdb6e46d784a5a42,test,fractured,E:\projects\project-fracture-classification\dataset\Bone_Fracture_Dataset\test\fractured\93-rotated2-rotated1-rotated3.jpg
cdb6e46d784a5a42,train,fractured,E:\projects\project-fracture-classification\dataset\Bone_Fracture_Dataset\train\fractured\93-rotated2-rotated1-rotated3 - Copy (1).jpg
cdb6e46d784a5a42,train,fractured,E:\projects\project-fracture-classification\dataset\Bone_Fracture_Dataset\train\fractured\93-rotated2-rotated1-rotated3 - Copy.jpg
d8ec351e0bb45a35,test,fractured,E:\projects\project-fracture-classification\dataset\Bone_Fracture_Dataset\test\fractured\93-rotated2-rotated3.jpg
d8ec351e0bb45a35,train,fractured,E:\projects\project-fracture-classification\dataset\Bone_Fracture_Dataset\train\fractured\93-rotated2-rotated3 - Copy (1).jpg
d8ec351e0bb45a35,train,fractured,E:\projects\project-fracture-classification\dataset\Bone_Fracture_Dataset\train\fractured\93-rotated2-rotated3 - Copy.jpg
cc9b64695b405fe1,test,fractured,E:\projects\project-fracture-classification\dataset\Bone_Fracture_Dataset\test\fractured\93-rotated3-rotated1.jpg
cc9b64695b405fe1,train,fractured,E:\projects\project-fracture-classification\dataset\Bone_Fracture_Dataset\train\fractured\93-rotated3-rotated1 - Copy (1).jpg
cc9b64695b405fe1,train,fractured,E:\projects\project-fracture-classification\dataset\Bone_Fracture_Dataset\train\fractured\93-rotated3-rotated1 - Copy.jpg
cc9b66495b501de5,test,fractured,E:\projects\project-fracture-classification\dataset\Bone_Fracture_Dataset\test\fractured\93-rotated3-rotated2-rotated1.jpg
cc9b66495b501de5,train,fractured,E:\projects\project-fracture-classification\dataset\Bone_Fracture_Dataset\train\fractured\93-rotated1-rotated3 (1).jpg
cc9b66495b501de5,train,fractured,E:\projects\project-fracture-classification\dataset\Bone_Fracture_Dataset\train\fractured\93-rotated1-rotated3 - Copy (1).jpg
cc9b66495b501de5,train,fractured,E:\projects\project-fracture-classification\dataset\Bone_Fracture_Dataset\train\fractured\93-rotated1-rotated3 - Copy.jpg
cc9b66495b501de5,train,fractured,E:\projects\project-fracture-classification\dataset\Bone_Fracture_Dataset\train\fractured\93-rotated1-rotated3.jpg
cc9b66495b501de5,train,fractured,E:\projects\project-fracture-classification\dataset\Bone_Fracture_Dataset\train\fractured\93-rotated3-rotated2-rotated1 - Copy (1).jpg
cc9b66495b501de5,train,fractured,E:\projects\project-fracture-classification\dataset\Bone_Fracture_Dataset\train\fractured\93-rotated3-rotated2-rotated1 - Copy.jpg
d8ed341a0bb47a35,test,fractured,E:\projects\project-fracture-classification\dataset\Bone_Fracture_Dataset\test\fractured\93-rotated3-rotated3-rotated2.jpg
d8ed341a0bb47a35,train,fractured,E:\projects\project-fracture-classification\dataset\Bone_Fracture_Dataset\train\fractured\93-rotated3-rotated3-rotated2 - Copy (1).jpg
d8ed341a0bb47a35,train,fractured,E:\projects\project-fracture-classification\dataset\Bone_Fracture_Dataset\train\fractured\93-rotated3-rotated3-rotated2 - Copy.jpg
929a734f1ce12e69,test,fractured,E:\projects\project-fracture-classification\dataset\Bone_Fracture_Dataset\test\fractured\94-rotated1-rotated1-rotated1.jpg
929a734f1ce12e69,test,fractured,E:\projects\project-fracture-classification\dataset\Bone_Fracture_Dataset\test\fractured\94-rotated3-rotated2-rotated1.jpg
929a734f1ce12e69,train,fractured,E:\projects\project-fracture-classification\dataset\Bone_Fracture_Dataset\train\fractured\94-rotated1-rotated1-rotated1 - Copy (1).jpg
929a734f1ce12e69,train,fractured,E:\projects\project-fracture-classification\dataset\Bone_Fracture_Dataset\train\fractured\94-rotated1-rotated1-rotated1 - Copy.jpg
929a734f1ce12e69,train,fractured,E:\projects\project-fracture-classification\dataset\Bone_Fracture_Dataset\train\fractured\94-rotated3-rotated2-rotated1 - Copy (1).jpg
929a734f1ce12e69,train,fractured,E:\projects\project-fracture-classification\dataset\Bone_Fracture_Dataset\train\fractured\94-rotated3-rotated2-rotated1 - Copy.jpg
cc99cf6d6d203236,test,fractured,E:\projects\project-fracture-classification\dataset\Bone_Fracture_Dataset\test\fractured\94-rotated1-rotated2-rotated2.jpg
cc99cf6d6d203236,train,fractured,E:\projects\project-fracture-classification\dataset\Bone_Fracture_Dataset\train\fractured\94-rotated1-rotated2-rotated2 - Copy (1).jpg
cc99cf6d6d203236,train,fractured,E:\projects\project-fracture-classification\dataset\Bone_Fracture_Dataset\train\fractured\94-rotated1-rotated2-rotated2 - Copy.jpg
cc9bce6d6d643222,test,fractured,E:\projects\project-fracture-classification\dataset\Bone_Fracture_Dataset\test\fractured\94-rotated1-rotated3-rotated3.jpg
cc9bce6d6d643222,train,fractured,E:\projects\project-fracture-classification\dataset\Bone_Fracture_Dataset\train\fractured\94-rotated1-rotated3-rotated3 - Copy (1).jpg
cc9bce6d6d643222,train,fractured,E:\projects\project-fracture-classification\dataset\Bone_Fracture_Dataset\train\fractured\94-rotated1-rotated3-rotated3 - Copy.jpg
cccbc66d65643236,test,fractured,E:\projects\project-fracture-classification\dataset\Bone_Fracture_Dataset\test\fractured\94-rotated2-rotated1-rotated3.jpg
cccbc66d65643236,train,fractured,E:\projects\project-fracture-classification\dataset\Bone_Fracture_Dataset\train\fractured\94-rotated2-rotated1-rotated3 - Copy (1).jpg
cccbc66d65643236,train,fractured,E:\projects\project-fracture-classification\dataset\Bone_Fracture_Dataset\train\fractured\94-rotated2-rotated1-rotated3 - Copy.jpg
cc8bce6d65643236,test,fractured,E:\projects\project-fracture-classification\dataset\Bone_Fracture_Dataset\test\fractured\94-rotated2-rotated3.jpg
cc8bce6d65643236,train,fractured,E:\projects\project-fracture-classification\dataset\Bone_Fracture_Dataset\train\fractured\94-rotated2-rotated3 - Copy (1).jpg
cc8bce6d65643236,train,fractured,E:\projects\project-fracture-classification\dataset\Bone_Fracture_Dataset\train\fractured\94-rotated2-rotated3 - Copy.jpg
cc8bce6d65643236,train,fractured,E:\projects\project-fracture-classification\dataset\Bone_Fracture_Dataset\train\fractured\94-rotated2-rotated3-rotated2 (1).jpg
cc8bce6d65643236,train,fractured,E:\projects\project-fracture-classification\dataset\Bone_Fracture_Dataset\train\fractured\94-rotated2-rotated3-rotated2 - Copy (1).jpg
cc8bce6d65643236,train,fractured,E:\projects\project-fracture-classification\dataset\Bone_Fracture_Dataset\train\fractured\94-rotated2-rotated3-rotated2 - Copy.jpg
cc8bce6d65643236,train,fractured,E:\projects\project-fracture-classification\dataset\Bone_Fracture_Dataset\train\fractured\94-rotated2-rotated3-rotated2.jpg
8c98c76d69c73466,test,fractured,E:\projects\project-fracture-classification\dataset\Bone_Fracture_Dataset\test\fractured\94-rotated3-rotated1.jpg
8c98c76d69c73466,train,fractured,E:\projects\project-fracture-classification\dataset\Bone_Fracture_Dataset\train\fractured\94-rotated3-rotated1 - Copy (1).jpg
8c98c76d69c73466,train,fractured,E:\projects\project-fracture-classification\dataset\Bone_Fracture_Dataset\train\fractured\94-rotated3-rotated1 - Copy.jpg
c9c76324343e3e17,test,fractured,E:\projects\project-fracture-classification\dataset\Bone_Fracture_Dataset\test\fractured\94-rotated3-rotated3-rotated2.jpg
c9c76324343e3e17,train,fractured,E:\projects\project-fracture-classification\dataset\Bone_Fracture_Dataset\train\fractured\94-rotated3-rotated3-rotated2 - Copy (1).jpg
c9c76324343e3e17,train,fractured,E:\projects\project-fracture-classification\dataset\Bone_Fracture_Dataset\train\fractured\94-rotated3-rotated3-rotated2 - Copy.jpg
98eb6d9c4b91489b,test,fractured,E:\projects\project-fracture-classification\dataset\Bone_Fracture_Dataset\test\fractured\95-rotated1-rotated1-rotated1.jpg
98eb6d9c4b91489b,train,fractured,E:\projects\project-fracture-classification\dataset\Bone_Fracture_Dataset\train\fractured\95-rotated1-rotated1-rotated1 - Copy (1).jpg
98eb6d9c4b91489b,train,fractured,E:\projects\project-fracture-classification\dataset\Bone_Fracture_Dataset\train\fractured\95-rotated1-rotated1-rotated1 - Copy.jpg
9ae3619c6f926394,test,fractured,E:\projects\project-fracture-classification\dataset\Bone_Fracture_Dataset\test\fractured\95-rotated1-rotated2-rotated2.jpg
9ae3619c6f926394,train,fractured,E:\projects\project-fracture-classification\dataset\Bone_Fracture_Dataset\train\fractured\95-rotated1-rotated2-rotated1 (1).jpg
9ae3619c6f926394,train,fractured,E:\projects\project-fracture-classification\dataset\Bone_Fracture_Dataset\train\fractured\95-rotated1-rotated2-rotated1 - Copy (1).jpg
9ae3619c6f926394,train,fractured,E:\projects\project-fracture-classification\dataset\Bone_Fracture_Dataset\train\fractured\95-rotated1-rotated2-rotated1 - Copy.jpg
9ae3619c6f926394,train,fractured,E:\projects\project-fracture-classification\dataset\Bone_Fracture_Dataset\train\fractured\95-rotated1-rotated2-rotated1.jpg
9ae3619c6f926394,train,fractured,E:\projects\project-fracture-classification\dataset\Bone_Fracture_Dataset\train\fractured\95-rotated1-rotated2-rotated2 - Copy (1).jpg
9ae3619c6f926394,train,fractured,E:\projects\project-fracture-classification\dataset\Bone_Fracture_Dataset\train\fractured\95-rotated1-rotated2-rotated2 - Copy.jpg
9ae3659c4f936390,test,fractured,E:\projects\project-fracture-classification\dataset\Bone_Fracture_Dataset\test\fractured\95-rotated1-rotated3-rotated3.jpg
9ae3659c4f936390,train,fractured,E:\projects\project-fracture-classification\dataset\Bone_Fracture_Dataset\train\fractured\95-rotated1-rotated3-rotated3 - Copy (1).jpg
9ae3659c4f936390,train,fractured,E:\projects\project-fracture-classification\dataset\Bone_Fracture_Dataset\train\fractured\95-rotated1-rotated3-rotated3 - Copy.jpg
94c862b5ab16dbe8,test,fractured,E:\projects\project-fracture-classification\dataset\Bone_Fracture_Dataset\test\fractured\95-rotated2-rotated1-rotated3.jpg
94c862b5ab16dbe8,train,fractured,E:\projects\project-fracture-classification\dataset\Bone_Fracture_Dataset\train\fractured\95-rotated2-rotated1-rotated3 - Copy (1).jpg
94c862b5ab16dbe8,train,fractured,E:\projects\project-fracture-classification\dataset\Bone_Fracture_Dataset\train\fractured\95-rotated2-rotated1-rotated3 - Copy.jpg
94c862b5ab16dbe8,train,fractured,E:\projects\project-fracture-classification\dataset\Bone_Fracture_Dataset\train\fractured\95-rotated3-rotated3-rotated1 (1).jpg
94c862b5ab16dbe8,train,fractured,E:\projects\project-fracture-classification\dataset\Bone_Fracture_Dataset\train\fractured\95-rotated3-rotated3-rotated1 - Copy (1).jpg
94c862b5ab16dbe8,train,fractured,E:\projects\project-fracture-classification\dataset\Bone_Fracture_Dataset\train\fractured\95-rotated3-rotated3-rotated1 - Copy.jpg
94c862b5ab16dbe8,train,fractured,E:\projects\project-fracture-classification\dataset\Bone_Fracture_Dataset\train\fractured\95-rotated3-rotated3-rotated1.jpg
8e366cc31ec17aca,test,fractured,E:\projects\project-fracture-classification\dataset\Bone_Fracture_Dataset\test\fractured\95-rotated2-rotated3.jpg
8e366cc31ec17aca,train,fractured,E:\projects\project-fracture-classification\dataset\Bone_Fracture_Dataset\train\fractured\95-rotated2-rotated3 - Copy (1).jpg
8e366cc31ec17aca,train,fractured,E:\projects\project-fracture-classification\dataset\Bone_Fracture_Dataset\train\fractured\95-rotated2-rotated3 - Copy.jpg
8f3669c31ec17a4a,test,fractured,E:\projects\project-fracture-classification\dataset\Bone_Fracture_Dataset\test\fractured\95-rotated3-rotated1.jpg
8f3669c31ec17a4a,train,fractured,E:\projects\project-fracture-classification\dataset\Bone_Fracture_Dataset\train\fractured\95-rotated3-rotated1 - Copy (1).jpg
8f3669c31ec17a4a,train,fractured,E:\projects\project-fracture-classification\dataset\Bone_Fracture_Dataset\train\fractured\95-rotated3-rotated1 - Copy.jpg
91cb67b546922d17,test,fractured,E:\projects\project-fracture-classification\dataset\Bone_Fracture_Dataset\test\fractured\95-rotated3-rotated2-rotated1.jpg
91cb67b546922d17,train,fractured,E:\projects\project-fracture-classification\dataset\Bone_Fracture_Dataset\train\fractured\95-rotated3-rotated2-rotated1 - Copy (1).jpg
91cb67b546922d17,train,fractured,E:\projects\project-fracture-classification\dataset\Bone_Fracture_Dataset\train\fractured\95-rotated3-rotated2-rotated1 - Copy.jpg
85ce6a319fa88d9c,test,fractured,E:\projects\project-fracture-classification\dataset\Bone_Fracture_Dataset\test\fractured\95-rotated3-rotated3-rotated2.jpg
85ce6a319fa88d9c,train,fractured,E:\projects\project-fracture-classification\dataset\Bone_Fracture_Dataset\train\fractured\95-rotated3-rotated3-rotated2 - Copy (1).jpg
85ce6a319fa88d9c,train,fractured,E:\projects\project-fracture-classification\dataset\Bone_Fracture_Dataset\train\fractured\95-rotated3-rotated3-rotated2 - Copy.jpg
85ce6a319fa88d9c,train,fractured,E:\projects\project-fracture-classification\dataset\Bone_Fracture_Dataset\train\fractured\95-rotated3-rotated3-rotated3 (1).jpg
85ce6a319fa88d9c,train,fractured,E:\projects\project-fracture-classification\dataset\Bone_Fracture_Dataset\train\fractured\95-rotated3-rotated3-rotated3 - Copy (1).jpg
85ce6a319fa88d9c,train,fractured,E:\projects\project-fracture-classification\dataset\Bone_Fracture_Dataset\train\fractured\95-rotated3-rotated3-rotated3 - Copy.jpg
85ce6a319fa88d9c,train,fractured,E:\projects\project-fracture-classification\dataset\Bone_Fracture_Dataset\train\fractured\95-rotated3-rotated3-rotated3.jpg
85ce6a319fa88d9c,val,fractured,E:\projects\project-fracture-classification\dataset\Bone_Fracture_Dataset\val\fractured\95-rotated3-rotated3-rotated3.jpg
983342686d7535ee,test,fractured,E:\projects\project-fracture-classification\dataset\Bone_Fracture_Dataset\test\fractured\96-rotated1-rotated1-rotated1.jpg
983342686d7535ee,train,fractured,E:\projects\project-fracture-classification\dataset\Bone_Fracture_Dataset\train\fractured\96-rotated1-rotated1-rotated1 - Copy (1).jpg
983342686d7535ee,train,fractured,E:\projects\project-fracture-classification\dataset\Bone_Fracture_Dataset\train\fractured\96-rotated1-rotated1-rotated1 - Copy.jpg
9831436e6d6529eb,test,fractured,E:\projects\project-fracture-classification\dataset\Bone_Fracture_Dataset\test\fractured\96-rotated1-rotated2-rotated2.jpg
9831436e6d6529eb,train,fractured,E:\projects\project-fracture-classification\dataset\Bone_Fracture_Dataset\train\fractured\96-rotated1-rotated2-rotated2 - Copy (1).jpg
9831436e6d6529eb,train,fractured,E:\projects\project-fracture-classification\dataset\Bone_Fracture_Dataset\train\fractured\96-rotated1-rotated2-rotated2 - Copy.jpg
9a31436e6de5294b,test,fractured,E:\projects\project-fracture-classification\dataset\Bone_Fracture_Dataset\test\fractured\96-rotated1-rotated3-rotated3.jpg
9a31436e6de5294b,test,fractured,E:\projects\project-fracture-classification\dataset\Bone_Fracture_Dataset\test\fractured\96-rotated2-rotated1-rotated3.jpg
9a31436e6de5294b,train,fractured,E:\projects\project-fracture-classification\dataset\Bone_Fracture_Dataset\train\fractured\96-rotated1-rotated3-rotated3 - Copy (1).jpg
9a31436e6de5294b,train,fractured,E:\projects\project-fracture-classification\dataset\Bone_Fracture_Dataset\train\fractured\96-rotated1-rotated3-rotated3 - Copy.jpg
9a31436e6de5294b,train,fractured,E:\projects\project-fracture-classification\dataset\Bone_Fracture_Dataset\train\fractured\96-rotated2-rotated1-rotated3 - Copy (1).jpg
9a31436e6de5294b,train,fractured,E:\projects\project-fracture-classification\dataset\Bone_Fracture_Dataset\train\fractured\96-rotated2-rotated1-rotated3 - Copy.jpg
e69e699c98c39a38,test,not fractured,E:\projects\project-fracture-classification\dataset\Bone_Fracture_Dataset\test\not fractured\0.png
e69e699c98c39a38,test,not fractured,E:\projects\project-fracture-classification\dataset\Bone_Fracture_Dataset\test\not fractured\2.png
e69e699c98c39a38,test,not fractured,E:\projects\project-fracture-classification\dataset\Bone_Fracture_Dataset\test\not fractured\4.png
e69e699c98c39a38,test,not fractured,E:\projects\project-fracture-classification\dataset\Bone_Fracture_Dataset\test\not fractured\7.png
e69e699c98c39a38,train,not fractured,E:\projects\project-fracture-classification\dataset\Bone_Fracture_Dataset\train\not fractured\0.png
e69e699c98c39a38,train,not fractured,E:\projects\project-fracture-classification\dataset\Bone_Fracture_Dataset\train\not fractured\2.png
e69e699c98c39a38,train,not fractured,E:\projects\project-fracture-classification\dataset\Bone_Fracture_Dataset\train\not fractured\4.png
e69e699c98c39a38,train,not fractured,E:\projects\project-fracture-classification\dataset\Bone_Fracture_Dataset\train\not fractured\7.png
e69e699c98c39a38,val,not fractured,E:\projects\project-fracture-classification\dataset\Bone_Fracture_Dataset\val\not fractured\0.png
e69e699c98c39a38,val,not fractured,E:\projects\project-fracture-classification\dataset\Bone_Fracture_Dataset\val\not fractured\2.png
e69e699c98c39a38,val,not fractured,E:\projects\project-fracture-classification\dataset\Bone_Fracture_Dataset\val\not fractured\4.png
e69e699c98c39a38,val,not fractured,E:\projects\project-fracture-classification\dataset\Bone_Fracture_Dataset\val\not fractured\7.png
9daad22df14a7445,test,not fractured,E:\projects\project-fracture-classification\dataset\Bone_Fracture_Dataset\test\not fractured\001.png
9daad22df14a7445,test,not fractured,E:\projects\project-fracture-classification\dataset\Bone_Fracture_Dataset\test\not fractured\004.png
9daad22df14a7445,test,not fractured,E:\projects\project-fracture-classification\dataset\Bone_Fracture_Dataset\test\not fractured\113.png
9daad22df14a7445,train,not fractured,E:\projects\project-fracture-classification\dataset\Bone_Fracture_Dataset\train\not fractured\001.png
9daad22df14a7445,train,not fractured,E:\projects\project-fracture-classification\dataset\Bone_Fracture_Dataset\train\not fractured\004.png
9daad22df14a7445,train,not fractured,E:\projects\project-fracture-classification\dataset\Bone_Fracture_Dataset\train\not fractured\113.png
9daad22df14a7445,val,not fractured,E:\projects\project-fracture-classification\dataset\Bone_Fracture_Dataset\val\not fractured\001.png
9daad22df14a7445,val,not fractured,E:\projects\project-fracture-classification\dataset\Bone_Fracture_Dataset\val\not fractured\004.png
9daad22df14a7445,val,not fractured,E:\projects\project-fracture-classification\dataset\Bone_Fracture_Dataset\val\not fractured\113.png
c86723f8321f78d2,test,not fractured,E:\projects\project-fracture-classification\dataset\Bone_Fracture_Dataset\test\not fractured\0013.png
c86723f8321f78d2,train,not fractured,E:\projects\project-fracture-classification\dataset\Bone_Fracture_Dataset\train\not fractured\0013.png
c86723f8321f78d2,val,not fractured,E:\projects\project-fracture-classification\dataset\Bone_Fracture_Dataset\val\not fractured\0013.png
c19137e76acc4c3c,test,not fractured,E:\projects\project-fracture-classification\dataset\Bone_Fracture_Dataset\test\not fractured\0047.png
c19137e76acc4c3c,train,not fractured,E:\projects\project-fracture-classification\dataset\Bone_Fracture_Dataset\train\not fractured\0047.png
c19137e76acc4c3c,val,not fractured,E:\projects\project-fracture-classification\dataset\Bone_Fracture_Dataset\val\not fractured\0047.png
c46337d8609e3fb0,test,not fractured,E:\projects\project-fracture-classification\dataset\Bone_Fracture_Dataset\test\not fractured\00755.png
c46337d8609e3fb0,train,not fractured,E:\projects\project-fracture-classification\dataset\Bone_Fracture_Dataset\train\not fractured\00755.png
c46337d8609e3fb0,val,not fractured,E:\projects\project-fracture-classification\dataset\Bone_Fracture_Dataset\val\not fractured\00755.png
8db0454b4ec37ee1,test,not fractured,E:\projects\project-fracture-classification\dataset\Bone_Fracture_Dataset\test\not fractured\1-rotated1-rotated2-rotated3-rotated1.jpg
8db0454b4ec37ee1,train,not fractured,E:\projects\project-fracture-classification\dataset\Bone_Fracture_Dataset\train\not fractured\1-rotated1-rotated2-rotated3-rotated1.jpg
8db0454b4ec37ee1,val,not fractured,E:\projects\project-fracture-classification\dataset\Bone_Fracture_Dataset\val\not fractured\1-rotated1-rotated2-rotated3-rotated1.jpg
9867113e1f144f97,test,not fractured,E:\projects\project-fracture-classification\dataset\Bone_Fracture_Dataset\test\not fractured\1-rotated2-rotated1-rotated1.jpg
9867113e1f144f97,train,not fractured,E:\projects\project-fracture-classification\dataset\Bone_Fracture_Dataset\train\not fractured\1-rotated1-rotated2-rotated2 (1).jpg
9867113e1f144f97,train,not fractured,E:\projects\project-fracture-classification\dataset\Bone_Fracture_Dataset\train\not fractured\1-rotated1-rotated2-rotated2 (2).jpg
9867113e1f144f97,train,not fractured,E:\projects\project-fracture-classification\dataset\Bone_Fracture_Dataset\train\not fractured\1-rotated1-rotated2-rotated2.jpg
9867113e1f144f97,train,not fractured,E:\projects\project-fracture-classification\dataset\Bone_Fracture_Dataset\train\not fractured\1-rotated2-rotated1-rotated1.jpg
9867113e1f144f97,val,not fractured,E:\projects\project-fracture-classification\dataset\Bone_Fracture_Dataset\val\not fractured\1-rotated2-rotated1-rotated1.jpg
9ee302717d68087f,test,not fractured,E:\projects\project-fracture-classification\dataset\Bone_Fracture_Dataset\test\not fractured\1-rotated2-rotated2-rotated2-rotated1.jpg
9ee302717d68087f,train,not fractured,E:\projects\project-fracture-classification\dataset\Bone_Fracture_Dataset\train\not fractured\1-rotated2-rotated2-rotated2-rotated1.jpg
9ee302717d68087f,val,not fractured,E:\projects\project-fracture-classification\dataset\Bone_Fracture_Dataset\val\not fractured\1-rotated2-rotated2-rotated2-rotated1.jpg
ccb8444b5ec03fe9,test,not fractured,E:\projects\project-fracture-classification\dataset\Bone_Fracture_Dataset\test\not fractured\1-rotated3-rotated2-rotated1-rotated1.jpg
ccb8444b5ec03fe9,train,not fractured,E:\projects\project-fracture-classification\dataset\Bone_Fracture_Dataset\train\not fractured\1-rotated3-rotated2-rotated1-rotated1.jpg
ccb8444b5ec03fe9,val,not fractured,E:\projects\project-fracture-classification\dataset\Bone_Fracture_Dataset\val\not fractured\1-rotated3-rotated2-rotated1-rotated1.jpg
9ee702327f1c0c3e,test,not fractured,E:\projects\project-fracture-classification\dataset\Bone_Fracture_Dataset\test\not fractured\1-rotated3-rotated3-rotated3.jpg
9ee702327f1c0c3e,train,not fractured,E:\projects\project-fracture-classification\dataset\Bone_Fracture_Dataset\train\not fractured\1-rotated3-rotated3-rotated3.jpg
9ee702327f1c0c3e,val,not fractured,E:\projects\project-fracture-classification\dataset\Bone_Fracture_Dataset\val\not fractured\1-rotated3-rotated3-rotated3.jpg
9ae392727c181c3f,test,not fractured,E:\projects\project-fracture-classification\dataset\Bone_Fracture_Dataset\test\not fractured\1-rotated3.jpg
9ae392727c181c3f,train,not fractured,E:\projects\project-fracture-classification\dataset\Bone_Fracture_Dataset\train\not fractured\1-rotated3.jpg
9ae392727c181c3f,val,not fractured,E:\projects\project-fracture-classification\dataset\Bone_Fracture_Dataset\val\not fractured\1-rotated3.jpg
f4ec893b921db0d2,test,not fractured,E:\projects\project-fracture-classification\dataset\Bone_Fracture_Dataset\test\not fractured\1.png
f4ec893b921db0d2,test,not fractured,E:\projects\project-fracture-classification\dataset\Bone_Fracture_Dataset\test\not fractured\10.png
f4ec893b921db0d2,test,not fractured,E:\projects\project-fracture-classification\dataset\Bone_Fracture_Dataset\test\not fractured\11.png
f4ec893b921db0d2,test,not fractured,E:\projects\project-fracture-classification\dataset\Bone_Fracture_Dataset\test\not fractured\5.png
f4ec893b921db0d2,train,not fractured,E:\projects\project-fracture-classification\dataset\Bone_Fracture_Dataset\train\not fractured\1.png
f4ec893b921db0d2,train,not fractured,E:\projects\project-fracture-classification\dataset\Bone_Fracture_Dataset\train\not fractured\10.png
f4ec893b921db0d2,train,not fractured,E:\projects\project-fracture-classification\dataset\Bone_Fracture_Dataset\train\not fractured\11.png
f4ec893b921db0d2,train,not fractured,E:\projects\project-fracture-classification\dataset\Bone_Fracture_Dataset\train\not fractured\5.png
f4ec893b921db0d2,val,not fractured,E:\projects\project-fracture-classification\dataset\Bone_Fracture_Dataset\val\not fractured\1.png
f4ec893b921db0d2,val,not fractured,E:\projects\project-fracture-classification\dataset\Bone_Fracture_Dataset\val\not fractured\10.png
f4ec893b921db0d2,val,not fractured,E:\projects\project-fracture-classification\dataset\Bone_Fracture_Dataset\val\not fractured\11.png
f4ec893b921db0d2,val,not fractured,E:\projects\project-fracture-classification\dataset\Bone_Fracture_Dataset\val\not fractured\5.png
d91964cf06cc13ee,test,not fractured,E:\projects\project-fracture-classification\dataset\Bone_Fracture_Dataset\test\not fractured\10-rotated1-rotated2-rotated2.jpg
d91964cf06cc13ee,test,not fractured,E:\projects\project-fracture-classification\dataset\Bone_Fracture_Dataset\test\not fractured\10-rotated2-rotated2.jpg
d91964cf06cc13ee,train,not fractured,E:\projects\project-fracture-classification\dataset\Bone_Fracture_Dataset\train\not fractured\10-rotated1-rotated2-rotated2.jpg
d91964cf06cc13ee,train,not fractured,E:\projects\project-fracture-classification\dataset\Bone_Fracture_Dataset\train\not fractured\10-rotated2-rotated2.jpg
d91964cf06cc13ee,val,not fractured,E:\projects\project-fracture-classification\dataset\Bone_Fracture_Dataset\val\not fractured\10-rotated1-rotated2-rotated2.jpg
d91964cf06cc13ee,val,not fractured,E:\projects\project-fracture-classification\dataset\Bone_Fracture_Dataset\val\not fractured\10-rotated2-rotated2.jpg
c90c64cf26c937ec,test,not fractured,E:\projects\project-fracture-classification\dataset\Bone_Fracture_Dataset\test\not fractured\10-rotated3-rotated3-rotated1.jpg
c90c64cf26c937ec,train,not fractured,E:\projects\project-fracture-classification\dataset\Bone_Fracture_Dataset\train\not fractured\10-rotated3-rotated3-rotated1.jpg
c90c64cf26c937ec,val,not fractured,E:\projects\project-fracture-classification\dataset\Bone_Fracture_Dataset\val\not fractured\10-rotated3-rotated3-rotated1.jpg
db1336cd1bc8f901,test,not fractured,E:\projects\project-fracture-classification\dataset\Bone_Fracture_Dataset\test\not fractured\10-rotated3.jpg
db1336cd1bc8f901,train,not fractured,E:\projects\project-fracture-classification\dataset\Bone_Fracture_Dataset\train\not fractured\10-rotated3.jpg
db1336cd1bc8f901,val,not fractured,E:\projects\project-fracture-classification\dataset\Bone_Fracture_Dataset\val\not fractured\10-rotated3.jpg
cc99473c3e3c1c39,test,not fractured,E:\projects\project-fracture-classification\dataset\Bone_Fracture_Dataset\test\not fractured\12-rotated1-rotated2-rotated1.jpg
cc99473c3e3c1c39,train,not fractured,E:\projects\project-fracture-classification\dataset\Bone_Fracture_Dataset\train\not fractured\12-rotated1-rotated2-rotated1.jpg
cc99473c3e3c1c39,val,not fractured,E:\projects\project-fracture-classification\dataset\Bone_Fracture_Dataset\val\not fractured\12-rotated1-rotated2-rotated1.jpg
cc8943721e7e3c39,test,not fractured,E:\projects\project-fracture-classification\dataset\Bone_Fracture_Dataset\test\not fractured\12-rotated2-rotated1-rotated3.jpg
cc8943721e7e3c39,train,not fractured,E:\projects\project-fracture-classification\dataset\Bone_Fracture_Dataset\train\not fractured\12-rotated2-rotated1-rotated3.jpg
cc8943721e7e3c39,val,not fractured,E:\projects\project-fracture-classification\dataset\Bone_Fracture_Dataset\val\not fractured\12-rotated2-rotated1-rotated3.jpg
ccc7113e1e3e1a3c,test,not fractured,E:\projects\project-fracture-classification\dataset\Bone_Fracture_Dataset\test\not fractured\12-rotated3-rotated3-rotated2-rotated1.jpg
ccc7113e1e3e1a3c,train,not fractured,E:\projects\project-fracture-classification\dataset\Bone_Fracture_Dataset\train\not fractured\12-rotated1-rotated1-rotated2 (1).jpg
ccc7113e1e3e1a3c,train,not fractured,E:\projects\project-fracture-classification\dataset\Bone_Fracture_Dataset\train\not fractured\12-rotated1-rotated1-rotated2.jpg
ccc7113e1e3e1a3c,train,not fractured,E:\projects\project-fracture-classification\dataset\Bone_Fracture_Dataset\train\not fractured\12-rotated2-rotated1 (1).jpg
ccc7113e1e3e1a3c,train,not fractured,E:\projects\project-fracture-classification\dataset\Bone_Fracture_Dataset\train\not fractured\12-rotated2-rotated1.jpg
ccc7113e1e3e1a3c,train,not fractured,E:\projects\project-fracture-classification\dataset\Bone_Fracture_Dataset\train\not fractured\12-rotated3-rotated3-rotated2-rotated1.jpg
ccc7113e1e3e1a3c,val,not fractured,E:\projects\project-fracture-classification\dataset\Bone_Fracture_Dataset\val\not fractured\12-rotated3-rotated3-rotated2-rotated1.jpg
ce98d36638e91953,test,not fractured,E:\projects\project-fracture-classification\dataset\Bone_Fracture_Dataset\test\not fractured\12-rotated3.jpg
ce98d36638e91953,train,not fractured,E:\projects\project-fracture-classification\dataset\Bone_Fracture_Dataset\train\not fractured\12-rotated3.jpg
ce98d36638e91953,val,not fractured,E:\projects\project-fracture-classification\dataset\Bone_Fracture_Dataset\val\not fractured\12-rotated3.jpg
993346994bd26ccb,test,not fractured,E:\projects\project-fracture-classification\dataset\Bone_Fracture_Dataset\test\not fractured\13-rotated1-rotated1-rotated3-rotated1.jpg
993346994bd26ccb,train,not fractured,E:\projects\project-fracture-classification\dataset\Bone_Fracture_Dataset\train\not fractured\13-rotated1-rotated1-rotated3-rotated1.jpg
993346994bd26ccb,train,not fractured,E:\projects\project-fracture-classification\dataset\Bone_Fracture_Dataset\train\not fractured\13-rotated3-rotated2 (1).jpg
993346994bd26ccb,train,not fractured,E:\projects\project-fracture-classification\dataset\Bone_Fracture_Dataset\train\not fractured\13-rotated3-rotated2.jpg
993346994bd26ccb,val,not fractured,E:\projects\project-fracture-classification\dataset\Bone_Fracture_Dataset\val\not fractured\13-rotated1-rotated1-rotated3-rotated1.jpg
9b6c66944996cd96,test,not fractured,E:\projects\project-fracture-classification\dataset\Bone_Fracture_Dataset\test\not fractured\13-rotated2-rotated1-rotated2.jpg
9b6c66944996cd96,train,not fractured,E:\projects\project-fracture-classification\dataset\Bone_Fracture_Dataset\train\not fractured\13-rotated2-rotated1-rotated2.jpg
9b6c66944996cd96,train,not fractured,E:\projects\project-fracture-classification\dataset\Bone_Fracture_Dataset\train\not fractured\13-rotated2-rotated2-rotated3-rotated1 (1).jpg
9b6c66944996cd96,train,not fractured,E:\projects\project-fracture-classification\dataset\Bone_Fracture_Dataset\train\not fractured\13-rotated2-rotated2-rotated3-rotated1.jpg
9b6c66944996cd96,val,not fractured,E:\projects\project-fracture-classification\dataset\Bone_Fracture_Dataset\val\not fractured\13-rotated2-rotated1-rotated2.jpg
9932669873d26ccb,test,not fractured,E:\projects\project-fracture-classification\dataset\Bone_Fracture_Dataset\test\not fractured\13-rotated2-rotated3-rotated2-rotated1.jpg
9932669873d26ccb,train,not fractured,E:\projects\project-fracture-classification\dataset\Bone_Fracture_Dataset\train\not fractured\13-rotated2-rotated3-rotated2 (1).jpg
9932669873d26ccb,train,not fractured,E:\projects\project-fracture-classification\dataset\Bone_Fracture_Dataset\train\not fractured\13-rotated2-rotated3-rotated2-rotated1.jpg
9932669873d26ccb,train,not fractured,E:\projects\project-fracture-classification\dataset\Bone_Fracture_Dataset\train\not fractured\13-rotated2-rotated3-rotated2.jpg
9932669873d26ccb,val,not fractured,E:\projects\project-fracture-classification\dataset\Bone_Fracture_Dataset\val\not fractured\13-rotated2-rotated3-rotated2-rotated1.jpg
8d3066cc5ac33ecb,test,not fractured,E:\projects\project-fracture-classification\dataset\Bone_Fracture_Dataset\test\not fractured\13-rotated3-rotated3-rotated1.jpg
8d3066cc5ac33ecb,train,not fractured,E:\projects\project-fracture-classification\dataset\Bone_Fracture_Dataset\train\not fractured\13-rotated1-rotated2-rotated3-rotated1 (1).jpg
8d3066cc5ac33ecb,train,not fractured,E:\projects\project-fracture-classification\dataset\Bone_Fracture_Dataset\train\not fractured\13-rotated1-rotated2-rotated3-rotated1.jpg
8d3066cc5ac33ecb,train,not fractured,E:\projects\project-fracture-classification\dataset\Bone_Fracture_Dataset\train\not fractured\13-rotated3-rotated3-rotated1.jpg
8d3066cc5ac33ecb,val,not fractured,E:\projects\project-fracture-classification\dataset\Bone_Fracture_Dataset\val\not fractured\13-rotated3-rotated3-rotated1.jpg
997bb3ca344c21cd,test,not fractured,E:\projects\project-fracture-classification\dataset\Bone_Fracture_Dataset\test\not fractured\14-rotated1-rotated2-rotated1.jpg
997bb3ca344c21cd,train,not fractured,E:\projects\project-fracture-classification\dataset\Bone_Fracture_Dataset\train\not fractured\14-rotated1-rotated2 (1).jpg
997bb3ca344c21cd,train,not fractured,E:\projects\project-fracture-classification\dataset\Bone_Fracture_Dataset\train\not fractured\14-rotated1-rotated2-rotated1.jpg
997bb3ca344c21cd,train,not fractured,E:\projects\project-fracture-classification\dataset\Bone_Fracture_Dataset\train\not fractured\14-rotated1-rotated2.jpg
997bb3ca344c21cd,val,not fractured,E:\projects\project-fracture-classification\dataset\Bone_Fracture_Dataset\val\not fractured\14-rotated1-rotated2-rotated1.jpg
853436675a495b4f,test,not fractured,E:\projects\project-fracture-classification\dataset\Bone_Fracture_Dataset\test\not fractured\14-rotated2-rotated1-rotated1-rotated1.jpg
853436675a495b4f,train,not fractured,E:\projects\project-fracture-classification\dataset\Bone_Fracture_Dataset\train\not fractured\14-rotated2-rotated1-rotated1-rotated1.jpg
853436675a495b4f,train,not fractured,E:\projects\project-fracture-classification\dataset\Bone_Fracture_Dataset\train\not fractured\14-rotated3-rotated1 (1).jpg
853436675a495b4f,train,not fractured,E:\projects\project-fracture-classification\dataset\Bone_Fracture_Dataset\train\not fractured\14-rotated3-rotated1.jpg
853436675a495b4f,val,not fractured,E:\projects\project-fracture-classification\dataset\Bone_Fracture_Dataset\val\not fractured\14-rotated2-rotated1-rotated1-rotated1.jpg
853436675a495b4f,val,not fractured,E:\projects\project-fracture-classification\dataset\Bone_Fracture_Dataset\val\not fractured\14-rotated3-rotated1.jpg
9c59319a7b9c528d,test,not fractured,E:\projects\project-fracture-classification\dataset\Bone_Fracture_Dataset\test\not fractured\14-rotated2-rotated3-rotated2.jpg
9c59319a7b9c528d,train,not fractured,E:\projects\project-fracture-classification\dataset\Bone_Fracture_Dataset\train\not fractured\14-rotated2-rotated3-rotated2.jpg
9c59319a7b9c528d,val,not fractured,E:\projects\project-fracture-classification\dataset\Bone_Fracture_Dataset\val\not fractured\14-rotated2-rotated3-rotated2.jpg
8c4e67984e9d2e53,test,not fractured,E:\projects\project-fracture-classification\dataset\Bone_Fracture_Dataset\test\not fractured\14-rotated3-rotated2-rotated3-rotated1.jpg
8c4e67984e9d2e53,train,not fractured,E:\projects\project-fracture-classification\dataset\Bone_Fracture_Dataset\train\not fractured\14-rotated3-rotated2-rotated3-rotated1.jpg
8c4e67984e9d2e53,val,not fractured,E:\projects\project-fracture-classification\dataset\Bone_Fracture_Dataset\val\not fractured\14-rotated3-rotated2-rotated3-rotated1.jpg
9e3065c95acb5a4b,test,not fractured,E:\projects\project-fracture-classification\dataset\Bone_Fracture_Dataset\test\not fractured\15-rotated1-rotated1-rotated3-rotated1.jpg
9e3065c95acb5a4b,train,not fractured,E:\projects\project-fracture-classification\dataset\Bone_Fracture_Dataset\train\not fractured\15-rotated1-rotated1-rotated3-rotated1.jpg
9e3065c95acb5a4b,val,not fractured,E:\projects\project-fracture-classification\dataset\Bone_Fracture_Dataset\val\not fractured\15-rotated1-rotated1-rotated3-rotated1.jpg
994d659c46856e97,test,not fractured,E:\projects\project-fracture-classification\dataset\Bone_Fracture_Dataset\test\not fractured\15-rotated2-rotated1-rotated2.jpg
994d659c46856e97,train,not fractured,E:\projects\project-fracture-classification\dataset\Bone_Fracture_Dataset\train\not fractured\15-rotated2-rotated1-rotated2.jpg
994d659c46856e97,val,not fractured,E:\projects\project-fracture-classification\dataset\Bone_Fracture_Dataset\val\not fractured\15-rotated2-rotated1-rotated2.jpg
996d659c4e846e95,test,not fractured,E:\projects\project-fracture-classification\dataset\Bone_Fracture_Dataset\test\not fractured\15-rotated2-rotated3-rotated3.jpg
996d659c4e846e95,train,not fractured,E:\projects\project-fracture-classification\dataset\Bone_Fracture_Dataset\train\not fractured\15-rotated2-rotated3-rotated3.jpg
996d659c4e846e95,val,not fractured,E:\projects\project-fracture-classification\dataset\Bone_Fracture_Dataset\val\not fractured\15-rotated2-rotated3-rotated3.jpg
9a3344cf796d094b,test,not fractured,E:\projects\project-fracture-classification\dataset\Bone_Fracture_Dataset\test\not fractured\15-rotated3-rotated2-rotated3-rotated1.jpg
9a3344cf796d094b,train,not fractured,E:\projects\project-fracture-classification\dataset\Bone_Fracture_Dataset\train\not fractured\15-rotated3-rotated2-rotated3-rotated1.jpg
9a3344cf796d094b,val,not fractured,E:\projects\project-fracture-classification\dataset\Bone_Fracture_Dataset\val\not fractured\15-rotated3-rotated2-rotated3-rotated1.jpg
c91b32c41dfc09f3,test,not fractured,E:\projects\project-fracture-classification\dataset\Bone_Fracture_Dataset\test\not fractured\16-rotated1-rotated1-rotated3.jpg
c91b32c41dfc09f3,train,not fractured,E:\projects\project-fracture-classification\dataset\Bone_Fracture_Dataset\train\not fractured\16-rotated1-rotated1-rotated3.jpg
c91b32c41dfc09f3,train,not fractured,E:\projects\project-fracture-classification\dataset\Bone_Fracture_Dataset\train\not fractured\16-rotated1-rotated3-rotated3-rotated1 (1).jpg
c91b32c41dfc09f3,train,not fractured,E:\projects\project-fracture-classification\dataset\Bone_Fracture_Dataset\train\not fractured\16-rotated1-rotated3-rotated3-rotated1.jpg
c91b32c41dfc09f3,val,not fractured,E:\projects\project-fracture-classification\dataset\Bone_Fracture_Dataset\val\not fractured\16-rotated1-rotated1-rotated3.jpg
d29236e6097b7e48,test,not fractured,E:\projects\project-fracture-classification\dataset\Bone_Fracture_Dataset\test\not fractured\16-rotated2-rotated1-rotated1.jpg
d29236e6097b7e48,train,not fractured,E:\projects\project-fracture-classification\dataset\Bone_Fracture_Dataset\train\not fractured\16-rotated2-rotated1-rotated1.jpg
d29236e6097b7e48,val,not fractured,E:\projects\project-fracture-classification\dataset\Bone_Fracture_Dataset\val\not fractured\16-rotated2-rotated1-rotated1.jpg
c5b5294ada1a266f,test,not fractured,E:\projects\project-fracture-classification\dataset\Bone_Fracture_Dataset\test\not fractured\16-rotated2-rotated3-rotated2.jpg
c5b5294ada1a266f,train,not fractured,E:\projects\project-fracture-classification\dataset\Bone_Fracture_Dataset\train\not fractured\16-rotated2-rotated3-rotated2.jpg
c5b5294ada1a266f,val,not fractured,E:\projects\project-fracture-classification\dataset\Bone_Fracture_Dataset\val\not fractured\16-rotated2-rotated3-rotated2.jpg
cc66679327383c3c,test,not fractured,E:\projects\project-fracture-classification\dataset\Bone_Fracture_Dataset\test\not fractured\16-rotated3-rotated2-rotated2-rotated1.jpg
cc66679327383c3c,train,not fractured,E:\projects\project-fracture-classification\dataset\Bone_Fracture_Dataset\train\not fractured\16-rotated3-rotated2-rotated2-rotated1.jpg
cc66679327383c3c,val,not fractured,E:\projects\project-fracture-classification\dataset\Bone_Fracture_Dataset\val\not fractured\16-rotated3-rotated2-rotated2-rotated1.jpg
95254dda16dd1ec8,test,not fractured,E:\projects\project-fracture-classification\dataset\Bone_Fracture_Dataset\test\not fractured\17-rotated1-rotated2.jpg
95254dda16dd1ec8,train,not fractured,E:\projects\project-fracture-classification\dataset\Bone_Fracture_Dataset\train\not fractured\17-rotated1-rotated2-rotated1 (1).jpg
95254dda16dd1ec8,train,not fractured,E:\projects\project-fracture-classification\dataset\Bone_Fracture_Dataset\train\not fractured\17-rotated1-rotated2-rotated1.jpg
95254dda16dd1ec8,train,not fractured,E:\projects\project-fracture-classification\dataset\Bone_Fracture_Dataset\train\not fractured\17-rotated1-rotated2.jpg
95254dda16dd1ec8,val,not fractured,E:\projects\project-fracture-classification\dataset\Bone_Fracture_Dataset\val\not fractured\17-rotated1-rotated2.jpg
9634cd9af6db00c9,test,not fractured,E:\projects\project-fracture-classification\dataset\Bone_Fracture_Dataset\test\not fractured\17-rotated2-rotated1.jpg
9634cd9af6db00c9,train,not fractured,E:\projects\project-fracture-classification\dataset\Bone_Fracture_Dataset\train\not fractured\17-rotated2-rotated1.jpg
9634cd9af6db00c9,val,not fractured,E:\projects\project-fracture-classification\dataset\Bone_Fracture_Dataset\val\not fractured\17-rotated2-rotated1.jpg
926b49bdc990cd36,test,not fractured,E:\projects\project-fracture-classification\dataset\Bone_Fracture_Dataset\test\not fractured\17-rotated2-rotated3-rotated1-rotated1.jpg
926b49bdc990cd36,train,not fractured,E:\projects\project-fracture-classification\dataset\Bone_Fracture_Dataset\train\not fractured\17-rotated2-rotated3-rotated1-rotated1.jpg
926b49bdc990cd36,val,not fractured,E:\projects\project-fracture-classification\dataset\Bone_Fracture_Dataset\val\not fractured\17-rotated2-rotated3-rotated1-rotated1.jpg
9232c9bbc912c9bb,test,not fractured,E:\projects\project-fracture-classification\dataset\Bone_Fracture_Dataset\test\not fractured\17-rotated3-rotated2-rotated2-rotated1.jpg
9232c9bbc912c9bb,train,not fractured,E:\projects\project-fracture-classification\dataset\Bone_Fracture_Dataset\train\not fractured\17-rotated3-rotated2-rotated2-rotated1.jpg
9232c9bbc912c9bb,val,not fractured,E:\projects\project-fracture-classification\dataset\Bone_Fracture_Dataset\val\not fractured\17-rotated3-rotated2-rotated2-rotated1.jpg
924964b66b954bb5,test,not fractured,E:\projects\project-fracture-classification\dataset\Bone_Fracture_Dataset\test\not fractured\18-rotated1-rotated1-rotated2-rotated1.jpg
924964b66b954bb5,train,not fractured,E:\projects\project-fracture-classification\dataset\Bone_Fracture_Dataset\train\not fractured\18-rotated1-rotated1-rotated2-rotated1.jpg
924964b66b954bb5,val,not fractured,E:\projects\project-fracture-classification\dataset\Bone_Fracture_Dataset\val\not fractured\18-rotated1-rotated1-rotated2-rotated1.jpg
9b664d80b3fd5b01,test,not fractured,E:\projects\project-fracture-classification\dataset\Bone_Fracture_Dataset\test\not fractured\18-rotated2-rotated3-rotated2.jpg
9b664d80b3fd5b01,train,not fractured,E:\projects\project-fracture-classification\dataset\Bone_Fracture_Dataset\train\not fractured\18-rotated1-rotated1-rotated3-rotated1 (1).jpg
9b664d80b3fd5b01,train,not fractured,E:\projects\project-fracture-classification\dataset\Bone_Fracture_Dataset\train\not fractured\18-rotated1-rotated1-rotated3-rotated1.jpg
9b664d80b3fd5b01,train,not fractured,E:\projects\project-fracture-classification\dataset\Bone_Fracture_Dataset\train\not fractured\18-rotated2-rotated3-rotated2.jpg
9b664d80b3fd5b01,val,not fractured,E:\projects\project-fracture-classification\dataset\Bone_Fracture_Dataset\val\not fractured\18-rotated2-rotated3-rotated2.jpg
9b6d24d9b6d900da,test,not fractured,E:\projects\project-fracture-classification\dataset\Bone_Fracture_Dataset\test\not fractured\18-rotated2.jpg
9b6d24d9b6d900da,train,not fractured,E:\projects\project-fracture-classification\dataset\Bone_Fracture_Dataset\train\not fractured\18-rotated2.jpg
9b6d24d9b6d900da,val,not fractured,E:\projects\project-fracture-classification\dataset\Bone_Fracture_Dataset\val\not fractured\18-rotated2.jpg
924964966f964bb6,test,not fractured,E:\projects\project-fracture-classification\dataset\Bone_Fracture_Dataset\test\not fractured\18-rotated3-rotated2-rotated2-rotated1.jpg
924964966f964bb6,train,not fractured,E:\projects\project-fracture-classification\dataset\Bone_Fracture_Dataset\train\not fractured\18-rotated3-rotated2-rotated2-rotated1.jpg
924964966f964bb6,val,not fractured,E:\projects\project-fracture-classification\dataset\Bone_Fracture_Dataset\val\not fractured\18-rotated3-rotated2-rotated2-rotated1.jpg
916b279b4eb47a50,test,not fractured,E:\projects\project-fracture-classification\dataset\Bone_Fracture_Dataset\test\not fractured\19-rotated1-rotated1-rotated2-rotated1.jpg
916b279b4eb47a50,train,not fractured,E:\projects\project-fracture-classification\dataset\Bone_Fracture_Dataset\train\not fractured\19-rotated1-rotated1-rotated2-rotated1.jpg
916b279b4eb47a50,val,not fractured,E:\projects\project-fracture-classification\dataset\Bone_Fracture_Dataset\val\not fractured\19-rotated1-rotated1-rotated2-rotated1.jpg
c01e32e20f793fa5,test,not fractured,E:\projects\project-fracture-classification\dataset\Bone_Fracture_Dataset\test\not fractured\19-rotated2-rotated3-rotated1.jpg
c01e32e20f793fa5,train,not fractured,E:\projects\project-fracture-classification\dataset\Bone_Fracture_Dataset\train\not fractured\19-rotated2-rotated3-rotated1.jpg
c01e32e20f793fa5,val,not fractured,E:\projects\project-fracture-classification\dataset\Bone_Fracture_Dataset\val\not fractured\19-rotated2-rotated3-rotated1.jpg
cc3312e6f967216c,test,not fractured,E:\projects\project-fracture-classification\dataset\Bone_Fracture_Dataset\test\not fractured\19-rotated2.jpg
cc3312e6f967216c,train,not fractured,E:\projects\project-fracture-classification\dataset\Bone_Fracture_Dataset\train\not fractured\19-rotated1-rotated2-rotated3-rotated1 (1).jpg
cc3312e6f967216c,train,not fractured,E:\projects\project-fracture-classification\dataset\Bone_Fracture_Dataset\train\not fractured\19-rotated1-rotated2-rotated3-rotated1.jpg
cc3312e6f967216c,train,not fractured,E:\projects\project-fracture-classification\dataset\Bone_Fracture_Dataset\train\not fractured\19-rotated2-rotated1-rotated1-rotated1 (1).jpg
cc3312e6f967216c,train,not fractured,E:\projects\project-fracture-classification\dataset\Bone_Fracture_Dataset\train\not fractured\19-rotated2-rotated1-rotated1-rotated1.jpg
cc3312e6f967216c,train,not fractured,E:\projects\project-fracture-classification\dataset\Bone_Fracture_Dataset\train\not fractured\19-rotated2.jpg
cc3312e6f967216c,val,not fractured,E:\projects\project-fracture-classification\dataset\Bone_Fracture_Dataset\val\not fractured\19-rotated2.jpg
c73833c70c637ee0,test,not fractured,E:\projects\project-fracture-classification\dataset\Bone_Fracture_Dataset\test\not fractured\19-rotated3-rotated2-rotated2.jpg
c73833c70c637ee0,train,not fractured,E:\projects\project-fracture-classification\dataset\Bone_Fracture_Dataset\train\not fractured\19-rotated3 (1).jpg
c73833c70c637ee0,train,not fractured,E:\projects\project-fracture-classification\dataset\Bone_Fracture_Dataset\train\not fractured\19-rotated3-rotated1-rotated2 (1).jpg
c73833c70c637ee0,train,not fractured,E:\projects\project-fracture-classification\dataset\Bone_Fracture_Dataset\train\not fractured\19-rotated3-rotated1-rotated2.jpg
c73833c70c637ee0,train,not fractured,E:\projects\project-fracture-classification\dataset\Bone_Fracture_Dataset\train\not fractured\19-rotated3-rotated2-rotated2.jpg
c73833c70c637ee0,train,not fractured,E:\projects\project-fracture-classification\dataset\Bone_Fracture_Dataset\train\not fractured\19-rotated3.jpg
c73833c70c637ee0,val,not fractured,E:\projects\project-fracture-classification\dataset\Bone_Fracture_Dataset\val\not fractured\19-rotated3-rotated2-rotated2.jpg
813b67485be429eb,test,not fractured,E:\projects\project-fracture-classification\dataset\Bone_Fracture_Dataset\test\not fractured\2-rotated1-rotated1-rotated3-rotated1.jpg
813b67485be429eb,train,not fractured,E:\projects\project-fracture-classification\dataset\Bone_Fracture_Dataset\train\not fractured\2-rotated1-rotated1-rotated3-rotated1.jpg
813b67485be429eb,val,not fractured,E:\projects\project-fracture-classification\dataset\Bone_Fracture_Dataset\val\not fractured\2-rotated1-rotated1-rotated3-rotated1.jpg
8d30456f6a4b7a6a,test,not fractured,E:\projects\project-fracture-classification\dataset\Bone_Fracture_Dataset\test\not fractured\2-rotated1-rotated3-rotated1-rotated1.jpg
8d30456f6a4b7a6a,train,not fractured,E:\projects\project-fracture-classification\dataset\Bone_Fracture_Dataset\train\not fractured\2-rotated1-rotated3-rotated1-rotated1.jpg
8d30456f6a4b7a6a,train,not fractured,E:\projects\project-fracture-classification\dataset\Bone_Fracture_Dataset\train\not fractured\2-rotated1-rotated3-rotated3-rotated1 (1).jpg
8d30456f6a4b7a6a,train,not fractured,E:\projects\project-fracture-classification\dataset\Bone_Fracture_Dataset\train\not fractured\2-rotated1-rotated3-rotated3-rotated1 (2).jpg
8d30456f6a4b7a6a,train,not fractured,E:\projects\project-fracture-classification\dataset\Bone_Fracture_Dataset\train\not fractured\2-rotated1-rotated3-rotated3-rotated1.jpg
8d30456f6a4b7a6a,val,not fractured,E:\projects\project-fracture-classification\dataset\Bone_Fracture_Dataset\val\not fractured\2-rotated1-rotated3-rotated1-rotated1.jpg
98e750123dbe2f16,test,not fractured,E:\projects\project-fracture-classification\dataset\Bone_Fracture_Dataset\test\not fractured\2-rotated2-rotated1-rotated2-rotated1.jpg
98e750123dbe2f16,train,not fractured,E:\projects\project-fracture-classification\dataset\Bone_Fracture_Dataset\train\not fractured\2-rotated2-rotated1-rotated2-rotated1.jpg
98e750123dbe2f16,train,not fractured,E:\projects\project-fracture-classification\dataset\Bone_Fracture_Dataset\train\not fractured\2-rotated2-rotated1-rotated3 (1).jpg
98e750123dbe2f16,train,not fractured,E:\projects\project-fracture-classification\dataset\Bone_Fracture_Dataset\train\not fractured\2-rotated2-rotated1-rotated3 (2).jpg
98e750123dbe2f16,train,not fractured,E:\projects\project-fracture-classification\dataset\Bone_Fracture_Dataset\train\not fractured\2-rotated2-rotated1-rotated3.jpg
98e750123dbe2f16,train,not fractured,E:\projects\project-fracture-classification\dataset\Bone_Fracture_Dataset\train\not fractured\2-rotated3-rotated2-rotated2 (1).jpg
98e750123dbe2f16,train,not fractured,E:\projects\project-fracture-classification\dataset\Bone_Fracture_Dataset\train\not fractured\2-rotated3-rotated2-rotated2 (2).jpg
98e750123dbe2f16,train,not fractured,E:\projects\project-fracture-classification\dataset\Bone_Fracture_Dataset\train\not fractured\2-rotated3-rotated2-rotated2-rotated1 (1).jpg
98e750123dbe2f16,train,not fractured,E:\projects\project-fracture-classification\dataset\Bone_Fracture_Dataset\train\not fractured\2-rotated3-rotated2-rotated2-rotated1 (2).jpg
98e750123dbe2f16,train,not fractured,E:\projects\project-fracture-classification\dataset\Bone_Fracture_Dataset\train\not fractured\2-rotated3-rotated2-rotated2-rotated1.jpg
98e750123dbe2f16,train,not fractured,E:\projects\project-fracture-classification\dataset\Bone_Fracture_Dataset\train\not fractured\2-rotated3-rotated2-rotated2.jpg
98e750123dbe2f16,val,not fractured,E:\projects\project-fracture-classification\dataset\Bone_Fracture_Dataset\val\not fractured\2-rotated2-rotated1-rotated2-rotated1.jpg
98e750123dbe2f16,val,not fractured,E:\projects\project-fracture-classification\dataset\Bone_Fracture_Dataset\val\not fractured\2-rotated3-rotated2-rotated2-rotated1.jpg
98e750123dbe2f16,val,not fractured,E:\projects\project-fracture-classification\dataset\Bone_Fracture_Dataset\val\not fractured\2-rotated3-rotated2-rotated2.jpg
8d3064ef5a433ee1,test,not fractured,E:\projects\project-fracture-classification\dataset\Bone_Fracture_Dataset\test\not fractured\2-rotated2-rotated3.jpg
8d3064ef5a433ee1,train,not fractured,E:\projects\project-fracture-classification\dataset\Bone_Fracture_Dataset\train\not fractured\2-rotated2-rotated3.jpg
8d3064ef5a433ee1,val,not fractured,E:\projects\project-fracture-classification\dataset\Bone_Fracture_Dataset\val\not fractured\2-rotated2-rotated3.jpg
8d39646b5a423fe1,test,not fractured,E:\projects\project-fracture-classification\dataset\Bone_Fracture_Dataset\test\not fractured\2-rotated3-rotated1-rotated1-rotated1.jpg
8d39646b5a423fe1,train,not fractured,E:\projects\project-fracture-classification\dataset\Bone_Fracture_Dataset\train\not fractured\2-rotated1-rotated1-rotated1-rotated1 (1).jpg
8d39646b5a423fe1,train,not fractured,E:\projects\project-fracture-classification\dataset\Bone_Fracture_Dataset\train\not fractured\2-rotated1-rotated1-rotated1-rotated1 (2).jpg
8d39646b5a423fe1,train,not fractured,E:\projects\project-fracture-classification\dataset\Bone_Fracture_Dataset\train\not fractured\2-rotated1-rotated1-rotated1-rotated1.jpg
8d39646b5a423fe1,train,not fractured,E:\projects\project-fracture-classification\dataset\Bone_Fracture_Dataset\train\not fractured\2-rotated3-rotated1-rotated1-rotated1.jpg
8d39646b5a423fe1,val,not fractured,E:\projects\project-fracture-classification\dataset\Bone_Fracture_Dataset\val\not fractured\2-rotated3-rotated1-rotated1-rotated1.jpg
99ed111e1b9c2bb4,test,not fractured,E:\projects\project-fracture-classification\dataset\Bone_Fracture_Dataset\test\not fractured\2-rotated3-rotated2-rotated3.jpg
99ed111e1b9c2bb4,train,not fractured,E:\projects\project-fracture-classification\dataset\Bone_Fracture_Dataset\train\not fractured\2-rotated3-rotated2-rotated3.jpg
99ed111e1b9c2bb4,val,not fractured,E:\projects\project-fracture-classification\dataset\Bone_Fracture_Dataset\val\not fractured\2-rotated3-rotated2-rotated3.jpg
da1236cd1903e87f,test,not fractured,E:\projects\project-fracture-classification\dataset\Bone_Fracture_Dataset\test\not fractured\20-rotated1-rotated1-rotated3.jpg
da1236cd1903e87f,train,not fractured,E:\projects\project-fracture-classification\dataset\Bone_Fracture_Dataset\train\not fractured\20-rotated1-rotated1-rotated3.jpg
da1236cd1903e87f,val,not fractured,E:\projects\project-fracture-classification\dataset\Bone_Fracture_Dataset\val\not fractured\20-rotated1-rotated1-rotated3.jpg
db1332cc1b01f83f,test,not fractured,E:\projects\project-fracture-classification\dataset\Bone_Fracture_Dataset\test\not fractured\20-rotated2-rotated3-rotated3-rotated1.jpg
db1332cc1b01f83f,train,not fractured,E:\projects\project-fracture-classification\dataset\Bone_Fracture_Dataset\train\not fractured\20-rotated2-rotated2-rotated2 (1).jpg
db1332cc1b01f83f,train,not fractured,E:\projects\project-fracture-classification\dataset\Bone_Fracture_Dataset\train\not fractured\20-rotated2-rotated2-rotated2.jpg
db1332cc1b01f83f,train,not fractured,E:\projects\project-fracture-classification\dataset\Bone_Fracture_Dataset\train\not fractured\20-rotated2-rotated3-rotated3-rotated1.jpg
db1332cc1b01f83f,val,not fractured,E:\projects\project-fracture-classification\dataset\Bone_Fracture_Dataset\val\not fractured\20-rotated2-rotated2-rotated2.jpg
db1332cc1b01f83f,val,not fractured,E:\projects\project-fracture-classification\dataset\Bone_Fracture_Dataset\val\not fractured\20-rotated2-rotated3-rotated3-rotated1.jpg
c90c66ce36c41fe6,test,not fractured,E:\projects\project-fracture-classification\dataset\Bone_Fracture_Dataset\test\not fractured\20-rotated2.jpg
c90c66ce36c41fe6,train,not fractured,E:\projects\project-fracture-classification\dataset\Bone_Fracture_Dataset\train\not fractured\20-rotated2.jpg
c90c66ce36c41fe6,val,not fractured,E:\projects\project-fracture-classification\dataset\Bone_Fracture_Dataset\val\not fractured\20-rotated2.jpg
9bb3067366640ced,test,not fractured,E:\projects\project-fracture-classification\dataset\Bone_Fracture_Dataset\test\not fractured\21-rotated2-rotated1-rotated1.jpg
9bb3067366640ced,train,not fractured,E:\projects\project-fracture-classification\dataset\Bone_Fracture_Dataset\train\not fractured\21-rotated2-rotated1-rotated1.jpg
9bb3067366640ced,val,not fractured,E:\projects\project-fracture-classification\dataset\Bone_Fracture_Dataset\val\not fractured\21-rotated2-rotated1-rotated1.jpg
97b4644c7bca58c3,test,not fractured,E:\projects\project-fracture-classification\dataset\Bone_Fracture_Dataset\test\not fractured\21-rotated3-rotated1-rotated2.jpg
97b4644c7bca58c3,train,not fractured,E:\projects\project-fracture-classification\dataset\Bone_Fracture_Dataset\train\not fractured\21-rotated2-rotated3-rotated1-rotated1 (1).jpg
97b4644c7bca58c3,train,not fractured,E:\projects\project-fracture-classification\dataset\Bone_Fracture_Dataset\train\not fractured\21-rotated2-rotated3-rotated1-rotated1.jpg
97b4644c7bca58c3,train,not fractured,E:\projects\project-fracture-classification\dataset\Bone_Fracture_Dataset\train\not fractured\21-rotated3-rotated1-rotated2.jpg
97b4644c7bca58c3,train,not fractured,E:\projects\project-fracture-classification\dataset\Bone_Fracture_Dataset\train\not fractured\21-rotated3-rotated3-rotated3 (1).jpg
97b4644c7bca58c3,train,not fractured,E:\projects\project-fracture-classification\dataset\Bone_Fracture_Dataset\train\not fractured\21-rotated3-rotated3-rotated3.jpg
97b4644c7bca58c3,val,not fractured,E:\projects\project-fracture-classification\dataset\Bone_Fracture_Dataset\val\not fractured\21-rotated3-rotated1-rotated2.jpg
9bb38637662c04fc,test,not fractured,E:\projects\project-fracture-classification\dataset\Bone_Fracture_Dataset\test\not fractured\21.jpg
9bb38637662c04fc,train,not fractured,E:\projects\project-fracture-classification\dataset\Bone_Fracture_Dataset\train\not fractured\21.jpg
9bb38637662c04fc,val,not fractured,E:\projects\project-fracture-classification\dataset\Bone_Fracture_Dataset\val\not fractured\21.jpg
cde7933376001cbc,test,not fractured,E:\projects\project-fracture-classification\dataset\Bone_Fracture_Dataset\test\not fractured\22-rotated1-rotated2.jpg
cde7933376001cbc,train,not fractured,E:\projects\project-fracture-classification\dataset\Bone_Fracture_Dataset\train\not fractured\22-rotated1-rotated2.jpg
cde7933376001cbc,val,not fractured,E:\projects\project-fracture-classification\dataset\Bone_Fracture_Dataset\val\not fractured\22-rotated1-rotated2.jpg
ccb206267f6f1b03,test,not fractured,E:\projects\project-fracture-classification\dataset\Bone_Fracture_Dataset\test\not fractured\22-rotated2-rotated2-rotated1-rotated1.jpg
ccb206267f6f1b03,train,not fractured,E:\projects\project-fracture-classification\dataset\Bone_Fracture_Dataset\train\not fractured\22-rotated2-rotated2-rotated1-rotated1.jpg
ccb206267f6f1b03,val,not fractured,E:\projects\project-fracture-classification\dataset\Bone_Fracture_Dataset\val\not fractured\22-rotated2-rotated2-rotated1-rotated1.jpg
ccb28676776d0159,test,not fractured,E:\projects\project-fracture-classification\dataset\Bone_Fracture_Dataset\test\not fractured\22-rotated3-rotated2-rotated3.jpg
ccb28676776d0159,train,not fractured,E:\projects\project-fracture-classification\dataset\Bone_Fracture_Dataset\train\not fractured\22-rotated3-rotated2-rotated3.jpg
ccb28676776d0159,val,not fractured,E:\projects\project-fracture-classification\dataset\Bone_Fracture_Dataset\val\not fractured\22-rotated3-rotated2-rotated3.jpg
cc735366337518b8,test,not fractured,E:\projects\project-fracture-classification\dataset\Bone_Fracture_Dataset\test\not fractured\23-rotated1-rotated2-rotated1-rotated1.jpg
cc735366337518b8,train,not fractured,E:\projects\project-fracture-classification\dataset\Bone_Fracture_Dataset\train\not fractured\23-rotated1-rotated2-rotated1-rotated1.jpg
cc735366337518b8,val,not fractured,E:\projects\project-fracture-classification\dataset\Bone_Fracture_Dataset\val\not fractured\23-rotated1-rotated2-rotated1-rotated1.jpg
986433193eba4f96,test,not fractured,E:\projects\project-fracture-classification\dataset\Bone_Fracture_Dataset\test\not fractured\23-rotated2-rotated3-rotated2-rotated1.jpg
986433193eba4f96,train,not fractured,E:\projects\project-fracture-classification\dataset\Bone_Fracture_Dataset\train\not fractured\23-rotated2-rotated3-rotated2-rotated1.jpg
986433193eba4f96,val,not fractured,E:\projects\project-fracture-classification\dataset\Bone_Fracture_Dataset\val\not fractured\23-rotated2-rotated3-rotated2-rotated1.jpg
cc735366337538a8,test,not fractured,E:\projects\project-fracture-classification\dataset\Bone_Fracture_Dataset\test\not fractured\23-rotated3-rotated3-rotated3.jpg
cc735366337538a8,train,not fractured,E:\projects\project-fracture-classification\dataset\Bone_Fracture_Dataset\train\not fractured\23-rotated3-rotated3-rotated3.jpg
cc735366337538a8,val,not fractured,E:\projects\project-fracture-classification\dataset\Bone_Fracture_Dataset\val\not fractured\23-rotated3-rotated3-rotated3.jpg
994c56894e956ed6,test,not fractured,E:\projects\project-fracture-classification\dataset\Bone_Fracture_Dataset\test\not fractured\24-rotated1-rotated3-rotated1-rotated1.jpg
994c56894e956ed6,train,not fractured,E:\projects\project-fracture-classification\dataset\Bone_Fracture_Dataset\train\not fractured\24-rotated1-rotated1-rotated2 (1).jpg
994c56894e956ed6,train,not fractured,E:\projects\project-fracture-classification\dataset\Bone_Fracture_Dataset\train\not fractured\24-rotated1-rotated1-rotated2.jpg
994c56894e956ed6,train,not fractured,E:\projects\project-fracture-classification\dataset\Bone_Fracture_Dataset\train\not fractured\24-rotated1-rotated3-rotated1-rotated1.jpg
994c56894e956ed6,train,not fractured,E:\projects\project-fracture-classification\dataset\Bone_Fracture_Dataset\train\not fractured\24-rotated2-rotated3 (1).jpg
994c56894e956ed6,train,not fractured,E:\projects\project-fracture-classification\dataset\Bone_Fracture_Dataset\train\not fractured\24-rotated2-rotated3.jpg
994c56894e956ed6,val,not fractured,E:\projects\project-fracture-classification\dataset\Bone_Fracture_Dataset\val\not fractured\24-rotated1-rotated3-rotated1-rotated1.jpg
997393cc71856a95,test,not fractured,E:\projects\project-fracture-classification\dataset\Bone_Fracture_Dataset\test\not fractured\24-rotated2-rotated3-rotated3-rotated1.jpg
997393cc71856a95,train,not fractured,E:\projects\project-fracture-classification\dataset\Bone_Fracture_Dataset\train\not fractured\24-rotated2-rotated3-rotated3-rotated1.jpg
997393cc71856a95,val,not fractured,E:\projects\project-fracture-classification\dataset\Bone_Fracture_Dataset\val\not fractured\24-rotated2-rotated3-rotated3-rotated1.jpg
cc3953ce0ec43ec6,test,not fractured,E:\projects\project-fracture-classification\dataset\Bone_Fracture_Dataset\test\not fractured\25-rotated1-rotated1-rotated3.jpg
cc3953ce0ec43ec6,train,not fractured,E:\projects\project-fracture-classification\dataset\Bone_Fracture_Dataset\train\not fractured\25-rotated1-rotated1-rotated3.jpg
cc3953ce0ec43ec6,val,not fractured,E:\projects\project-fracture-classification\dataset\Bone_Fracture_Dataset\val\not fractured\25-rotated1-rotated1-rotated3.jpg
c96633dc0e3a2d1e,test,not fractured,E:\projects\project-fracture-classification\dataset\Bone_Fracture_Dataset\test\not fractured\25-rotated2-rotated2.jpg
c96633dc0e3a2d1e,train,not fractured,E:\projects\project-fracture-classification\dataset\Bone_Fracture_Dataset\train\not fractured\25-rotated2-rotated2.jpg
c96633dc0e3a2d1e,val,not fractured,E:\projects\project-fracture-classification\dataset\Bone_Fracture_Dataset\val\not fractured\25-rotated2-rotated2.jpg
cc6651cc2e3a3d1e,test,not fractured,E:\projects\project-fracture-classification\dataset\Bone_Fracture_Dataset\test\not fractured\25-rotated3-rotated1-rotated3.jpg
cc6651cc2e3a3d1e,train,not fractured,E:\projects\project-fracture-classification\dataset\Bone_Fracture_Dataset\train\not fractured\25-rotated3-rotated1-rotated3.jpg
cc6651cc2e3a3d1e,val,not fractured,E:\projects\project-fracture-classification\dataset\Bone_Fracture_Dataset\val\not fractured\25-rotated3-rotated1-rotated3.jpg
8e4e669348a653b7,test,not fractured,E:\projects\project-fracture-classification\dataset\Bone_Fracture_Dataset\test\not fractured\26-rotated1-rotated2.jpg
8e4e669348a653b7,train,not fractured,E:\projects\project-fracture-classification\dataset\Bone_Fracture_Dataset\train\not fractured\26-rotated1-rotated2.jpg
8e4e669348a653b7,val,not fractured,E:\projects\project-fracture-classification\dataset\Bone_Fracture_Dataset\val\not fractured\26-rotated1-rotated2.jpg
994993d9365926cd,test,not fractured,E:\projects\project-fracture-classification\dataset\Bone_Fracture_Dataset\test\not fractured\26-rotated2-rotated3-rotated1-rotated1.jpg
994993d9365926cd,train,not fractured,E:\projects\project-fracture-classification\dataset\Bone_Fracture_Dataset\train\not fractured\26-rotated2-rotated3-rotated1-rotated1.jpg
994993d9365926cd,val,not fractured,E:\projects\project-fracture-classification\dataset\Bone_Fracture_Dataset\val\not fractured\26-rotated2-rotated3-rotated1-rotated1.jpg
8e4e679348a65b35,test,not fractured,E:\projects\project-fracture-classification\dataset\Bone_Fracture_Dataset\test\not fractured\26-rotated3-rotated3.jpg
8e4e679348a65b35,train,not fractured,E:\projects\project-fracture-classification\dataset\Bone_Fracture_Dataset\train\not fractured\26-rotated3-rotated3.jpg
8e4e679348a65b35,val,not fractured,E:\projects\project-fracture-classification\dataset\Bone_Fracture_Dataset\val\not fractured\26-rotated3-rotated3.jpg
98c607b26b1a6e9e,test,not fractured,E:\projects\project-fracture-classification\dataset\Bone_Fracture_Dataset\test\not fractured\27-rotated1-rotated3-rotated1.jpg
98c607b26b1a6e9e,train,not fractured,E:\projects\project-fracture-classification\dataset\Bone_Fracture_Dataset\train\not fractured\27-rotated1-rotated3-rotated1.jpg
98c607b26b1a6e9e,val,not fractured,E:\projects\project-fracture-classification\dataset\Bone_Fracture_Dataset\val\not fractured\27-rotated1-rotated3-rotated1.jpg
98b5455a729b278d,test,not fractured,E:\projects\project-fracture-classification\dataset\Bone_Fracture_Dataset\test\not fractured\27-rotated2-rotated3-rotated2-rotated1.jpg
98b5455a729b278d,train,not fractured,E:\projects\project-fracture-classification\dataset\Bone_Fracture_Dataset\train\not fractured\27-rotated2-rotated3-rotated2-rotated1.jpg
98b5455a729b278d,val,not fractured,E:\projects\project-fracture-classification\dataset\Bone_Fracture_Dataset\val\not fractured\27-rotated2-rotated3-rotated2-rotated1.jpg
94b4654d19f31ee8,test,not fractured,E:\projects\project-fracture-classification\dataset\Bone_Fracture_Dataset\test\not fractured\28-rotated2-rotated1-rotated1-rotated1.jpg
94b4654d19f31ee8,train,not fractured,E:\projects\project-fracture-classification\dataset\Bone_Fracture_Dataset\train\not fractured\28-rotated2-rotated1-rotated1-rotated1.jpg
94b4654d19f31ee8,val,not fractured,E:\projects\project-fracture-classification\dataset\Bone_Fracture_Dataset\val\not fractured\28-rotated2-rotated1-rotated1-rotated1.jpg
92b2660c69b674ed,test,not fractured,E:\projects\project-fracture-classification\dataset\Bone_Fracture_Dataset\test\not fractured\28-rotated3-rotated1-rotated2.jpg
92b2660c69b674ed,train,not fractured,E:\projects\project-fracture-classification\dataset\Bone_Fracture_Dataset\train\not fractured\28-rotated3-rotated1-rotated2.jpg
92b2660c69b674ed,val,not fractured,E:\projects\project-fracture-classification\dataset\Bone_Fracture_Dataset\val\not fractured\28-rotated3-rotated1-rotated2.jpg
96b2664c29e73ce1,test,not fractured,E:\projects\project-fracture-classification\dataset\Bone_Fracture_Dataset\test\not fractured\28.jpg
96b2664c29e73ce1,train,not fractured,E:\projects\project-fracture-classification\dataset\Bone_Fracture_Dataset\train\not fractured\28.jpg
96b2664c29e73ce1,val,not fractured,E:\projects\project-fracture-classification\dataset\Bone_Fracture_Dataset\val\not fractured\28.jpg
cc9245675acb5a63,test,not fractured,E:\projects\project-fracture-classification\dataset\Bone_Fracture_Dataset\test\not fractured\29-rotated1-rotated1-rotated3.jpg
cc9245675acb5a63,train,not fractured,E:\projects\project-fracture-classification\dataset\Bone_Fracture_Dataset\train\not fractured\29-rotated1-rotated1-rotated3.jpg
cc9245675acb5a63,val,not fractured,E:\projects\project-fracture-classification\dataset\Bone_Fracture_Dataset\val\not fractured\29-rotated1-rotated1-rotated3.jpg
cc98666b5ac21fe1,test,not fractured,E:\projects\project-fracture-classification\dataset\Bone_Fracture_Dataset\test\not fractured\29-rotated2-rotated2-rotated1-rotated1.jpg
cc98666b5ac21fe1,train,not fractured,E:\projects\project-fracture-classification\dataset\Bone_Fracture_Dataset\train\not fractured\29-rotated2-rotated2-rotated1-rotated1.jpg
cc98666b5ac21fe1,val,not fractured,E:\projects\project-fracture-classification\dataset\Bone_Fracture_Dataset\val\not fractured\29-rotated2-rotated2-rotated1-rotated1.jpg
c9e7303d1f0f0f22,test,not fractured,E:\projects\project-fracture-classification\dataset\Bone_Fracture_Dataset\test\not fractured\29-rotated3-rotated2-rotated3.jpg
c9e7303d1f0f0f22,train,not fractured,E:\projects\project-fracture-classification\dataset\Bone_Fracture_Dataset\train\not fractured\29-rotated3-rotated2-rotated3.jpg
c9e7303d1f0f0f22,val,not fractured,E:\projects\project-fracture-classification\dataset\Bone_Fracture_Dataset\val\not fractured\29-rotated3-rotated2-rotated3.jpg
982751781fb40fab,test,not fractured,E:\projects\project-fracture-classification\dataset\Bone_Fracture_Dataset\test\not fractured\3-rotated1-rotated2-rotated1-rotated1.jpg
982751781fb40fab,train,not fractured,E:\projects\project-fracture-classification\dataset\Bone_Fracture_Dataset\train\not fractured\3-rotated1-rotated2-rotated1-rotated1.jpg
982751781fb40fab,val,not fractured,E:\projects\project-fracture-classification\dataset\Bone_Fracture_Dataset\val\not fractured\3-rotated1-rotated2-rotated1-rotated1.jpg
c53943cf1fe02ba2,test,not fractured,E:\projects\project-fracture-classification\dataset\Bone_Fracture_Dataset\test\not fractured\3-rotated1-rotated3-rotated3.jpg
c53943cf1fe02ba2,train,not fractured,E:\projects\project-fracture-classification\dataset\Bone_Fracture_Dataset\train\not fractured\3-rotated1-rotated3-rotated3.jpg
c53943cf1fe02ba2,train,not fractured,E:\projects\project-fracture-classification\dataset\Bone_Fracture_Dataset\train\not fractured\3-rotated2-rotated1-rotated2-rotated1 (1).jpg
c53943cf1fe02ba2,train,not fractured,E:\projects\project-fracture-classification\dataset\Bone_Fracture_Dataset\train\not fractured\3-rotated2-rotated1-rotated2-rotated1 (2).jpg
c53943cf1fe02ba2,train,not fractured,E:\projects\project-fracture-classification\dataset\Bone_Fracture_Dataset\train\not fractured\3-rotated2-rotated1-rotated2-rotated1.jpg
c53943cf1fe02ba2,val,not fractured,E:\projects\project-fracture-classification\dataset\Bone_Fracture_Dataset\val\not fractured\3-rotated1-rotated3-rotated3.jpg
986750681fb41fad,test,not fractured,E:\projects\project-fracture-classification\dataset\Bone_Fracture_Dataset\test\not fractured\3-rotated1.jpg
986750681fb41fad,train,not fractured,E:\projects\project-fracture-classification\dataset\Bone_Fracture_Dataset\train\not fractured\3-rotated1.jpg
986750681fb41fad,val,not fractured,E:\projects\project-fracture-classification\dataset\Bone_Fracture_Dataset\val\not fractured\3-rotated1.jpg
982750681ff41fe9,test,not fractured,E:\projects\project-fracture-classification\dataset\Bone_Fracture_Dataset\test\not fractured\3-rotated2-rotated2.jpg
982750681ff41fe9,train,not fractured,E:\projects\project-fracture-classification\dataset\Bone_Fracture_Dataset\train\not fractured\3-rotated2-rotated2.jpg
982750681ff41fe9,val,not fractured,E:\projects\project-fracture-classification\dataset\Bone_Fracture_Dataset\val\not fractured\3-rotated2-rotated2.jpg
983741381fb44f1f,test,not fractured,E:\projects\project-fracture-classification\dataset\Bone_Fracture_Dataset\test\not fractured\3-rotated2-rotated3-rotated2.jpg
983741381fb44f1f,train,not fractured,E:\projects\project-fracture-classification\dataset\Bone_Fracture_Dataset\train\not fractured\3-rotated2-rotated3-rotated2.jpg
983741381fb44f1f,val,not fractured,E:\projects\project-fracture-classification\dataset\Bone_Fracture_Dataset\val\not fractured\3-rotated2-rotated3-rotated2.jpg
c73943cd1fe02ba2,test,not fractured,E:\projects\project-fracture-classification\dataset\Bone_Fracture_Dataset\test\not fractured\3-rotated3-rotated1-rotated3.jpg
c73943cd1fe02ba2,train,not fractured,E:\projects\project-fracture-classification\dataset\Bone_Fracture_Dataset\train\not fractured\3-rotated3-rotated1-rotated3.jpg
c73943cd1fe02ba2,val,not fractured,E:\projects\project-fracture-classification\dataset\Bone_Fracture_Dataset\val\not fractured\3-rotated3-rotated1-rotated3.jpg
964846b04eb57e9e,test,not fractured,E:\projects\project-fracture-classification\dataset\Bone_Fracture_Dataset\test\not fractured\3-rotated3-rotated3-rotated1.jpg
964846b04eb57e9e,train,not fractured,E:\projects\project-fracture-classification\dataset\Bone_Fracture_Dataset\train\not fractured\3-rotated3-rotated3-rotated1.jpg
964846b04eb57e9e,val,not fractured,E:\projects\project-fracture-classification\dataset\Bone_Fracture_Dataset\val\not fractured\3-rotated3-rotated3-rotated1.jpg
b2cc98cb9cc3cc93,test,not fractured,E:\projects\project-fracture-classification\dataset\Bone_Fracture_Dataset\test\not fractured\3.png
b2cc98cb9cc3cc93,test,not fractured,E:\projects\project-fracture-classification\dataset\Bone_Fracture_Dataset\test\not fractured\6.png
b2cc98cb9cc3cc93,test,not fractured,E:\projects\project-fracture-classification\dataset\Bone_Fracture_Dataset\test\not fractured\8.png
b2cc98cb9cc3cc93,test,not fractured,E:\projects\project-fracture-classification\dataset\Bone_Fracture_Dataset\test\not fractured\9.png
b2cc98cb9cc3cc93,train,not fractured,E:\projects\project-fracture-classification\dataset\Bone_Fracture_Dataset\train\not fractured\3.png
b2cc98cb9cc3cc93,train,not fractured,E:\projects\project-fracture-classification\dataset\Bone_Fracture_Dataset\train\not fractured\6.png
b2cc98cb9cc3cc93,train,not fractured,E:\projects\project-fracture-classification\dataset\Bone_Fracture_Dataset\train\not fractured\8.png
b2cc98cb9cc3cc93,train,not fractured,E:\projects\project-fracture-classification\dataset\Bone_Fracture_Dataset\train\not fractured\9.png
b2cc98cb9cc3cc93,val,not fractured,E:\projects\project-fracture-classification\dataset\Bone_Fracture_Dataset\val\not fractured\3.png
b2cc98cb9cc3cc93,val,not fractured,E:\projects\project-fracture-classification\dataset\Bone_Fracture_Dataset\val\not fractured\6.png
b2cc98cb9cc3cc93,val,not fractured,E:\projects\project-fracture-classification\dataset\Bone_Fracture_Dataset\val\not fractured\8.png
b2cc98cb9cc3cc93,val,not fractured,E:\projects\project-fracture-classification\dataset\Bone_Fracture_Dataset\val\not fractured\9.png
cfc616181c966bb6,test,not fractured,E:\projects\project-fracture-classification\dataset\Bone_Fracture_Dataset\test\not fractured\30-rotated1-rotated2-rotated3-rotated1.jpg
cfc616181c966bb6,train,not fractured,E:\projects\project-fracture-classification\dataset\Bone_Fracture_Dataset\train\not fractured\30-rotated1-rotated2-rotated3-rotated1.jpg
cfc616181c966bb6,train,not fractured,E:\projects\project-fracture-classification\dataset\Bone_Fracture_Dataset\train\not fractured\47-rotated3-rotated3-rotated1 (1).jpg
cfc616181c966bb6,train,not fractured,E:\projects\project-fracture-classification\dataset\Bone_Fracture_Dataset\train\not fractured\47-rotated3-rotated3-rotated1.jpg
cfc616181c966bb6,val,not fractured,E:\projects\project-fracture-classification\dataset\Bone_Fracture_Dataset\val\not fractured\30-rotated1-rotated2-rotated3-rotated1.jpg
949837666b6b4e4a,test,not fractured,E:\projects\project-fracture-classification\dataset\Bone_Fracture_Dataset\test\not fractured\30-rotated2-rotated3-rotated1-rotated1.jpg
949837666b6b4e4a,train,not fractured,E:\projects\project-fracture-classification\dataset\Bone_Fracture_Dataset\train\not fractured\30-rotated2-rotated3-rotated1-rotated1.jpg
949837666b6b4e4a,val,not fractured,E:\projects\project-fracture-classification\dataset\Bone_Fracture_Dataset\val\not fractured\30-rotated2-rotated3-rotated1-rotated1.jpg
c1c1371f4aa53e1e,test,not fractured,E:\projects\project-fracture-classification\dataset\Bone_Fracture_Dataset\test\not fractured\30-rotated3-rotated3-rotated3-rotated1.jpg
c1c1371f4aa53e1e,train,not fractured,E:\projects\project-fracture-classification\dataset\Bone_Fracture_Dataset\train\not fractured\30-rotated3-rotated3-rotated3-rotated1.jpg
c1c1371f4aa53e1e,val,not fractured,E:\projects\project-fracture-classification\dataset\Bone_Fracture_Dataset\val\not fractured\30-rotated3-rotated3-rotated3-rotated1.jpg
91e652713ec86ec9,test,not fractured,E:\projects\project-fracture-classification\dataset\Bone_Fracture_Dataset\test\not fractured\31-rotated2-rotated1.jpg
91e652713ec86ec9,train,not fractured,E:\projects\project-fracture-classification\dataset\Bone_Fracture_Dataset\train\not fractured\31-rotated2-rotated1.jpg
91e652713ec86ec9,val,not fractured,E:\projects\project-fracture-classification\dataset\Bone_Fracture_Dataset\val\not fractured\31-rotated2-rotated1.jpg
91c4123b2e976f93,test,not fractured,E:\projects\project-fracture-classification\dataset\Bone_Fracture_Dataset\test\not fractured\31-rotated3-rotated1-rotated1.jpg
91c4123b2e976f93,train,not fractured,E:\projects\project-fracture-classification\dataset\Bone_Fracture_Dataset\train\not fractured\31-rotated3-rotated1-rotated1.jpg
91c4123b2e976f93,val,not fractured,E:\projects\project-fracture-classification\dataset\Bone_Fracture_Dataset\val\not fractured\31-rotated3-rotated1-rotated1.jpg
cc99137366662ecc,test,not fractured,E:\projects\project-fracture-classification\dataset\Bone_Fracture_Dataset\test\not fractured\32-rotated1-rotated1-rotated2-rotated1.jpg
cc99137366662ecc,train,not fractured,E:\projects\project-fracture-classification\dataset\Bone_Fracture_Dataset\train\not fractured\32-rotated1-rotated1-rotated2-rotated1.jpg
cc99137366662ecc,val,not fractured,E:\projects\project-fracture-classification\dataset\Bone_Fracture_Dataset\val\not fractured\32-rotated1-rotated1-rotated2-rotated1.jpg
cc891372666e6ecc,test,not fractured,E:\projects\project-fracture-classification\dataset\Bone_Fracture_Dataset\test\not fractured\32-rotated2-rotated2.jpg
cc891372666e6ecc,train,not fractured,E:\projects\project-fracture-classification\dataset\Bone_Fracture_Dataset\train\not fractured\32-rotated1-rotated1 (1).jpg
cc891372666e6ecc,train,not fractured,E:\projects\project-fracture-classification\dataset\Bone_Fracture_Dataset\train\not fractured\32-rotated1-rotated1.jpg
cc891372666e6ecc,train,not fractured,E:\projects\project-fracture-classification\dataset\Bone_Fracture_Dataset\train\not fractured\32-rotated2-rotated2.jpg
cc891372666e6ecc,val,not fractured,E:\projects\project-fracture-classification\dataset\Bone_Fracture_Dataset\val\not fractured\32-rotated1-rotated1.jpg
cc891372666e6ecc,val,not fractured,E:\projects\project-fracture-classification\dataset\Bone_Fracture_Dataset\val\not fractured\32-rotated2-rotated2.jpg
ccde133133336699,test,not fractured,E:\projects\project-fracture-classification\dataset\Bone_Fracture_Dataset\test\not fractured\32-rotated3-rotated2-rotated2.jpg
ccde133133336699,train,not fractured,E:\projects\project-fracture-classification\dataset\Bone_Fracture_Dataset\train\not fractured\32-rotated3-rotated2-rotated2.jpg
ccde133133336699,val,not fractured,E:\projects\project-fracture-classification\dataset\Bone_Fracture_Dataset\val\not fractured\32-rotated3-rotated2-rotated2.jpg
d999632e41b372e4,test,not fractured,E:\projects\project-fracture-classification\dataset\Bone_Fracture_Dataset\test\not fractured\33-rotated1-rotated2-rotated2-rotated1.jpg
d999632e41b372e4,train,not fractured,E:\projects\project-fracture-classification\dataset\Bone_Fracture_Dataset\train\not fractured\33-rotated1-rotated2-rotated2-rotated1.jpg
d999632e41b372e4,val,not fractured,E:\projects\project-fracture-classification\dataset\Bone_Fracture_Dataset\val\not fractured\33-rotated1-rotated2-rotated2-rotated1.jpg
d999632e259372e4,test,not fractured,E:\projects\project-fracture-classification\dataset\Bone_Fracture_Dataset\test\not fractured\33-rotated2-rotated2-rotated3.jpg
d999632e259372e4,train,not fractured,E:\projects\project-fracture-classification\dataset\Bone_Fracture_Dataset\train\not fractured\33-rotated2-rotated2-rotated3.jpg
d999632e259372e4,val,not fractured,E:\projects\project-fracture-classification\dataset\Bone_Fracture_Dataset\val\not fractured\33-rotated2-rotated2-rotated3.jpg
d39a63661ce31ee0,test,not fractured,E:\projects\project-fracture-classification\dataset\Bone_Fracture_Dataset\test\not fractured\33-rotated3-rotated3-rotated2-rotated1.jpg
d39a63661ce31ee0,train,not fractured,E:\projects\project-fracture-classification\dataset\Bone_Fracture_Dataset\train\not fractured\33-rotated3-rotated1-rotated3-rotated1 (1).jpg
d39a63661ce31ee0,train,not fractured,E:\projects\project-fracture-classification\dataset\Bone_Fracture_Dataset\train\not fractured\33-rotated3-rotated1-rotated3-rotated1.jpg
d39a63661ce31ee0,train,not fractured,E:\projects\project-fracture-classification\dataset\Bone_Fracture_Dataset\train\not fractured\33-rotated3-rotated3-rotated2-rotated1.jpg
d39a63661ce31ee0,val,not fractured,E:\projects\project-fracture-classification\dataset\Bone_Fracture_Dataset\val\not fractured\33-rotated3-rotated3-rotated2-rotated1.jpg
909f56640f3a6bc9,test,not fractured,E:\projects\project-fracture-classification\dataset\Bone_Fracture_Dataset\test\not fractured\34-rotated1-rotated3-rotated3-rotated1.jpg
909f56640f3a6bc9,train,not fractured,E:\projects\project-fracture-classification\dataset\Bone_Fracture_Dataset\train\not fractured\34-rotated1-rotated3-rotated3-rotated1.jpg
909f56640f3a6bc9,val,not fractured,E:\projects\project-fracture-classification\dataset\Bone_Fracture_Dataset\val\not fractured\34-rotated1-rotated3-rotated3-rotated1.jpg
99cd131a0ebe0ebc,test,not fractured,E:\projects\project-fracture-classification\dataset\Bone_Fracture_Dataset\test\not fractured\34-rotated3.jpg
99cd131a0ebe0ebc,train,not fractured,E:\projects\project-fracture-classification\dataset\Bone_Fracture_Dataset\train\not fractured\34-rotated3.jpg
99cd131a0ebe0ebc,val,not fractured,E:\projects\project-fracture-classification\dataset\Bone_Fracture_Dataset\val\not fractured\34-rotated3.jpg
ccc6c666227353ab,test,not fractured,E:\projects\project-fracture-classification\dataset\Bone_Fracture_Dataset\test\not fractured\35-rotated1-rotated1.jpg
ccc6c666227353ab,train,not fractured,E:\projects\project-fracture-classification\dataset\Bone_Fracture_Dataset\train\not fractured\35-rotated1-rotated1.jpg
ccc6c666227353ab,val,not fractured,E:\projects\project-fracture-classification\dataset\Bone_Fracture_Dataset\val\not fractured\35-rotated1-rotated1.jpg
c0ed32391c9e4f87,test,not fractured,E:\projects\project-fracture-classification\dataset\Bone_Fracture_Dataset\test\not fractured\35-rotated2-rotated1-rotated3.jpg
c0ed32391c9e4f87,train,not fractured,E:\projects\project-fracture-classification\dataset\Bone_Fracture_Dataset\train\not fractured\35-rotated1-rotated3 (1).jpg
c0ed32391c9e4f87,train,not fractured,E:\projects\project-fracture-classification\dataset\Bone_Fracture_Dataset\train\not fractured\35-rotated1-rotated3.jpg
c0ed32391c9e4f87,train,not fractured,E:\projects\project-fracture-classification\dataset\Bone_Fracture_Dataset\train\not fractured\35-rotated2-rotated1-rotated3.jpg
c0ed32391c9e4f87,val,not fractured,E:\projects\project-fracture-classification\dataset\Bone_Fracture_Dataset\val\not fractured\35-rotated2-rotated1-rotated3.jpg
ccc6466622735bab,test,not fractured,E:\projects\project-fracture-classification\dataset\Bone_Fracture_Dataset\test\not fractured\35-rotated3-rotated2-rotated1-rotated1.jpg
ccc6466622735bab,train,not fractured,E:\projects\project-fracture-classification\dataset\Bone_Fracture_Dataset\train\not fractured\35-rotated3-rotated2-rotated1-rotated1.jpg
ccc6466622735bab,val,not fractured,E:\projects\project-fracture-classification\dataset\Bone_Fracture_Dataset\val\not fractured\35-rotated3-rotated2-rotated1-rotated1.jpg
cdc7126d6c6c2666,test,not fractured,E:\projects\project-fracture-classification\dataset\Bone_Fracture_Dataset\test\not fractured\36-rotated1-rotated2-rotated1-rotated1.jpg
cdc7126d6c6c2666,train,not fractured,E:\projects\project-fracture-classification\dataset\Bone_Fracture_Dataset\train\not fractured\36-rotated1-rotated2-rotated1-rotated1.jpg
cdc7126d6c6c2666,val,not fractured,E:\projects\project-fracture-classification\dataset\Bone_Fracture_Dataset\val\not fractured\36-rotated1-rotated2-rotated1-rotated1.jpg
c04d361b0fb57b38,test,not fractured,E:\projects\project-fracture-classification\dataset\Bone_Fracture_Dataset\test\not fractured\36-rotated2-rotated2-rotated2.jpg
c04d361b0fb57b38,train,not fractured,E:\projects\project-fracture-classification\dataset\Bone_Fracture_Dataset\train\not fractured\36-rotated2-rotated2-rotated2.jpg
c04d361b0fb57b38,val,not fractured,E:\projects\project-fracture-classification\dataset\Bone_Fracture_Dataset\val\not fractured\36-rotated2-rotated2-rotated2.jpg
cdc7122c7c2c2e76,test,not fractured,E:\projects\project-fracture-classification\dataset\Bone_Fracture_Dataset\test\not fractured\36-rotated3-rotated3-rotated1-rotated1.jpg
cdc7122c7c2c2e76,train,not fractured,E:\projects\project-fracture-classification\dataset\Bone_Fracture_Dataset\train\not fractured\36-rotated3-rotated3-rotated1-rotated1.jpg
cdc7122c7c2c2e76,val,not fractured,E:\projects\project-fracture-classification\dataset\Bone_Fracture_Dataset\val\not fractured\36-rotated3-rotated3-rotated1-rotated1.jpg
ccb903662ccd5dc9,test,not fractured,E:\projects\project-fracture-classification\dataset\Bone_Fracture_Dataset\test\not fractured\37-rotated1-rotated3-rotated1-rotated1.jpg
ccb903662ccd5dc9,train,not fractured,E:\projects\project-fracture-classification\dataset\Bone_Fracture_Dataset\train\not fractured\37-rotated1-rotated3-rotated1-rotated1.jpg
ccb903662ccd5dc9,train,not fractured,E:\projects\project-fracture-classification\dataset\Bone_Fracture_Dataset\train\not fractured\37-rotated3-rotated2-rotated2-rotated1 (1).jpg
ccb903662ccd5dc9,train,not fractured,E:\projects\project-fracture-classification\dataset\Bone_Fracture_Dataset\train\not fractured\37-rotated3-rotated2-rotated2-rotated1.jpg
ccb903662ccd5dc9,val,not fractured,E:\projects\project-fracture-classification\dataset\Bone_Fracture_Dataset\val\not fractured\37-rotated1-rotated3-rotated1-rotated1.jpg
cc3911737fee0e40,test,not fractured,E:\projects\project-fracture-classification\dataset\Bone_Fracture_Dataset\test\not fractured\37-rotated2-rotated3-rotated3.jpg
cc3911737fee0e40,train,not fractured,E:\projects\project-fracture-classification\dataset\Bone_Fracture_Dataset\train\not fractured\37-rotated2-rotated3-rotated3.jpg
cc3911737fee0e40,val,not fractured,E:\projects\project-fracture-classification\dataset\Bone_Fracture_Dataset\val\not fractured\37-rotated2-rotated3-rotated3.jpg
c01c73e61fb27e41,test,not fractured,E:\projects\project-fracture-classification\dataset\Bone_Fracture_Dataset\test\not fractured\38-rotated2-rotated1-rotated2.jpg
c01c73e61fb27e41,train,not fractured,E:\projects\project-fracture-classification\dataset\Bone_Fracture_Dataset\train\not fractured\38-rotated2-rotated1-rotated1-rotated1 (1).jpg
c01c73e61fb27e41,train,not fractured,E:\projects\project-fracture-classification\dataset\Bone_Fracture_Dataset\train\not fractured\38-rotated2-rotated1-rotated1-rotated1.jpg
c01c73e61fb27e41,train,not fractured,E:\projects\project-fracture-classification\dataset\Bone_Fracture_Dataset\train\not fractured\38-rotated2-rotated1-rotated2.jpg
c01c73e61fb27e41,val,not fractured,E:\projects\project-fracture-classification\dataset\Bone_Fracture_Dataset\val\not fractured\38-rotated2-rotated1-rotated1-rotated1.jpg
c01c73e61fb27e41,val,not fractured,E:\projects\project-fracture-classification\dataset\Bone_Fracture_Dataset\val\not fractured\38-rotated2-rotated1-rotated2.jpg
986c331b6bb45a95,test,not fractured,E:\projects\project-fracture-classification\dataset\Bone_Fracture_Dataset\test\not fractured\38-rotated3-rotated1-rotated3.jpg
986c331b6bb45a95,train,not fractured,E:\projects\project-fracture-classification\dataset\Bone_Fracture_Dataset\train\not fractured\38-rotated3-rotated1-rotated3.jpg
986c331b6bb45a95,train,not fractured,E:\projects\project-fracture-classification\dataset\Bone_Fracture_Dataset\train\not fractured\38-rotated3-rotated2-rotated1-rotated1 (1).jpg
986c331b6bb45a95,train,not fractured,E:\projects\project-fracture-classification\dataset\Bone_Fracture_Dataset\train\not fractured\38-rotated3-rotated2-rotated1-rotated1.jpg
986c331b6bb45a95,val,not fractured,E:\projects\project-fracture-classification\dataset\Bone_Fracture_Dataset\val\not fractured\38-rotated3-rotated1-rotated3.jpg
cd3232246cadd3ba,test,not fractured,E:\projects\project-fracture-classification\dataset\Bone_Fracture_Dataset\test\not fractured\38.jpg
cd3232246cadd3ba,train,not fractured,E:\projects\project-fracture-classification\dataset\Bone_Fracture_Dataset\train\not fractured\38.jpg
cd3232246cadd3ba,val,not fractured,E:\projects\project-fracture-classification\dataset\Bone_Fracture_Dataset\val\not fractured\38.jpg
cc19d5cfaad119c1,test,not fractured,E:\projects\project-fracture-classification\dataset\Bone_Fracture_Dataset\test\not fractured\39-rotated1-rotated2.jpg
cc19d5cfaad119c1,train,not fractured,E:\projects\project-fracture-classification\dataset\Bone_Fracture_Dataset\train\not fractured\39-rotated1-rotated2.jpg
cc19d5cfaad119c1,val,not fractured,E:\projects\project-fracture-classification\dataset\Bone_Fracture_Dataset\val\not fractured\39-rotated1-rotated2.jpg
cc1953ce1ed01fe2,test,not fractured,E:\projects\project-fracture-classification\dataset\Bone_Fracture_Dataset\test\not fractured\39-rotated2-rotated2-rotated1.jpg
cc1953ce1ed01fe2,train,not fractured,E:\projects\project-fracture-classification\dataset\Bone_Fracture_Dataset\train\not fractured\39-rotated2-rotated2-rotated1.jpg
cc1953ce1ed01fe2,val,not fractured,E:\projects\project-fracture-classification\dataset\Bone_Fracture_Dataset\val\not fractured\39-rotated2-rotated2-rotated1.jpg
cc1dc78fab195119,test,not fractured,E:\projects\project-fracture-classification\dataset\Bone_Fracture_Dataset\test\not fractured\39-rotated3-rotated3.jpg
cc1dc78fab195119,train,not fractured,E:\projects\project-fracture-classification\dataset\Bone_Fracture_Dataset\train\not fractured\39-rotated3-rotated3.jpg
cc1dc78fab195119,val,not fractured,E:\projects\project-fracture-classification\dataset\Bone_Fracture_Dataset\val\not fractured\39-rotated3-rotated3.jpg
c8e5103e0f8a5bbe,test,not fractured,E:\projects\project-fracture-classification\dataset\Bone_Fracture_Dataset\test\not fractured\4-rotated1-rotated1-rotated1-rotated1.jpg
c8e5103e0f8a5bbe,train,not fractured,E:\projects\project-fracture-classification\dataset\Bone_Fracture_Dataset\train\not fractured\4-rotated1-rotated1-rotated1 (1).jpg
c8e5103e0f8a5bbe,train,not fractured,E:\projects\project-fracture-classification\dataset\Bone_Fracture_Dataset\train\not fractured\4-rotated1-rotated1-rotated1 (2).jpg
c8e5103e0f8a5bbe,train,not fractured,E:\projects\project-fracture-classification\dataset\Bone_Fracture_Dataset\train\not fractured\4-rotated1-rotated1-rotated1-rotated1.jpg
c8e5103e0f8a5bbe,train,not fractured,E:\projects\project-fracture-classification\dataset\Bone_Fracture_Dataset\train\not fractured\4-rotated1-rotated1-rotated1.jpg
c8e5103e0f8a5bbe,val,not fractured,E:\projects\project-fracture-classification\dataset\Bone_Fracture_Dataset\val\not fractured\4-rotated1-rotated1-rotated1-rotated1.jpg
c8e5103e0f8a5bbe,val,not fractured,E:\projects\project-fracture-classification\dataset\Bone_Fracture_Dataset\val\not fractured\4-rotated1-rotated1-rotated1.jpg
cde243751e0f1e43,test,not fractured,E:\projects\project-fracture-classification\dataset\Bone_Fracture_Dataset\test\not fractured\4-rotated1-rotated2-rotated3.jpg
cde243751e0f1e43,train,not fractured,E:\projects\project-fracture-classification\dataset\Bone_Fracture_Dataset\train\not fractured\4-rotated1-rotated2-rotated3.jpg
cde243751e0f1e43,val,not fractured,E:\projects\project-fracture-classification\dataset\Bone_Fracture_Dataset\val\not fractured\4-rotated1-rotated2-rotated3.jpg
cde3733c1e0f07a0,test,not fractured,E:\projects\project-fracture-classification\dataset\Bone_Fracture_Dataset\test\not fractured\4-rotated2-rotated1.jpg
cde3733c1e0f07a0,train,not fractured,E:\projects\project-fracture-classification\dataset\Bone_Fracture_Dataset\train\not fractured\4-rotated2-rotated1.jpg
cde3733c1e0f07a0,val,not fractured,E:\projects\project-fracture-classification\dataset\Bone_Fracture_Dataset\val\not fractured\4-rotated2-rotated1.jpg
c9e5103d1e0f45b7,test,not fractured,E:\projects\project-fracture-classification\dataset\Bone_Fracture_Dataset\test\not fractured\4-rotated2-rotated2-rotated2.jpg
c9e5103d1e0f45b7,train,not fractured,E:\projects\project-fracture-classification\dataset\Bone_Fracture_Dataset\train\not fractured\4-rotated2-rotated2-rotated2-rotated1 (1).jpg
c9e5103d1e0f45b7,train,not fractured,E:\projects\project-fracture-classification\dataset\Bone_Fracture_Dataset\train\not fractured\4-rotated2-rotated2-rotated2-rotated1 (2).jpg
c9e5103d1e0f45b7,train,not fractured,E:\projects\project-fracture-classification\dataset\Bone_Fracture_Dataset\train\not fractured\4-rotated2-rotated2-rotated2-rotated1.jpg
c9e5103d1e0f45b7,train,not fractured,E:\projects\project-fracture-classification\dataset\Bone_Fracture_Dataset\train\not fractured\4-rotated2-rotated2-rotated2.jpg
c9e5103d1e0f45b7,val,not fractured,E:\projects\project-fracture-classification\dataset\Bone_Fracture_Dataset\val\not fractured\4-rotated2-rotated2-rotated2.jpg
d46c131b4ab53e1e,test,not fractured,E:\projects\project-fracture-classification\dataset\Bone_Fracture_Dataset\test\not fractured\4-rotated3-rotated1-rotated1-rotated1.jpg
d46c131b4ab53e1e,train,not fractured,E:\projects\project-fracture-classification\dataset\Bone_Fracture_Dataset\train\not fractured\4-rotated3-rotated1-rotated1-rotated1.jpg
d46c131b4ab53e1e,val,not fractured,E:\projects\project-fracture-classification\dataset\Bone_Fracture_Dataset\val\not fractured\4-rotated3-rotated1-rotated1-rotated1.jpg
cd8243751a5d3e4b,test,not fractured,E:\projects\project-fracture-classification\dataset\Bone_Fracture_Dataset\test\not fractured\4-rotated3-rotated3-rotated2-rotated1.jpg
cd8243751a5d3e4b,train,not fractured,E:\projects\project-fracture-classification\dataset\Bone_Fracture_Dataset\train\not fractured\4-rotated3-rotated3-rotated2 (1).jpg
cd8243751a5d3e4b,train,not fractured,E:\projects\project-fracture-classification\dataset\Bone_Fracture_Dataset\train\not fractured\4-rotated3-rotated3-rotated2-rotated1.jpg
cd8243751a5d3e4b,train,not fractured,E:\projects\project-fracture-classification\dataset\Bone_Fracture_Dataset\train\not fractured\4-rotated3-rotated3-rotated2.jpg
cd8243751a5d3e4b,val,not fractured,E:\projects\project-fracture-classification\dataset\Bone_Fracture_Dataset\val\not fractured\4-rotated3-rotated3-rotated2-rotated1.jpg
cf3933cc38c139c6,test,not fractured,E:\projects\project-fracture-classification\dataset\Bone_Fracture_Dataset\test\not fractured\40-rotated1-rotated3.jpg
cf3933cc38c139c6,train,not fractured,E:\projects\project-fracture-classification\dataset\Bone_Fracture_Dataset\train\not fractured\40-rotated1-rotated3.jpg
cf3933cc38c139c6,val,not fractured,E:\projects\project-fracture-classification\dataset\Bone_Fracture_Dataset\val\not fractured\40-rotated1-rotated3.jpg
926d369b4c164bb6,test,not fractured,E:\projects\project-fracture-classification\dataset\Bone_Fracture_Dataset\test\not fractured\40-rotated2-rotated3-rotated2-rotated1.jpg
926d369b4c164bb6,train,not fractured,E:\projects\project-fracture-classification\dataset\Bone_Fracture_Dataset\train\not fractured\40-rotated2-rotated3-rotated2-rotated1.jpg
926d369b4c164bb6,val,not fractured,E:\projects\project-fracture-classification\dataset\Bone_Fracture_Dataset\val\not fractured\40-rotated2-rotated3-rotated2-rotated1.jpg
94634a9d93486bb7,test,not fractured,E:\projects\project-fracture-classification\dataset\Bone_Fracture_Dataset\test\not fractured\40-rotated3-rotated3-rotated3.jpg
94634a9d93486bb7,train,not fractured,E:\projects\project-fracture-classification\dataset\Bone_Fracture_Dataset\train\not fractured\40-rotated3-rotated3-rotated3.jpg
94634a9d93486bb7,val,not fractured,E:\projects\project-fracture-classification\dataset\Bone_Fracture_Dataset\val\not fractured\40-rotated3-rotated3-rotated3.jpg
874f679148b43b5a,test,not fractured,E:\projects\project-fracture-classification\dataset\Bone_Fracture_Dataset\test\not fractured\41-rotated2-rotated1-rotated1.jpg
874f679148b43b5a,train,not fractured,E:\projects\project-fracture-classification\dataset\Bone_Fracture_Dataset\train\not fractured\41-rotated2-rotated1-rotated1.jpg
874f679148b43b5a,val,not fractured,E:\projects\project-fracture-classification\dataset\Bone_Fracture_Dataset\val\not fractured\41-rotated2-rotated1-rotated1.jpg
996d939936986696,test,not fractured,E:\projects\project-fracture-classification\dataset\Bone_Fracture_Dataset\test\not fractured\41-rotated3-rotated1-rotated2.jpg
996d939936986696,train,not fractured,E:\projects\project-fracture-classification\dataset\Bone_Fracture_Dataset\train\not fractured\41-rotated3-rotated1-rotated2-rotated1 (1).jpg
996d939936986696,train,not fractured,E:\projects\project-fracture-classification\dataset\Bone_Fracture_Dataset\train\not fractured\41-rotated3-rotated1-rotated2-rotated1.jpg
996d939936986696,train,not fractured,E:\projects\project-fracture-classification\dataset\Bone_Fracture_Dataset\train\not fractured\41-rotated3-rotated1-rotated2.jpg
996d939936986696,val,not fractured,E:\projects\project-fracture-classification\dataset\Bone_Fracture_Dataset\val\not fractured\41-rotated3-rotated1-rotated2.jpg
c7661b3c316b3a1c,test,not fractured,E:\projects\project-fracture-classification\dataset\Bone_Fracture_Dataset\test\not fractured\42-rotated1-rotated1-rotated3.jpg
c7661b3c316b3a1c,train,not fractured,E:\projects\project-fracture-classification\dataset\Bone_Fracture_Dataset\train\not fractured\42-rotated1-rotated1-rotated3.jpg
c7661b3c316b3a1c,train,not fractured,E:\projects\project-fracture-classification\dataset\Bone_Fracture_Dataset\train\not fractured\42-rotated2-rotated3-rotated2-rotated1 (1).jpg
c7661b3c316b3a1c,train,not fractured,E:\projects\project-fracture-classification\dataset\Bone_Fracture_Dataset\train\not fractured\42-rotated2-rotated3-rotated2-rotated1.jpg
c7661b3c316b3a1c,val,not fractured,E:\projects\project-fracture-classification\dataset\Bone_Fracture_Dataset\val\not fractured\42-rotated1-rotated1-rotated3.jpg
d09e127367696b0b,test,not fractured,E:\projects\project-fracture-classification\dataset\Bone_Fracture_Dataset\test\not fractured\42-rotated2-rotated1-rotated3-rotated1.jpg
d09e127367696b0b,train,not fractured,E:\projects\project-fracture-classification\dataset\Bone_Fracture_Dataset\train\not fractured\42-rotated2-rotated1-rotated3-rotated1.jpg
d09e127367696b0b,val,not fractured,E:\projects\project-fracture-classification\dataset\Bone_Fracture_Dataset\val\not fractured\42-rotated2-rotated1-rotated3-rotated1.jpg
c7661b3c31791e1c,test,not fractured,E:\projects\project-fracture-classification\dataset\Bone_Fracture_Dataset\test\not fractured\42-rotated3-rotated2-rotated3.jpg
c7661b3c31791e1c,train,not fractured,E:\projects\project-fracture-classification\dataset\Bone_Fracture_Dataset\train\not fractured\42-rotated3-rotated2-rotated2-rotated1 (1).jpg
c7661b3c31791e1c,train,not fractured,E:\projects\project-fracture-classification\dataset\Bone_Fracture_Dataset\train\not fractured\42-rotated3-rotated2-rotated2-rotated1.jpg
c7661b3c31791e1c,train,not fractured,E:\projects\project-fracture-classification\dataset\Bone_Fracture_Dataset\train\not fractured\42-rotated3-rotated2-rotated3.jpg
c7661b3c31791e1c,val,not fractured,E:\projects\project-fracture-classification\dataset\Bone_Fracture_Dataset\val\not fractured\42-rotated3-rotated2-rotated3.jpg
c69b66615bf01de0,test,not fractured,E:\projects\project-fracture-classification\dataset\Bone_Fracture_Dataset\test\not fractured\43-rotated1-rotated2-rotated3.jpg
c69b66615bf01de0,train,not fractured,E:\projects\project-fracture-classification\dataset\Bone_Fracture_Dataset\train\not fractured\43-rotated1-rotated2-rotated3.jpg
c69b66615bf01de0,val,not fractured,E:\projects\project-fracture-classification\dataset\Bone_Fracture_Dataset\val\not fractured\43-rotated1-rotated2-rotated3.jpg
c9e1523d1f0e25b6,test,not fractured,E:\projects\project-fracture-classification\dataset\Bone_Fracture_Dataset\test\not fractured\43-rotated2-rotated3-rotated1-rotated1.jpg
c9e1523d1f0e25b6,train,not fractured,E:\projects\project-fracture-classification\dataset\Bone_Fracture_Dataset\train\not fractured\43-rotated2-rotated3-rotated1-rotated1.jpg
c9e1523d1f0e25b6,val,not fractured,E:\projects\project-fracture-classification\dataset\Bone_Fracture_Dataset\val\not fractured\43-rotated2-rotated3-rotated1-rotated1.jpg
c69d66614ff039e0,test,not fractured,E:\projects\project-fracture-classification\dataset\Bone_Fracture_Dataset\test\not fractured\43-rotated3-rotated3-rotated2.jpg
c69d66614ff039e0,train,not fractured,E:\projects\project-fracture-classification\dataset\Bone_Fracture_Dataset\train\not fractured\43-rotated3-rotated3-rotated2.jpg
c69d66614ff039e0,val,not fractured,E:\projects\project-fracture-classification\dataset\Bone_Fracture_Dataset\val\not fractured\43-rotated3-rotated3-rotated2.jpg
9966523d3c1a66b5,test,not fractured,E:\projects\project-fracture-classification\dataset\Bone_Fracture_Dataset\test\not fractured\44-rotated2-rotated1.jpg
9966523d3c1a66b5,train,not fractured,E:\projects\project-fracture-classification\dataset\Bone_Fracture_Dataset\train\not fractured\44-rotated2-rotated1.jpg
9966523d3c1a66b5,val,not fractured,E:\projects\project-fracture-classification\dataset\Bone_Fracture_Dataset\val\not fractured\44-rotated2-rotated1.jpg
916472392d966b97,test,not fractured,E:\projects\project-fracture-classification\dataset\Bone_Fracture_Dataset\test\not fractured\44-rotated3-rotated1-rotated1.jpg
916472392d966b97,train,not fractured,E:\projects\project-fracture-classification\dataset\Bone_Fracture_Dataset\train\not fractured\44-rotated3-rotated1-rotated1.jpg
916472392d966b97,val,not fractured,E:\projects\project-fracture-classification\dataset\Bone_Fracture_Dataset\val\not fractured\44-rotated3-rotated1-rotated1.jpg
969973666c4d18cb,test,not fractured,E:\projects\project-fracture-classification\dataset\Bone_Fracture_Dataset\test\not fractured\45-rotated1-rotated1-rotated2.jpg
969973666c4d18cb,train,not fractured,E:\projects\project-fracture-classification\dataset\Bone_Fracture_Dataset\train\not fractured\45-rotated1-rotated1-rotated2.jpg
969973666c4d18cb,val,not fractured,E:\projects\project-fracture-classification\dataset\Bone_Fracture_Dataset\val\not fractured\45-rotated1-rotated1-rotated2.jpg
87c371394cb61e1d,test,not fractured,E:\projects\project-fracture-classification\dataset\Bone_Fracture_Dataset\test\not fractured\45-rotated2-rotated1-rotated3.jpg
87c371394cb61e1d,train,not fractured,E:\projects\project-fracture-classification\dataset\Bone_Fracture_Dataset\train\not fractured\45-rotated2-rotated1-rotated3.jpg
87c371394cb61e1d,val,not fractured,E:\projects\project-fracture-classification\dataset\Bone_Fracture_Dataset\val\not fractured\45-rotated2-rotated1-rotated3.jpg
903d71664cdb9ab4,test,not fractured,E:\projects\project-fracture-classification\dataset\Bone_Fracture_Dataset\test\not fractured\45-rotated3-rotated2-rotated2.jpg
903d71664cdb9ab4,train,not fractured,E:\projects\project-fracture-classification\dataset\Bone_Fracture_Dataset\train\not fractured\45-rotated3-rotated2-rotated2.jpg
903d71664cdb9ab4,val,not fractured,E:\projects\project-fracture-classification\dataset\Bone_Fracture_Dataset\val\not fractured\45-rotated3-rotated2-rotated2.jpg
cdb24175594d586b,test,not fractured,E:\projects\project-fracture-classification\dataset\Bone_Fracture_Dataset\test\not fractured\46-rotated1-rotated2-rotated2.jpg
cdb24175594d586b,train,not fractured,E:\projects\project-fracture-classification\dataset\Bone_Fracture_Dataset\train\not fractured\29-rotated1 (1).jpg
cdb24175594d586b,train,not fractured,E:\projects\project-fracture-classification\dataset\Bone_Fracture_Dataset\train\not fractured\29-rotated1.jpg
cdb24175594d586b,train,not fractured,E:\projects\project-fracture-classification\dataset\Bone_Fracture_Dataset\train\not fractured\29-rotated2-rotated2-rotated1 (1).jpg
cdb24175594d586b,train,not fractured,E:\projects\project-fracture-classification\dataset\Bone_Fracture_Dataset\train\not fractured\29-rotated2-rotated2-rotated1.jpg
cdb24175594d586b,train,not fractured,E:\projects\project-fracture-classification\dataset\Bone_Fracture_Dataset\train\not fractured\46-rotated1-rotated2-rotated2.jpg
cdb24175594d586b,train,not fractured,E:\projects\project-fracture-classification\dataset\Bone_Fracture_Dataset\train\not fractured\46-rotated2-rotated1-rotated3 (1).jpg
cdb24175594d586b,train,not fractured,E:\projects\project-fracture-classification\dataset\Bone_Fracture_Dataset\train\not fractured\46-rotated2-rotated1-rotated3.jpg
cdb24175594d586b,val,not fractured,E:\projects\project-fracture-classification\dataset\Bone_Fracture_Dataset\val\not fractured\29-rotated2-rotated2-rotated1.jpg
cdb24175594d586b,val,not fractured,E:\projects\project-fracture-classification\dataset\Bone_Fracture_Dataset\val\not fractured\46-rotated1-rotated2-rotated2.jpg
cc9247635acb5a63,test,not fractured,E:\projects\project-fracture-classification\dataset\Bone_Fracture_Dataset\test\not fractured\46-rotated2-rotated3.jpg
cc9247635acb5a63,train,not fractured,E:\projects\project-fracture-classification\dataset\Bone_Fracture_Dataset\train\not fractured\46-rotated2-rotated3.jpg
cc9247635acb5a63,val,not fractured,E:\projects\project-fracture-classification\dataset\Bone_Fracture_Dataset\val\not fractured\46-rotated2-rotated3.jpg
c9e7103c1f1f0f16,test,not fractured,E:\projects\project-fracture-classification\dataset\Bone_Fracture_Dataset\test\not fractured\46-rotated3-rotated2-rotated3.jpg
c9e7103c1f1f0f16,train,not fractured,E:\projects\project-fracture-classification\dataset\Bone_Fracture_Dataset\train\not fractured\46-rotated3-rotated2-rotated3.jpg
c9e7103c1f1f0f16,val,not fractured,E:\projects\project-fracture-classification\dataset\Bone_Fracture_Dataset\val\not fractured\46-rotated3-rotated2-rotated3.jpg
919d72664e30afac,test,not fractured,E:\projects\project-fracture-classification\dataset\Bone_Fracture_Dataset\test\not fractured\47-rotated1-rotated3-rotated3-rotated1.jpg
919d72664e30afac,train,not fractured,E:\projects\project-fracture-classification\dataset\Bone_Fracture_Dataset\train\not fractured\47-rotated1-rotated3-rotated3-rotated1.jpg
919d72664e30afac,val,not fractured,E:\projects\project-fracture-classification\dataset\Bone_Fracture_Dataset\val\not fractured\47-rotated1-rotated3-rotated3-rotated1.jpg
cfc6161a0cb66bb4,test,not fractured,E:\projects\project-fracture-classification\dataset\Bone_Fracture_Dataset\test\not fractured\47-rotated3-rotated3-rotated3.jpg
cfc6161a0cb66bb4,train,not fractured,E:\projects\project-fracture-classification\dataset\Bone_Fracture_Dataset\train\not fractured\47-rotated3-rotated3-rotated3.jpg
cfc6161a0cb66bb4,val,not fractured,E:\projects\project-fracture-classification\dataset\Bone_Fracture_Dataset\val\not fractured\47-rotated3-rotated3-rotated3.jpg
8c9b923331636767,test,not fractured,E:\projects\project-fracture-classification\dataset\Bone_Fracture_Dataset\test\not fractured\47-rotated3.jpg
8c9b923331636767,train,not fractured,E:\projects\project-fracture-classification\dataset\Bone_Fracture_Dataset\train\not fractured\47-rotated3.jpg
8c9b923331636767,val,not fractured,E:\projects\project-fracture-classification\dataset\Bone_Fracture_Dataset\val\not fractured\47-rotated3.jpg
99b744717939183e,test,not fractured,E:\projects\project-fracture-classification\dataset\Bone_Fracture_Dataset\test\not fractured\48-rotated2-rotated1.jpg
99b744717939183e,train,not fractured,E:\projects\project-fracture-classification\dataset\Bone_Fracture_Dataset\train\not fractured\48-rotated2-rotated1.jpg
99b744717939183e,val,not fractured,E:\projects\project-fracture-classification\dataset\Bone_Fracture_Dataset\val\not fractured\48-rotated2-rotated1.jpg
9cb247697b7b3041,test,not fractured,E:\projects\project-fracture-classification\dataset\Bone_Fracture_Dataset\test\not fractured\48-rotated3-rotated2-rotated1.jpg
9cb247697b7b3041,train,not fractured,E:\projects\project-fracture-classification\dataset\Bone_Fracture_Dataset\train\not fractured\48-rotated3-rotated2-rotated1.jpg
9cb247697b7b3041,val,not fractured,E:\projects\project-fracture-classification\dataset\Bone_Fracture_Dataset\val\not fractured\48-rotated3-rotated2-rotated1.jpg
cdc6467938387c33,test,not fractured,E:\projects\project-fracture-classification\dataset\Bone_Fracture_Dataset\test\not fractured\49-rotated1-rotated2-rotated1-rotated1.jpg
cdc6467938387c33,train,not fractured,E:\projects\project-fracture-classification\dataset\Bone_Fracture_Dataset\train\not fractured\49-rotated1-rotated2-rotated1-rotated1.jpg
cdc6467938387c33,val,not fractured,E:\projects\project-fracture-classification\dataset\Bone_Fracture_Dataset\val\not fractured\49-rotated1-rotated2-rotated1-rotated1.jpg
dd99823973732266,test,not fractured,E:\projects\project-fracture-classification\dataset\Bone_Fracture_Dataset\test\not fractured\49-rotated2-rotated2.jpg
dd99823973732266,train,not fractured,E:\projects\project-fracture-classification\dataset\Bone_Fracture_Dataset\train\not fractured\49-rotated2-rotated2.jpg
dd99823973732266,val,not fractured,E:\projects\project-fracture-classification\dataset\Bone_Fracture_Dataset\val\not fractured\49-rotated2-rotated2.jpg
cdcc8c79391110ff,test,not fractured,E:\projects\project-fracture-classification\dataset\Bone_Fracture_Dataset\test\not fractured\49-rotated3-rotated2-rotated1.jpg
cdcc8c79391110ff,train,not fractured,E:\projects\project-fracture-classification\dataset\Bone_Fracture_Dataset\train\not fractured\49-rotated3-rotated2 (1).jpg
cdcc8c79391110ff,train,not fractured,E:\projects\project-fracture-classification\dataset\Bone_Fracture_Dataset\train\not fractured\49-rotated3-rotated2-rotated1.jpg
cdcc8c79391110ff,train,not fractured,E:\projects\project-fracture-classification\dataset\Bone_Fracture_Dataset\train\not fractured\49-rotated3-rotated2.jpg
cdcc8c79391110ff,val,not fractured,E:\projects\project-fracture-classification\dataset\Bone_Fracture_Dataset\val\not fractured\49-rotated3-rotated2-rotated1.jpg
cd6618c6393b3c17,test,not fractured,E:\projects\project-fracture-classification\dataset\Bone_Fracture_Dataset\test\not fractured\5-rotated1-rotated3-rotated1.jpg
cd6618c6393b3c17,train,not fractured,E:\projects\project-fracture-classification\dataset\Bone_Fracture_Dataset\train\not fractured\5-rotated1-rotated3-rotated1.jpg
cd6618c6393b3c17,train,not fractured,E:\projects\project-fracture-classification\dataset\Bone_Fracture_Dataset\train\not fractured\5-rotated3-rotated2-rotated2-rotated1 (1).jpg
cd6618c6393b3c17,train,not fractured,E:\projects\project-fracture-classification\dataset\Bone_Fracture_Dataset\train\not fractured\5-rotated3-rotated2-rotated2-rotated1.jpg
cd6618c6393b3c17,val,not fractured,E:\projects\project-fracture-classification\dataset\Bone_Fracture_Dataset\val\not fractured\5-rotated1-rotated3-rotated1.jpg
c11f31e10fe13ec6,test,not fractured,E:\projects\project-fracture-classification\dataset\Bone_Fracture_Dataset\test\not fractured\5-rotated2-rotated2-rotated1-rotated1.jpg
c11f31e10fe13ec6,train,not fractured,E:\projects\project-fracture-classification\dataset\Bone_Fracture_Dataset\train\not fractured\5-rotated2-rotated2-rotated1-rotated1.jpg
c11f31e10fe13ec6,val,not fractured,E:\projects\project-fracture-classification\dataset\Bone_Fracture_Dataset\val\not fractured\5-rotated2-rotated2-rotated1-rotated1.jpg
cf3854c666c53fc0,test,not fractured,E:\projects\project-fracture-classification\dataset\Bone_Fracture_Dataset\test\not fractured\5-rotated3-rotated1-rotated1-rotated1.jpg
cf3854c666c53fc0,train,not fractured,E:\projects\project-fracture-classification\dataset\Bone_Fracture_Dataset\train\not fractured\5-rotated3-rotated1-rotated1-rotated1.jpg
cf3854c666c53fc0,val,not fractured,E:\projects\project-fracture-classification\dataset\Bone_Fracture_Dataset\val\not fractured\5-rotated3-rotated1-rotated1-rotated1.jpg
dce2407c1f7f0343,test,not fractured,E:\projects\project-fracture-classification\dataset\Bone_Fracture_Dataset\test\not fractured\50-rotated1-rotated3-rotated2-rotated1.jpg
dce2407c1f7f0343,train,not fractured,E:\projects\project-fracture-classification\dataset\Bone_Fracture_Dataset\train\not fractured\50-rotated1-rotated3-rotated2-rotated1.jpg
dce2407c1f7f0343,val,not fractured,E:\projects\project-fracture-classification\dataset\Bone_Fracture_Dataset\val\not fractured\50-rotated1-rotated3-rotated2-rotated1.jpg
d9e7113e0f8068be,test,not fractured,E:\projects\project-fracture-classification\dataset\Bone_Fracture_Dataset\test\not fractured\50-rotated2-rotated3-rotated1-rotated1.jpg
d9e7113e0f8068be,train,not fractured,E:\projects\project-fracture-classification\dataset\Bone_Fracture_Dataset\train\not fractured\50-rotated2-rotated3-rotated1-rotated1.jpg
d9e7113e0f8068be,val,not fractured,E:\projects\project-fracture-classification\dataset\Bone_Fracture_Dataset\val\not fractured\50-rotated2-rotated3-rotated1-rotated1.jpg
ccb245785a7e2e43,test,not fractured,E:\projects\project-fracture-classification\dataset\Bone_Fracture_Dataset\test\not fractured\50-rotated3-rotated3-rotated2.jpg
ccb245785a7e2e43,train,not fractured,E:\projects\project-fracture-classification\dataset\Bone_Fracture_Dataset\train\not fractured\50-rotated3-rotated2-rotated2 (1).jpg
ccb245785a7e2e43,train,not fractured,E:\projects\project-fracture-classification\dataset\Bone_Fracture_Dataset\train\not fractured\50-rotated3-rotated2-rotated2.jpg
ccb245785a7e2e43,train,not fractured,E:\projects\project-fracture-classification\dataset\Bone_Fracture_Dataset\train\not fractured\50-rotated3-rotated3-rotated2.jpg
ccb245785a7e2e43,val,not fractured,E:\projects\project-fracture-classification\dataset\Bone_Fracture_Dataset\val\not fractured\50-rotated3-rotated3-rotated2.jpg
cd9b11317f66070d,test,not fractured,E:\projects\project-fracture-classification\dataset\Bone_Fracture_Dataset\test\not fractured\51-rotated1-rotated3-rotated2-rotated1.jpg
cd9b11317f66070d,train,not fractured,E:\projects\project-fracture-classification\dataset\Bone_Fracture_Dataset\train\not fractured\51-rotated1-rotated1-rotated3 (1).jpg
cd9b11317f66070d,train,not fractured,E:\projects\project-fracture-classification\dataset\Bone_Fracture_Dataset\train\not fractured\51-rotated1-rotated1-rotated3.jpg
cd9b11317f66070d,train,not fractured,E:\projects\project-fracture-classification\dataset\Bone_Fracture_Dataset\train\not fractured\51-rotated1-rotated3-rotated2-rotated1.jpg
cd9b11317f66070d,val,not fractured,E:\projects\project-fracture-classification\dataset\Bone_Fracture_Dataset\val\not fractured\51-rotated1-rotated3-rotated2-rotated1.jpg
c74b30184fa43e9f,test,not fractured,E:\projects\project-fracture-classification\dataset\Bone_Fracture_Dataset\test\not fractured\51-rotated3-rotated1-rotated1.jpg
c74b30184fa43e9f,train,not fractured,E:\projects\project-fracture-classification\dataset\Bone_Fracture_Dataset\train\not fractured\51-rotated3-rotated1-rotated1.jpg
c74b30184fa43e9f,val,not fractured,E:\projects\project-fracture-classification\dataset\Bone_Fracture_Dataset\val\not fractured\51-rotated3-rotated1-rotated1.jpg
c43967cf38c21fc2,test,not fractured,E:\projects\project-fracture-classification\dataset\Bone_Fracture_Dataset\test\not fractured\52-rotated1-rotated1-rotated2-rotated1.jpg
c43967cf38c21fc2,train,not fractured,E:\projects\project-fracture-classification\dataset\Bone_Fracture_Dataset\train\not fractured\52-rotated1-rotated1-rotated2-rotated1.jpg
c43967cf38c21fc2,val,not fractured,E:\projects\project-fracture-classification\dataset\Bone_Fracture_Dataset\val\not fractured\52-rotated1-rotated1-rotated2-rotated1.jpg
c03c63c71ff0ec83,test,not fractured,E:\projects\project-fracture-classification\dataset\Bone_Fracture_Dataset\test\not fractured\52-rotated2-rotated1-rotated3.jpg
c03c63c71ff0ec83,train,not fractured,E:\projects\project-fracture-classification\dataset\Bone_Fracture_Dataset\train\not fractured\52-rotated2-rotated1-rotated3.jpg
c03c63c71ff0ec83,val,not fractured,E:\projects\project-fracture-classification\dataset\Bone_Fracture_Dataset\val\not fractured\52-rotated2-rotated1-rotated3.jpg
d83767681e92649d,test,not fractured,E:\projects\project-fracture-classification\dataset\Bone_Fracture_Dataset\test\not fractured\52-rotated3-rotated1-rotated3-rotated1.jpg
d83767681e92649d,train,not fractured,E:\projects\project-fracture-classification\dataset\Bone_Fracture_Dataset\train\not fractured\52-rotated3-rotated1-rotated3-rotated1.jpg
d83767681e92649d,val,not fractured,E:\projects\project-fracture-classification\dataset\Bone_Fracture_Dataset\val\not fractured\52-rotated3-rotated1-rotated3-rotated1.jpg
94b6066d690907ff,test,not fractured,E:\projects\project-fracture-classification\dataset\Bone_Fracture_Dataset\test\not fractured\53-rotated1-rotated2-rotated2-rotated1.jpg
94b6066d690907ff,train,not fractured,E:\projects\project-fracture-classification\dataset\Bone_Fracture_Dataset\train\not fractured\53-rotated1-rotated2-rotated2-rotated1.jpg
94b6066d690907ff,val,not fractured,E:\projects\project-fracture-classification\dataset\Bone_Fracture_Dataset\val\not fractured\53-rotated1-rotated2-rotated2-rotated1.jpg
99ccc48c4fe46fb0,test,not fractured,E:\projects\project-fracture-classification\dataset\Bone_Fracture_Dataset\test\not fractured\53-rotated2-rotated2-rotated3.jpg
99ccc48c4fe46fb0,train,not fractured,E:\projects\project-fracture-classification\dataset\Bone_Fracture_Dataset\train\not fractured\53-rotated2-rotated2-rotated3.jpg
99ccc48c4fe46fb0,val,not fractured,E:\projects\project-fracture-classification\dataset\Bone_Fracture_Dataset\val\not fractured\53-rotated2-rotated2-rotated3.jpg
85ca47331a3d3e1b,test,not fractured,E:\projects\project-fracture-classification\dataset\Bone_Fracture_Dataset\test\not fractured\53-rotated3-rotated3-rotated1-rotated1.jpg
85ca47331a3d3e1b,train,not fractured,E:\projects\project-fracture-classification\dataset\Bone_Fracture_Dataset\train\not fractured\53-rotated2-rotated3-rotated3 (1).jpg
85ca47331a3d3e1b,train,not fractured,E:\projects\project-fracture-classification\dataset\Bone_Fracture_Dataset\train\not fractured\53-rotated2-rotated3-rotated3.jpg
85ca47331a3d3e1b,train,not fractured,E:\projects\project-fracture-classification\dataset\Bone_Fracture_Dataset\train\not fractured\53-rotated3-rotated3-rotated1-rotated1.jpg
85ca47331a3d3e1b,val,not fractured,E:\projects\project-fracture-classification\dataset\Bone_Fracture_Dataset\val\not fractured\53-rotated3-rotated3-rotated1-rotated1.jpg
d86e1e64331b1bd1,test,not fractured,E:\projects\project-fracture-classification\dataset\Bone_Fracture_Dataset\test\not fractured\54-rotated1-rotated3-rotated1-rotated1.jpg
d86e1e64331b1bd1,train,not fractured,E:\projects\project-fracture-classification\dataset\Bone_Fracture_Dataset\train\not fractured\54-rotated1-rotated3-rotated1-rotated1.jpg
d86e1e64331b1bd1,val,not fractured,E:\projects\project-fracture-classification\dataset\Bone_Fracture_Dataset\val\not fractured\54-rotated1-rotated3-rotated1-rotated1.jpg
d8330e64739b9bc1,test,not fractured,E:\projects\project-fracture-classification\dataset\Bone_Fracture_Dataset\test\not fractured\54-rotated3.jpg
d8330e64739b9bc1,train,not fractured,E:\projects\project-fracture-classification\dataset\Bone_Fracture_Dataset\train\not fractured\54-rotated3.jpg
d8330e64739b9bc1,val,not fractured,E:\projects\project-fracture-classification\dataset\Bone_Fracture_Dataset\val\not fractured\54-rotated3.jpg
cc733f64591b1e60,test,not fractured,E:\projects\project-fracture-classification\dataset\Bone_Fracture_Dataset\test\not fractured\55-rotated1-rotated1.jpg
cc733f64591b1e60,train,not fractured,E:\projects\project-fracture-classification\dataset\Bone_Fracture_Dataset\train\not fractured\55-rotated1-rotated1.jpg
cc733f64591b1e60,val,not fractured,E:\projects\project-fracture-classification\dataset\Bone_Fracture_Dataset\val\not fractured\55-rotated1-rotated1.jpg
c619636e1de12f68,test,not fractured,E:\projects\project-fracture-classification\dataset\Bone_Fracture_Dataset\test\not fractured\55-rotated2-rotated1-rotated2.jpg
c619636e1de12f68,train,not fractured,E:\projects\project-fracture-classification\dataset\Bone_Fracture_Dataset\train\not fractured\55-rotated2-rotated1-rotated2.jpg
c619636e1de12f68,val,not fractured,E:\projects\project-fracture-classification\dataset\Bone_Fracture_Dataset\val\not fractured\55-rotated2-rotated1-rotated2.jpg
c9661b241e1f1bf1,test,not fractured,E:\projects\project-fracture-classification\dataset\Bone_Fracture_Dataset\test\not fractured\55-rotated3-rotated1-rotated2-rotated1.jpg
c9661b241e1f1bf1,train,not fractured,E:\projects\project-fracture-classification\dataset\Bone_Fracture_Dataset\train\not fractured\55-rotated3-rotated1-rotated2-rotated1.jpg
c9661b241e1f1bf1,val,not fractured,E:\projects\project-fracture-classification\dataset\Bone_Fracture_Dataset\val\not fractured\55-rotated3-rotated1-rotated2-rotated1.jpg
d867123c3e271f13,test,not fractured,E:\projects\project-fracture-classification\dataset\Bone_Fracture_Dataset\test\not fractured\56-rotated1-rotated2-rotated1-rotated1.jpg
d867123c3e271f13,train,not fractured,E:\projects\project-fracture-classification\dataset\Bone_Fracture_Dataset\train\not fractured\56-rotated1-rotated2-rotated1-rotated1.jpg
d867123c3e271f13,val,not fractured,E:\projects\project-fracture-classification\dataset\Bone_Fracture_Dataset\val\not fractured\56-rotated1-rotated2-rotated1-rotated1.jpg
cc37456c2d6b5a13,test,not fractured,E:\projects\project-fracture-classification\dataset\Bone_Fracture_Dataset\test\not fractured\56-rotated2-rotated2-rotated2.jpg
cc37456c2d6b5a13,train,not fractured,E:\projects\project-fracture-classification\dataset\Bone_Fracture_Dataset\train\not fractured\56-rotated2-rotated2-rotated2.jpg
cc37456c2d6b5a13,val,not fractured,E:\projects\project-fracture-classification\dataset\Bone_Fracture_Dataset\val\not fractured\56-rotated2-rotated2-rotated2.jpg
cc77152c0d2b5b1b,test,not fractured,E:\projects\project-fracture-classification\dataset\Bone_Fracture_Dataset\test\not fractured\56-rotated3-rotated3.jpg
cc77152c0d2b5b1b,train,not fractured,E:\projects\project-fracture-classification\dataset\Bone_Fracture_Dataset\train\not fractured\56-rotated3-rotated2-rotated1 (1).jpg
cc77152c0d2b5b1b,train,not fractured,E:\projects\project-fracture-classification\dataset\Bone_Fracture_Dataset\train\not fractured\56-rotated3-rotated2-rotated1.jpg
cc77152c0d2b5b1b,train,not fractured,E:\projects\project-fracture-classification\dataset\Bone_Fracture_Dataset\train\not fractured\56-rotated3-rotated3.jpg
cc77152c0d2b5b1b,val,not fractured,E:\projects\project-fracture-classification\dataset\Bone_Fracture_Dataset\val\not fractured\56-rotated3-rotated3.jpg
9632674d59e12e4b,test,not fractured,E:\projects\project-fracture-classification\dataset\Bone_Fracture_Dataset\test\not fractured\57-rotated1-rotated3.jpg
9632674d59e12e4b,train,not fractured,E:\projects\project-fracture-classification\dataset\Bone_Fracture_Dataset\train\not fractured\57-rotated1-rotated3.jpg
9632674d59e12e4b,val,not fractured,E:\projects\project-fracture-classification\dataset\Bone_Fracture_Dataset\val\not fractured\57-rotated1-rotated3.jpg
99cc46a66e347a96,test,not fractured,E:\projects\project-fracture-classification\dataset\Bone_Fracture_Dataset\test\not fractured\57-rotated2-rotated3-rotated3-rotated1.jpg
99cc46a66e347a96,train,not fractured,E:\projects\project-fracture-classification\dataset\Bone_Fracture_Dataset\train\not fractured\57-rotated2-rotated3-rotated3-rotated1.jpg
99cc46a66e347a96,val,not fractured,E:\projects\project-fracture-classification\dataset\Bone_Fracture_Dataset\val\not fractured\57-rotated2-rotated3-rotated3-rotated1.jpg
cd6742343d3232b7,test,not fractured,E:\projects\project-fracture-classification\dataset\Bone_Fracture_Dataset\test\not fractured\58-rotated2-rotated1-rotated1.jpg
cd6742343d3232b7,train,not fractured,E:\projects\project-fracture-classification\dataset\Bone_Fracture_Dataset\train\not fractured\58-rotated2-rotated1-rotated1.jpg
cd6742343d3232b7,val,not fractured,E:\projects\project-fracture-classification\dataset\Bone_Fracture_Dataset\val\not fractured\58-rotated2-rotated1-rotated1.jpg
cc3242752d7636a7,test,not fractured,E:\projects\project-fracture-classification\dataset\Bone_Fracture_Dataset\test\not fractured\58-rotated3-rotated1-rotated2.jpg
cc3242752d7636a7,train,not fractured,E:\projects\project-fracture-classification\dataset\Bone_Fracture_Dataset\train\not fractured\58-rotated3-rotated1-rotated2.jpg
cc3242752d7636a7,val,not fractured,E:\projects\project-fracture-classification\dataset\Bone_Fracture_Dataset\val\not fractured\58-rotated3-rotated1-rotated2.jpg
dd67123834337273,test,not fractured,E:\projects\project-fracture-classification\dataset\Bone_Fracture_Dataset\test\not fractured\58.jpg
dd67123834337273,train,not fractured,E:\projects\project-fracture-classification\dataset\Bone_Fracture_Dataset\train\not fractured\58.jpg
dd67123834337273,val,not fractured,E:\projects\project-fracture-classification\dataset\Bone_Fracture_Dataset\val\not fractured\58.jpg
cc19437737662ec4,test,not fractured,E:\projects\project-fracture-classification\dataset\Bone_Fracture_Dataset\test\not fractured\59-rotated1-rotated2.jpg
cc19437737662ec4,train,not fractured,E:\projects\project-fracture-classification\dataset\Bone_Fracture_Dataset\train\not fractured\59-rotated1-rotated2.jpg
cc19437737662ec4,val,not fractured,E:\projects\project-fracture-classification\dataset\Bone_Fracture_Dataset\val\not fractured\59-rotated1-rotated2.jpg
cd66133939b55a38,test,not fractured,E:\projects\project-fracture-classification\dataset\Bone_Fracture_Dataset\test\not fractured\59-rotated2-rotated2-rotated1.jpg
cd66133939b55a38,train,not fractured,E:\projects\project-fracture-classification\dataset\Bone_Fracture_Dataset\train\not fractured\59-rotated2-rotated2-rotated1.jpg
cd66133939b55a38,val,not fractured,E:\projects\project-fracture-classification\dataset\Bone_Fracture_Dataset\val\not fractured\59-rotated2-rotated2-rotated1.jpg
c76732384c966bb4,test,not fractured,E:\projects\project-fracture-classification\dataset\Bone_Fracture_Dataset\test\not fractured\59-rotated3-rotated2-rotated3.jpg
c76732384c966bb4,train,not fractured,E:\projects\project-fracture-classification\dataset\Bone_Fracture_Dataset\train\not fractured\59-rotated2-rotated3-rotated2-rotated1 (1).jpg
c76732384c966bb4,train,not fractured,E:\projects\project-fracture-classification\dataset\Bone_Fracture_Dataset\train\not fractured\59-rotated2-rotated3-rotated2-rotated1.jpg
c76732384c966bb4,train,not fractured,E:\projects\project-fracture-classification\dataset\Bone_Fracture_Dataset\train\not fractured\59-rotated3-rotated2-rotated3.jpg
c76732384c966bb4,val,not fractured,E:\projects\project-fracture-classification\dataset\Bone_Fracture_Dataset\val\not fractured\59-rotated3-rotated2-rotated3.jpg
9a656d328ccae374,test,not fractured,E:\projects\project-fracture-classification\dataset\Bone_Fracture_Dataset\test\not fractured\6-rotated1-rotated2-rotated3.jpg
9a656d328ccae374,train,not fractured,E:\projects\project-fracture-classification\dataset\Bone_Fracture_Dataset\train\not fractured\6-rotated1-rotated2-rotated3.jpg
9a656d328ccae374,val,not fractured,E:\projects\project-fracture-classification\dataset\Bone_Fracture_Dataset\val\not fractured\6-rotated1-rotated2-rotated3.jpg
d91b26cd7a04cf70,test,not fractured,E:\projects\project-fracture-classification\dataset\Bone_Fracture_Dataset\test\not fractured\6-rotated2-rotated1-rotated3-rotated1.jpg
d91b26cd7a04cf70,train,not fractured,E:\projects\project-fracture-classification\dataset\Bone_Fracture_Dataset\train\not fractured\6-rotated2-rotated1-rotated3-rotated1.jpg
d91b26cd7a04cf70,val,not fractured,E:\projects\project-fracture-classification\dataset\Bone_Fracture_Dataset\val\not fractured\6-rotated2-rotated1-rotated3-rotated1.jpg
c90e66d333e91371,test,not fractured,E:\projects\project-fracture-classification\dataset\Bone_Fracture_Dataset\test\not fractured\6-rotated3-rotated1-rotated2.jpg
c90e66d333e91371,train,not fractured,E:\projects\project-fracture-classification\dataset\Bone_Fracture_Dataset\train\not fractured\6-rotated3-rotated1-rotated2.jpg
c90e66d333e91371,val,not fractured,E:\projects\project-fracture-classification\dataset\Bone_Fracture_Dataset\val\not fractured\6-rotated3-rotated1-rotated2.jpg
d80e66d313e91f61,test,not fractured,E:\projects\project-fracture-classification\dataset\Bone_Fracture_Dataset\test\not fractured\6-rotated3-rotated3-rotated3.jpg
d80e66d313e91f61,train,not fractured,E:\projects\project-fracture-classification\dataset\Bone_Fracture_Dataset\train\not fractured\6-rotated3-rotated3-rotated3.jpg
d80e66d313e91f61,val,not fractured,E:\projects\project-fracture-classification\dataset\Bone_Fracture_Dataset\val\not fractured\6-rotated3-rotated3-rotated3.jpg
d92ce532f8c83ce4,test,not fractured,E:\projects\project-fracture-classification\dataset\Bone_Fracture_Dataset\test\not fractured\6.jpg
d92ce532f8c83ce4,train,not fractured,E:\projects\project-fracture-classification\dataset\Bone_Fracture_Dataset\train\not fractured\6.jpg
d92ce532f8c83ce4,val,not fractured,E:\projects\project-fracture-classification\dataset\Bone_Fracture_Dataset\val\not fractured\6.jpg
a31c5728ed151adb,test,not fractured,E:\projects\project-fracture-classification\dataset\Bone_Fracture_Dataset\test\not fractured\60-rotated1-rotated2-rotated3.jpg
a31c5728ed151adb,train,not fractured,E:\projects\project-fracture-classification\dataset\Bone_Fracture_Dataset\train\not fractured\60-rotated1-rotated2-rotated3.jpg
a31c5728ed151adb,train,not fractured,E:\projects\project-fracture-classification\dataset\Bone_Fracture_Dataset\train\not fractured\60-rotated3-rotated1-rotated3 (1).jpg
a31c5728ed151adb,train,not fractured,E:\projects\project-fracture-classification\dataset\Bone_Fracture_Dataset\train\not fractured\60-rotated3-rotated1-rotated3.jpg
a31c5728ed151adb,val,not fractured,E:\projects\project-fracture-classification\dataset\Bone_Fracture_Dataset\val\not fractured\60-rotated1-rotated2-rotated3.jpg
f4430f3d02a75aad,test,not fractured,E:\projects\project-fracture-classification\dataset\Bone_Fracture_Dataset\test\not fractured\60-rotated2-rotated3-rotated2-rotated1.jpg
f4430f3d02a75aad,train,not fractured,E:\projects\project-fracture-classification\dataset\Bone_Fracture_Dataset\train\not fractured\60-rotated2-rotated3-rotated2-rotated1.jpg
f4430f3d02a75aad,val,not fractured,E:\projects\project-fracture-classification\dataset\Bone_Fracture_Dataset\val\not fractured\60-rotated2-rotated3-rotated2-rotated1.jpg
831c5768ee3554da,test,not fractured,E:\projects\project-fracture-classification\dataset\Bone_Fracture_Dataset\test\not fractured\60-rotated3-rotated3-rotated3.jpg
831c5768ee3554da,train,not fractured,E:\projects\project-fracture-classification\dataset\Bone_Fracture_Dataset\train\not fractured\60-rotated3-rotated3-rotated3.jpg
831c5768ee3554da,val,not fractured,E:\projects\project-fracture-classification\dataset\Bone_Fracture_Dataset\val\not fractured\60-rotated3-rotated3-rotated3.jpg
8c33256d69cb5af0,test,not fractured,E:\projects\project-fracture-classification\dataset\Bone_Fracture_Dataset\test\not fractured\61-rotated2.jpg
8c33256d69cb5af0,train,not fractured,E:\projects\project-fracture-classification\dataset\Bone_Fracture_Dataset\train\not fractured\61-rotated2.jpg
8c33256d69cb5af0,val,not fractured,E:\projects\project-fracture-classification\dataset\Bone_Fracture_Dataset\val\not fractured\61-rotated2.jpg
8c39636a5ad69ca5,test,not fractured,E:\projects\project-fracture-classification\dataset\Bone_Fracture_Dataset\test\not fractured\61-rotated3-rotated1-rotated1.jpg
8c39636a5ad69ca5,train,not fractured,E:\projects\project-fracture-classification\dataset\Bone_Fracture_Dataset\train\not fractured\61-rotated3-rotated1-rotated1.jpg
8c39636a5ad69ca5,val,not fractured,E:\projects\project-fracture-classification\dataset\Bone_Fracture_Dataset\val\not fractured\61-rotated3-rotated1-rotated1.jpg
ce566764301a9b6d,test,not fractured,E:\projects\project-fracture-classification\dataset\Bone_Fracture_Dataset\test\not fractured\62-rotated1-rotated1-rotated3.jpg
ce566764301a9b6d,train,not fractured,E:\projects\project-fracture-classification\dataset\Bone_Fracture_Dataset\train\not fractured\62-rotated1-rotated1-rotated3.jpg
ce566764301a9b6d,train,not fractured,E:\projects\project-fracture-classification\dataset\Bone_Fracture_Dataset\train\not fractured\62-rotated1-rotated3 (1).jpg
ce566764301a9b6d,train,not fractured,E:\projects\project-fracture-classification\dataset\Bone_Fracture_Dataset\train\not fractured\62-rotated1-rotated3.jpg
ce566764301a9b6d,val,not fractured,E:\projects\project-fracture-classification\dataset\Bone_Fracture_Dataset\val\not fractured\62-rotated1-rotated1-rotated3.jpg
cc1c646c3cd31be9,test,not fractured,E:\projects\project-fracture-classification\dataset\Bone_Fracture_Dataset\test\not fractured\62-rotated2-rotated2.jpg
cc1c646c3cd31be9,train,not fractured,E:\projects\project-fracture-classification\dataset\Bone_Fracture_Dataset\train\not fractured\62-rotated2-rotated2.jpg
cc1c646c3cd31be9,val,not fractured,E:\projects\project-fracture-classification\dataset\Bone_Fracture_Dataset\val\not fractured\62-rotated2-rotated2.jpg
d44e3733caf41e0c,test,not fractured,E:\projects\project-fracture-classification\dataset\Bone_Fracture_Dataset\test\not fractured\62-rotated3-rotated2-rotated2.jpg
d44e3733caf41e0c,train,not fractured,E:\projects\project-fracture-classification\dataset\Bone_Fracture_Dataset\train\not fractured\62-rotated3-rotated2-rotated2-rotated1 (1).jpg
d44e3733caf41e0c,train,not fractured,E:\projects\project-fracture-classification\dataset\Bone_Fracture_Dataset\train\not fractured\62-rotated3-rotated2-rotated2-rotated1.jpg
d44e3733caf41e0c,train,not fractured,E:\projects\project-fracture-classification\dataset\Bone_Fracture_Dataset\train\not fractured\62-rotated3-rotated2-rotated2.jpg
d44e3733caf41e0c,val,not fractured,E:\projects\project-fracture-classification\dataset\Bone_Fracture_Dataset\val\not fractured\62-rotated3-rotated2-rotated2.jpg
d9e532382c962f93,test,not fractured,E:\projects\project-fracture-classification\dataset\Bone_Fracture_Dataset\test\not fractured\63-rotated1-rotated2-rotated2.jpg
d9e532382c962f93,train,not fractured,E:\projects\project-fracture-classification\dataset\Bone_Fracture_Dataset\train\not fractured\63-rotated1-rotated2-rotated2.jpg
d9e532382c962f93,val,not fractured,E:\projects\project-fracture-classification\dataset\Bone_Fracture_Dataset\val\not fractured\63-rotated1-rotated2-rotated2.jpg
d0cc36134bb5793a,test,not fractured,E:\projects\project-fracture-classification\dataset\Bone_Fracture_Dataset\test\not fractured\63-rotated2-rotated3-rotated1-rotated1.jpg
d0cc36134bb5793a,train,not fractured,E:\projects\project-fracture-classification\dataset\Bone_Fracture_Dataset\train\not fractured\63-rotated2-rotated3-rotated1-rotated1.jpg
d0cc36134bb5793a,val,not fractured,E:\projects\project-fracture-classification\dataset\Bone_Fracture_Dataset\val\not fractured\63-rotated2-rotated3-rotated1-rotated1.jpg
c0bf3f40de1721e8,test,not fractured,E:\projects\project-fracture-classification\dataset\Bone_Fracture_Dataset\test\not fractured\7-rotated1-rotated2-rotated3.jpg
c0bf3f40de1721e8,train,not fractured,E:\projects\project-fracture-classification\dataset\Bone_Fracture_Dataset\train\not fractured\7-rotated1-rotated2-rotated3-rotated1 (1).jpg
c0bf3f40de1721e8,train,not fractured,E:\projects\project-fracture-classification\dataset\Bone_Fracture_Dataset\train\not fractured\7-rotated1-rotated2-rotated3-rotated1 (2).jpg
c0bf3f40de1721e8,train,not fractured,E:\projects\project-fracture-classification\dataset\Bone_Fracture_Dataset\train\not fractured\7-rotated1-rotated2-rotated3-rotated1.jpg
c0bf3f40de1721e8,train,not fractured,E:\projects\project-fracture-classification\dataset\Bone_Fracture_Dataset\train\not fractured\7-rotated1-rotated2-rotated3.jpg
c0bf3f40de1721e8,val,not fractured,E:\projects\project-fracture-classification\dataset\Bone_Fracture_Dataset\val\not fractured\7-rotated1-rotated2-rotated3.jpg
ce3336c43cc73847,test,not fractured,E:\projects\project-fracture-classification\dataset\Bone_Fracture_Dataset\test\not fractured\7-rotated2-rotated2-rotated1-rotated1.jpg
ce3336c43cc73847,train,not fractured,E:\projects\project-fracture-classification\dataset\Bone_Fracture_Dataset\train\not fractured\7-rotated2-rotated2-rotated1-rotated1.jpg
ce3336c43cc73847,val,not fractured,E:\projects\project-fracture-classification\dataset\Bone_Fracture_Dataset\val\not fractured\7-rotated2-rotated2-rotated1-rotated1.jpg
87b537e51dc1501b,test,not fractured,E:\projects\project-fracture-classification\dataset\Bone_Fracture_Dataset\test\not fractured\7-rotated3-rotated1-rotated1.jpg
87b537e51dc1501b,train,not fractured,E:\projects\project-fracture-classification\dataset\Bone_Fracture_Dataset\train\not fractured\7-rotated3-rotated1-rotated1.jpg
87b537e51dc1501b,val,not fractured,E:\projects\project-fracture-classification\dataset\Bone_Fracture_Dataset\val\not fractured\7-rotated3-rotated1-rotated1.jpg
c03f3fc0da1f20ec,test,not fractured,E:\projects\project-fracture-classification\dataset\Bone_Fracture_Dataset\test\not fractured\7-rotated3-rotated3-rotated2.jpg
c03f3fc0da1f20ec,train,not fractured,E:\projects\project-fracture-classification\dataset\Bone_Fracture_Dataset\train\not fractured\7-rotated3-rotated3-rotated2.jpg
c03f3fc0da1f20ec,val,not fractured,E:\projects\project-fracture-classification\dataset\Bone_Fracture_Dataset\val\not fractured\7-rotated3-rotated3-rotated2.jpg
cdc3135c5c5d0b8d,test,not fractured,E:\projects\project-fracture-classification\dataset\Bone_Fracture_Dataset\test\not fractured\8-rotated1-rotated2-rotated3-rotated1.jpg
cdc3135c5c5d0b8d,train,not fractured,E:\projects\project-fracture-classification\dataset\Bone_Fracture_Dataset\train\not fractured\8-rotated1-rotated2-rotated3-rotated1.jpg
cdc3135c5c5d0b8d,val,not fractured,E:\projects\project-fracture-classification\dataset\Bone_Fracture_Dataset\val\not fractured\8-rotated1-rotated2-rotated3-rotated1.jpg
8c98564d3b4b7b43,test,not fractured,E:\projects\project-fracture-classification\dataset\Bone_Fracture_Dataset\test\not fractured\8-rotated2-rotated2.jpg
8c98564d3b4b7b43,train,not fractured,E:\projects\project-fracture-classification\dataset\Bone_Fracture_Dataset\train\not fractured\8-rotated2-rotated2.jpg
8c98564d3b4b7b43,val,not fractured,E:\projects\project-fracture-classification\dataset\Bone_Fracture_Dataset\val\not fractured\8-rotated2-rotated2.jpg
d0e4361e0f874b9b,test,not fractured,E:\projects\project-fracture-classification\dataset\Bone_Fracture_Dataset\test\not fractured\8-rotated3-rotated1-rotated1.jpg
d0e4361e0f874b9b,train,not fractured,E:\projects\project-fracture-classification\dataset\Bone_Fracture_Dataset\train\not fractured\8-rotated3-rotated1-rotated1.jpg
d0e4361e0f874b9b,val,not fractured,E:\projects\project-fracture-classification\dataset\Bone_Fracture_Dataset\val\not fractured\8-rotated3-rotated1-rotated1.jpg
c9c5131c0e1f6f9a,test,not fractured,E:\projects\project-fracture-classification\dataset\Bone_Fracture_Dataset\test\not fractured\8-rotated3-rotated3-rotated3-rotated1.jpg
c9c5131c0e1f6f9a,train,not fractured,E:\projects\project-fracture-classification\dataset\Bone_Fracture_Dataset\train\not fractured\8-rotated3-rotated3-rotated3-rotated1.jpg
c9c5131c0e1f6f9a,val,not fractured,E:\projects\project-fracture-classification\dataset\Bone_Fracture_Dataset\val\not fractured\8-rotated3-rotated3-rotated3-rotated1.jpg
934965b65bad145a,test,not fractured,E:\projects\project-fracture-classification\dataset\Bone_Fracture_Dataset\test\not fractured\9-rotated1-rotated2-rotated2.jpg
934965b65bad145a,train,not fractured,E:\projects\project-fracture-classification\dataset\Bone_Fracture_Dataset\train\not fractured\9-rotated1-rotated2-rotated2.jpg
934965b65bad145a,val,not fractured,E:\projects\project-fracture-classification\dataset\Bone_Fracture_Dataset\val\not fractured\9-rotated1-rotated2-rotated2.jpg
914165b61b4fae55,test,not fractured,E:\projects\project-fracture-classification\dataset\Bone_Fracture_Dataset\test\not fractured\9-rotated2-rotated1-rotated2-rotated1.jpg
914165b61b4fae55,train,not fractured,E:\projects\project-fracture-classification\dataset\Bone_Fracture_Dataset\train\not fractured\9-rotated2-rotated1-rotated2-rotated1.jpg
914165b61b4fae55,val,not fractured,E:\projects\project-fracture-classification\dataset\Bone_Fracture_Dataset\val\not fractured\9-rotated2-rotated1-rotated2-rotated1.jpg
934e65924bb55aa5,test,not fractured,E:\projects\project-fracture-classification\dataset\Bone_Fracture_Dataset\test\not fractured\9-rotated2-rotated3-rotated3-rotated1.jpg
934e65924bb55aa5,train,not fractured,E:\projects\project-fracture-classification\dataset\Bone_Fracture_Dataset\train\not fractured\9-rotated2-rotated3-rotated3 (1).jpg
934e65924bb55aa5,train,not fractured,E:\projects\project-fracture-classification\dataset\Bone_Fracture_Dataset\train\not fractured\9-rotated2-rotated3-rotated3-rotated1.jpg
934e65924bb55aa5,train,not fractured,E:\projects\project-fracture-classification\dataset\Bone_Fracture_Dataset\train\not fractured\9-rotated2-rotated3-rotated3.jpg
934e65924bb55aa5,val,not fractured,E:\projects\project-fracture-classification\dataset\Bone_Fracture_Dataset\val\not fractured\9-rotated2-rotated3-rotated3-rotated1.jpg
90c06db69b5baea4,test,not fractured,E:\projects\project-fracture-classification\dataset\Bone_Fracture_Dataset\test\not fractured\9-rotated3-rotated3-rotated2.jpg
90c06db69b5baea4,train,not fractured,E:\projects\project-fracture-classification\dataset\Bone_Fracture_Dataset\train\not fractured\9-rotated3-rotated3-rotated2.jpg
90c06db69b5baea4,val,not fractured,E:\projects\project-fracture-classification\dataset\Bone_Fracture_Dataset\val\not fractured\9-rotated3-rotated3-rotated2.jpg
e1aeb4b6c69e82b0,test,not fractured,E:\projects\project-fracture-classification\dataset\Bone_Fracture_Dataset\test\not fractured\IMG0000013.jpg
e1aeb4b6c69e82b0,train,not fractured,E:\projects\project-fracture-classification\dataset\Bone_Fracture_Dataset\train\not fractured\IMG0000013.jpg
e1aeb4b6c69e82b0,val,not fractured,E:\projects\project-fracture-classification\dataset\Bone_Fracture_Dataset\val\not fractured\IMG0000013.jpg
c7ca9e9aa2988cb3,test,not fractured,E:\projects\project-fracture-classification\dataset\Bone_Fracture_Dataset\test\not fractured\IMG0000014.jpg
c7ca9e9aa2988cb3,train,not fractured,E:\projects\project-fracture-classification\dataset\Bone_Fracture_Dataset\train\not fractured\IMG0000014.jpg
c7ca9e9aa2988cb3,val,not fractured,E:\projects\project-fracture-classification\dataset\Bone_Fracture_Dataset\val\not fractured\IMG0000014.jpg
9bac24eb48da5674,test,not fractured,E:\projects\project-fracture-classification\dataset\Bone_Fracture_Dataset\test\not fractured\IMG0000181.jpg
9bac24eb48da5674,train,not fractured,E:\projects\project-fracture-classification\dataset\Bone_Fracture_Dataset\train\not fractured\IMG0000181.jpg
9bac24eb48da5674,val,not fractured,E:\projects\project-fracture-classification\dataset\Bone_Fracture_Dataset\val\not fractured\IMG0000181.jpg
9999e699c9e6a292,test,not fractured,E:\projects\project-fracture-classification\dataset\Bone_Fracture_Dataset\test\not fractured\IMG0000182.jpg
9999e699c9e6a292,train,not fractured,E:\projects\project-fracture-classification\dataset\Bone_Fracture_Dataset\train\not fractured\IMG0000182.jpg
9999e699c9e6a292,val,not fractured,E:\projects\project-fracture-classification\dataset\Bone_Fracture_Dataset\val\not fractured\IMG0000182.jpg
c6c6b3c18cb8e09f,test,not fractured,E:\projects\project-fracture-classification\dataset\Bone_Fracture_Dataset\test\not fractured\IMG0000183.jpg
c6c6b3c18cb8e09f,train,not fractured,E:\projects\project-fracture-classification\dataset\Bone_Fracture_Dataset\train\not fractured\IMG0000183.jpg
c6c6b3c18cb8e09f,val,not fractured,E:\projects\project-fracture-classification\dataset\Bone_Fracture_Dataset\val\not fractured\IMG0000183.jpg
cece3939388cc666,test,not fractured,E:\projects\project-fracture-classification\dataset\Bone_Fracture_Dataset\test\not fractured\IMG0000184.jpg
cece3939388cc666,train,not fractured,E:\projects\project-fracture-classification\dataset\Bone_Fracture_Dataset\train\not fractured\IMG0000184.jpg
cece3939388cc666,val,not fractured,E:\projects\project-fracture-classification\dataset\Bone_Fracture_Dataset\val\not fractured\IMG0000184.jpg
ccc37370707078fc,test,not fractured,E:\projects\project-fracture-classification\dataset\Bone_Fracture_Dataset\test\not fractured\IMG0000185.jpg
ccc37370707078fc,train,not fractured,E:\projects\project-fracture-classification\dataset\Bone_Fracture_Dataset\train\not fractured\IMG0000185.jpg
ccc37370707078fc,val,not fractured,E:\projects\project-fracture-classification\dataset\Bone_Fracture_Dataset\val\not fractured\IMG0000185.jpg
99dafef3ecc82010,test,not fractured,E:\projects\project-fracture-classification\dataset\Bone_Fracture_Dataset\test\not fractured\IMG0000186.jpg
99dafef3ecc82010,train,not fractured,E:\projects\project-fracture-classification\dataset\Bone_Fracture_Dataset\train\not fractured\IMG0000186.jpg
99dafef3ecc82010,val,not fractured,E:\projects\project-fracture-classification\dataset\Bone_Fracture_Dataset\val\not fractured\IMG0000186.jpg
c9e772f139610cb8,test,not fractured,E:\projects\project-fracture-classification\dataset\Bone_Fracture_Dataset\test\not fractured\IMG0000187.jpg
c9e772f139610cb8,train,not fractured,E:\projects\project-fracture-classification\dataset\Bone_Fracture_Dataset\train\not fractured\IMG0000187.jpg
c9e772f139610cb8,val,not fractured,E:\projects\project-fracture-classification\dataset\Bone_Fracture_Dataset\val\not fractured\IMG0000187.jpg
999e939bcc92b292,test,not fractured,E:\projects\project-fracture-classification\dataset\Bone_Fracture_Dataset\test\not fractured\IMG0000191.jpg
999e939bcc92b292,train,not fractured,E:\projects\project-fracture-classification\dataset\Bone_Fracture_Dataset\train\not fractured\IMG0000191.jpg
999e939bcc92b292,val,not fractured,E:\projects\project-fracture-classification\dataset\Bone_Fracture_Dataset\val\not fractured\IMG0000191.jpg
c6c633f3c11df103,test,not fractured,E:\projects\project-fracture-classification\dataset\Bone_Fracture_Dataset\test\not fractured\IMG0000192.jpg
c6c633f3c11df103,train,not fractured,E:\projects\project-fracture-classification\dataset\Bone_Fracture_Dataset\train\not fractured\IMG0000192.jpg
c6c633f3c11df103,val,not fractured,E:\projects\project-fracture-classification\dataset\Bone_Fracture_Dataset\val\not fractured\IMG0000192.jpg
c38fb9f18591998c,test,not fractured,E:\projects\project-fracture-classification\dataset\Bone_Fracture_Dataset\test\not fractured\IMG0000193.jpg
c38fb9f18591998c,train,not fractured,E:\projects\project-fracture-classification\dataset\Bone_Fracture_Dataset\train\not fractured\IMG0000193.jpg
c38fb9f18591998c,val,not fractured,E:\projects\project-fracture-classification\dataset\Bone_Fracture_Dataset\val\not fractured\IMG0000193.jpg
8fce3894c4299dcd,test,not fractured,E:\projects\project-fracture-classification\dataset\Bone_Fracture_Dataset\test\not fractured\IMG0000194.jpg
8fce3894c4299dcd,train,not fractured,E:\projects\project-fracture-classification\dataset\Bone_Fracture_Dataset\train\not fractured\IMG0000194.jpg
8fce3894c4299dcd,val,not fractured,E:\projects\project-fracture-classification\dataset\Bone_Fracture_Dataset\val\not fractured\IMG0000194.jpg
cea1e1f4989392e6,test,not fractured,E:\projects\project-fracture-classification\dataset\Bone_Fracture_Dataset\test\not fractured\IMG0000195.jpg
cea1e1f4989392e6,train,not fractured,E:\projects\project-fracture-classification\dataset\Bone_Fracture_Dataset\train\not fractured\IMG0000195.jpg
cea1e1f4989392e6,val,not fractured,E:\projects\project-fracture-classification\dataset\Bone_Fracture_Dataset\val\not fractured\IMG0000195.jpg
9cdc31b54565b14d,test,not fractured,E:\projects\project-fracture-classification\dataset\Bone_Fracture_Dataset\test\not fractured\IMG0000196.jpg
9cdc31b54565b14d,train,not fractured,E:\projects\project-fracture-classification\dataset\Bone_Fracture_Dataset\train\not fractured\IMG0000196.jpg
9cdc31b54565b14d,val,not fractured,E:\projects\project-fracture-classification\dataset\Bone_Fracture_Dataset\val\not fractured\IMG0000196.jpg
92926c9293bd6e5a,test,not fractured,E:\projects\project-fracture-classification\dataset\Bone_Fracture_Dataset\test\not fractured\IMG0000208.jpg
92926c9293bd6e5a,train,not fractured,E:\projects\project-fracture-classification\dataset\Bone_Fracture_Dataset\train\not fractured\IMG0000208.jpg
92926c9293bd6e5a,val,not fractured,E:\projects\project-fracture-classification\dataset\Bone_Fracture_Dataset\val\not fractured\IMG0000208.jpg
9b9236b68cccb139,test,not fractured,E:\projects\project-fracture-classification\dataset\Bone_Fracture_Dataset\test\not fractured\IMG0000209.jpg
9b9236b68cccb139,train,not fractured,E:\projects\project-fracture-classification\dataset\Bone_Fracture_Dataset\train\not fractured\IMG0000209.jpg
9b9236b68cccb139,val,not fractured,E:\projects\project-fracture-classification\dataset\Bone_Fracture_Dataset\val\not fractured\IMG0000209.jpg
c6c638ccc7c93936,test,not fractured,E:\projects\project-fracture-classification\dataset\Bone_Fracture_Dataset\test\not fractured\IMG0000210.jpg
c6c638ccc7c93936,train,not fractured,E:\projects\project-fracture-classification\dataset\Bone_Fracture_Dataset\train\not fractured\IMG0000210.jpg
c6c638ccc7c93936,val,not fractured,E:\projects\project-fracture-classification\dataset\Bone_Fracture_Dataset\val\not fractured\IMG0000210.jpg
99969293cd67b612,test,not fractured,E:\projects\project-fracture-classification\dataset\Bone_Fracture_Dataset\test\not fractured\IMG0000244.jpg
99969293cd67b612,train,not fractured,E:\projects\project-fracture-classification\dataset\Bone_Fracture_Dataset\train\not fractured\IMG0000244.jpg
99969293cd67b612,val,not fractured,E:\projects\project-fracture-classification\dataset\Bone_Fracture_Dataset\val\not fractured\IMG0000244.jpg
929ecb8b7749b304,test,not fractured,E:\projects\project-fracture-classification\dataset\Bone_Fracture_Dataset\test\not fractured\IMG0000245.jpg
929ecb8b7749b304,train,not fractured,E:\projects\project-fracture-classification\dataset\Bone_Fracture_Dataset\train\not fractured\IMG0000245.jpg
929ecb8b7749b304,val,not fractured,E:\projects\project-fracture-classification\dataset\Bone_Fracture_Dataset\val\not fractured\IMG0000245.jpg
d8dbdef2c8e0e0c0,test,not fractured,E:\projects\project-fracture-classification\dataset\Bone_Fracture_Dataset\test\not fractured\IMG0000246.jpg
d8dbdef2c8e0e0c0,train,not fractured,E:\projects\project-fracture-classification\dataset\Bone_Fracture_Dataset\train\not fractured\IMG0000246.jpg
d8dbdef2c8e0e0c0,val,not fractured,E:\projects\project-fracture-classification\dataset\Bone_Fracture_Dataset\val\not fractured\IMG0000246.jpg
cc9b9a92b2de9232,test,not fractured,E:\projects\project-fracture-classification\dataset\Bone_Fracture_Dataset\test\not fractured\IMG0000247.jpg
cc9b9a92b2de9232,train,not fractured,E:\projects\project-fracture-classification\dataset\Bone_Fracture_Dataset\train\not fractured\IMG0000247.jpg
cc9b9a92b2de9232,val,not fractured,E:\projects\project-fracture-classification\dataset\Bone_Fracture_Dataset\val\not fractured\IMG0000247.jpg
cdc9c3c8e1c4f1c6,test,not fractured,E:\projects\project-fracture-classification\dataset\Bone_Fracture_Dataset\test\not fractured\IMG0000248.jpg
cdc9c3c8e1c4f1c6,train,not fractured,E:\projects\project-fracture-classification\dataset\Bone_Fracture_Dataset\train\not fractured\IMG0000248.jpg
cdc9c3c8e1c4f1c6,val,not fractured,E:\projects\project-fracture-classification\dataset\Bone_Fracture_Dataset\val\not fractured\IMG0000248.jpg
c99bc699638c71c6,test,not fractured,E:\projects\project-fracture-classification\dataset\Bone_Fracture_Dataset\test\not fractured\IMG0000249.jpg
c99bc699638c71c6,train,not fractured,E:\projects\project-fracture-classification\dataset\Bone_Fracture_Dataset\train\not fractured\IMG0000249.jpg
c99bc699638c71c6,val,not fractured,E:\projects\project-fracture-classification\dataset\Bone_Fracture_Dataset\val\not fractured\IMG0000249.jpg
92929199d99b96bc,test,not fractured,E:\projects\project-fracture-classification\dataset\Bone_Fracture_Dataset\test\not fractured\IMG0000505.jpg
92929199d99b96bc,train,not fractured,E:\projects\project-fracture-classification\dataset\Bone_Fracture_Dataset\train\not fractured\IMG0000505.jpg
92929199d99b96bc,val,not fractured,E:\projects\project-fracture-classification\dataset\Bone_Fracture_Dataset\val\not fractured\IMG0000505.jpg
999a99cccd989a9a,test,not fractured,E:\projects\project-fracture-classification\dataset\Bone_Fracture_Dataset\test\not fractured\IMG0000507.jpg
999a99cccd989a9a,train,not fractured,E:\projects\project-fracture-classification\dataset\Bone_Fracture_Dataset\train\not fractured\IMG0000507.jpg
999a99cccd989a9a,val,not fractured,E:\projects\project-fracture-classification\dataset\Bone_Fracture_Dataset\val\not fractured\IMG0000507.jpg
92963499c2749fc7,test,not fractured,E:\projects\project-fracture-classification\dataset\Bone_Fracture_Dataset\test\not fractured\IMG0000508.jpg
92963499c2749fc7,train,not fractured,E:\projects\project-fracture-classification\dataset\Bone_Fracture_Dataset\train\not fractured\IMG0000508.jpg
92963499c2749fc7,val,not fractured,E:\projects\project-fracture-classification\dataset\Bone_Fracture_Dataset\val\not fractured\IMG0000508.jpg
b6b53de99a34e088,test,not fractured,E:\projects\project-fracture-classification\dataset\Bone_Fracture_Dataset\test\not fractured\IMG0000517.jpg
b6b53de99a34e088,train,not fractured,E:\projects\project-fracture-classification\dataset\Bone_Fracture_Dataset\train\not fractured\IMG0000517.jpg
b6b53de99a34e088,val,not fractured,E:\projects\project-fracture-classification\dataset\Bone_Fracture_Dataset\val\not fractured\IMG0000517.jpg
99de9d12b3529952,test,not fractured,E:\projects\project-fracture-classification\dataset\Bone_Fracture_Dataset\test\not fractured\IMG0000518.jpg
99de9d12b3529952,train,not fractured,E:\projects\project-fracture-classification\dataset\Bone_Fracture_Dataset\train\not fractured\IMG0000518.jpg
99de9d12b3529952,val,not fractured,E:\projects\project-fracture-classification\dataset\Bone_Fracture_Dataset\val\not fractured\IMG0000518.jpg
98c93193cd369bc9,test,not fractured,E:\projects\project-fracture-classification\dataset\Bone_Fracture_Dataset\test\not fractured\IMG0003889.jpg
98c93193cd369bc9,train,not fractured,E:\projects\project-fracture-classification\dataset\Bone_Fracture_Dataset\train\not fractured\IMG0003889.jpg
98c93193cd369bc9,val,not fractured,E:\projects\project-fracture-classification\dataset\Bone_Fracture_Dataset\val\not fractured\IMG0003889.jpg
cdcec99999918aca,test,not fractured,E:\projects\project-fracture-classification\dataset\Bone_Fracture_Dataset\test\not fractured\IMG0003895.jpg
cdcec99999918aca,train,not fractured,E:\projects\project-fracture-classification\dataset\Bone_Fracture_Dataset\train\not fractured\IMG0003895.jpg
cdcec99999918aca,val,not fractured,E:\projects\project-fracture-classification\dataset\Bone_Fracture_Dataset\val\not fractured\IMG0003895.jpg
989b72969e6cb492,test,not fractured,E:\projects\project-fracture-classification\dataset\Bone_Fracture_Dataset\test\not fractured\IMG0003941.jpg
989b72969e6cb492,train,not fractured,E:\projects\project-fracture-classification\dataset\Bone_Fracture_Dataset\train\not fractured\IMG0003941.jpg
989b72969e6cb492,val,not fractured,E:\projects\project-fracture-classification\dataset\Bone_Fracture_Dataset\val\not fractured\IMG0003941.jpg
8f98b1b58a784f51,test,not fractured,E:\projects\project-fracture-classification\dataset\Bone_Fracture_Dataset\test\not fractured\IMG0004178.jpg
8f98b1b58a784f51,train,not fractured,E:\projects\project-fracture-classification\dataset\Bone_Fracture_Dataset\train\not fractured\IMG0004178.jpg
8f98b1b58a784f51,val,not fractured,E:\projects\project-fracture-classification\dataset\Bone_Fracture_Dataset\val\not fractured\IMG0004178.jpg
9bb2cc996699728c,test,not fractured,E:\projects\project-fracture-classification\dataset\Bone_Fracture_Dataset\test\not fractured\IMG0004179.jpg
9bb2cc996699728c,train,not fractured,E:\projects\project-fracture-classification\dataset\Bone_Fracture_Dataset\train\not fractured\IMG0004179.jpg
9bb2cc996699728c,val,not fractured,E:\projects\project-fracture-classification\dataset\Bone_Fracture_Dataset\val\not fractured\IMG0004179.jpg
cc4c8c4e994dac5f,test,not fractured,E:\projects\project-fracture-classification\dataset\Bone_Fracture_Dataset\test\not fractured\IMG0004307.jpg
cc4c8c4e994dac5f,train,not fractured,E:\projects\project-fracture-classification\dataset\Bone_Fracture_Dataset\train\not fractured\IMG0004307.jpg
cc4c8c4e994dac5f,val,not fractured,E:\projects\project-fracture-classification\dataset\Bone_Fracture_Dataset\val\not fractured\IMG0004307.jpg
9959cc4c9c5acd6c,test,not fractured,E:\projects\project-fracture-classification\dataset\Bone_Fracture_Dataset\test\not fractured\IMG0004310.jpg
9959cc4c9c5acd6c,test,not fractured,E:\projects\project-fracture-classification\dataset\Bone_Fracture_Dataset\test\not fractured\IMG0004346.jpg
9959cc4c9c5acd6c,train,not fractured,E:\projects\project-fracture-classification\dataset\Bone_Fracture_Dataset\train\not fractured\IMG0004310.jpg
9959cc4c9c5acd6c,train,not fractured,E:\projects\project-fracture-classification\dataset\Bone_Fracture_Dataset\train\not fractured\IMG0004346.jpg
9959cc4c9c5acd6c,val,not fractured,E:\projects\project-fracture-classification\dataset\Bone_Fracture_Dataset\val\not fractured\IMG0004310.jpg
9959cc4c9c5acd6c,val,not fractured,E:\projects\project-fracture-classification\dataset\Bone_Fracture_Dataset\val\not fractured\IMG0004346.jpg
cec7e373c36150c1,test,not fractured,E:\projects\project-fracture-classification\dataset\Bone_Fracture_Dataset\test\not fractured\IMG0004314.jpg
cec7e373c36150c1,test,not fractured,E:\projects\project-fracture-classification\dataset\Bone_Fracture_Dataset\test\not fractured\IMG0004341.jpg
cec7e373c36150c1,train,not fractured,E:\projects\project-fracture-classification\dataset\Bone_Fracture_Dataset\train\not fractured\IMG0004314.jpg
cec7e373c36150c1,train,not fractured,E:\projects\project-fracture-classification\dataset\Bone_Fracture_Dataset\train\not fractured\IMG0004341.jpg
cec7e373c36150c1,val,not fractured,E:\projects\project-fracture-classification\dataset\Bone_Fracture_Dataset\val\not fractured\IMG0004314.jpg
cec7e373c36150c1,val,not fractured,E:\projects\project-fracture-classification\dataset\Bone_Fracture_Dataset\val\not fractured\IMG0004341.jpg
9292b66cd99b9293,test,not fractured,E:\projects\project-fracture-classification\dataset\Bone_Fracture_Dataset\test\not fractured\IMG0004371.jpg
9292b66cd99b9293,train,not fractured,E:\projects\project-fracture-classification\dataset\Bone_Fracture_Dataset\train\not fractured\IMG0004371.jpg
9292b66cd99b9293,val,not fractured,E:\projects\project-fracture-classification\dataset\Bone_Fracture_Dataset\val\not fractured\IMG0004371.jpg
9999cc4ccc46e6d6,test,not fractured,E:\projects\project-fracture-classification\dataset\Bone_Fracture_Dataset\test\not fractured\IMG0004372.jpg
9999cc4ccc46e6d6,train,not fractured,E:\projects\project-fracture-classification\dataset\Bone_Fracture_Dataset\train\not fractured\IMG0004372.jpg
9999cc4ccc46e6d6,val,not fractured,E:\projects\project-fracture-classification\dataset\Bone_Fracture_Dataset\val\not fractured\IMG0004372.jpg
99cc669b6526c999,test,not fractured,E:\projects\project-fracture-classification\dataset\Bone_Fracture_Dataset\test\not fractured\IMG0004383.jpg
99cc669b6526c999,train,not fractured,E:\projects\project-fracture-classification\dataset\Bone_Fracture_Dataset\train\not fractured\IMG0004383.jpg
99cc669b6526c999,val,not fractured,E:\projects\project-fracture-classification\dataset\Bone_Fracture_Dataset\val\not fractured\IMG0004383.jpg
df923ffdda0020c8,test,not fractured,E:\projects\project-fracture-classification\dataset\Bone_Fracture_Dataset\test\not fractured\IMG0004388.jpg
df923ffdda0020c8,train,not fractured,E:\projects\project-fracture-classification\dataset\Bone_Fracture_Dataset\train\not fractured\IMG0004388.jpg
df923ffdda0020c8,val,not fractured,E:\projects\project-fracture-classification\dataset\Bone_Fracture_Dataset\val\not fractured\IMG0004388.jpg
859b595b76258a66,test,not fractured,E:\projects\project-fracture-classification\dataset\Bone_Fracture_Dataset\test\not fractured\IMG0004389.jpg
859b595b76258a66,train,not fractured,E:\projects\project-fracture-classification\dataset\Bone_Fracture_Dataset\train\not fractured\IMG0004389.jpg
859b595b76258a66,val,not fractured,E:\projects\project-fracture-classification\dataset\Bone_Fracture_Dataset\val\not fractured\IMG0004389.jpg
d0c1b49e3374ccda,train,fractured,E:\projects\project-fracture-classification\dataset\Bone_Fracture_Dataset\train\fractured\0c70d9cb6ae7fcf9faae2dc812af08_gallery.jpg
d0c1b49e3374ccda,val,fractured,E:\projects\project-fracture-classification\dataset\Bone_Fracture_Dataset\val\fractured\0c70d9cb6ae7fcf9faae2dc812af08_gallery.jpg
98b6552529695d6b,train,fractured,E:\projects\project-fracture-classification\dataset\Bone_Fracture_Dataset\train\fractured\1-rotated1-rotated1-rotated2 (1).jpg
98b6552529695d6b,train,fractured,E:\projects\project-fracture-classification\dataset\Bone_Fracture_Dataset\train\fractured\1-rotated1-rotated1-rotated2 - Copy (1).jpg
98b6552529695d6b,train,fractured,E:\projects\project-fracture-classification\dataset\Bone_Fracture_Dataset\train\fractured\1-rotated1-rotated1-rotated2 - Copy.jpg
98b6552529695d6b,train,fractured,E:\projects\project-fracture-classification\dataset\Bone_Fracture_Dataset\train\fractured\1-rotated1-rotated1-rotated2.jpg
98b6552529695d6b,val,fractured,E:\projects\project-fracture-classification\dataset\Bone_Fracture_Dataset\val\fractured\1-rotated1-rotated1-rotated2.jpg
98b6452d6b495baa,train,fractured,E:\projects\project-fracture-classification\dataset\Bone_Fracture_Dataset\train\fractured\1-rotated1-rotated2-rotated2 (1).jpg
98b6452d6b495baa,train,fractured,E:\projects\project-fracture-classification\dataset\Bone_Fracture_Dataset\train\fractured\1-rotated1-rotated2-rotated2 - Copy (1).jpg
98b6452d6b495baa,train,fractured,E:\projects\project-fracture-classification\dataset\Bone_Fracture_Dataset\train\fractured\1-rotated1-rotated2-rotated2 - Copy.jpg
98b6452d6b495baa,train,fractured,E:\projects\project-fracture-classification\dataset\Bone_Fracture_Dataset\train\fractured\1-rotated1-rotated2-rotated2.jpg
98b6452d6b495baa,train,fractured,E:\projects\project-fracture-classification\dataset\Bone_Fracture_Dataset\train\fractured\1-rotated3-rotated3-rotated2 (1).jpg
98b6452d6b495baa,train,fractured,E:\projects\project-fracture-classification\dataset\Bone_Fracture_Dataset\train\fractured\1-rotated3-rotated3-rotated2 - Copy (1).jpg
98b6452d6b495baa,train,fractured,E:\projects\project-fracture-classification\dataset\Bone_Fracture_Dataset\train\fractured\1-rotated3-rotated3-rotated2 - Copy.jpg
98b6452d6b495baa,train,fractured,E:\projects\project-fracture-classification\dataset\Bone_Fracture_Dataset\train\fractured\1-rotated3-rotated3-rotated2.jpg
98b6452d6b495baa,val,fractured,E:\projects\project-fracture-classification\dataset\Bone_Fracture_Dataset\val\fractured\1-rotated3-rotated3-rotated2.jpg
9ae75635282c4d1f,train,fractured,E:\projects\project-fracture-classification\dataset\Bone_Fracture_Dataset\train\fractured\1-rotated2-rotated1 (1).jpg
9ae75635282c4d1f,train,fractured,E:\projects\project-fracture-classification\dataset\Bone_Fracture_Dataset\train\fractured\1-rotated2-rotated1 - Copy (1).jpg
9ae75635282c4d1f,train,fractured,E:\projects\project-fracture-classification\dataset\Bone_Fracture_Dataset\train\fractured\1-rotated2-rotated1 - Copy.jpg
9ae75635282c4d1f,train,fractured,E:\projects\project-fracture-classification\dataset\Bone_Fracture_Dataset\train\fractured\1-rotated2-rotated1.jpg
9ae75635282c4d1f,val,fractured,E:\projects\project-fracture-classification\dataset\Bone_Fracture_Dataset\val\fractured\1-rotated2-rotated1.jpg
98c754362cae4f17,train,fractured,E:\projects\project-fracture-classification\dataset\Bone_Fracture_Dataset\train\fractured\1-rotated2-rotated1-rotated1 - Copy (1).jpg
98c754362cae4f17,train,fractured,E:\projects\project-fracture-classification\dataset\Bone_Fracture_Dataset\train\fractured\1-rotated2-rotated1-rotated1 - Copy.jpg
98c754362cae4f17,val,fractured,E:\projects\project-fracture-classification\dataset\Bone_Fracture_Dataset\val\fractured\1-rotated2-rotated1-rotated1.jpg
99cd45145aa76abc,train,fractured,E:\projects\project-fracture-classification\dataset\Bone_Fracture_Dataset\train\fractured\1-rotated3 (1).jpg
99cd45145aa76abc,train,fractured,E:\projects\project-fracture-classification\dataset\Bone_Fracture_Dataset\train\fractured\1-rotated3 - Copy (1).jpg
99cd45145aa76abc,train,fractured,E:\projects\project-fracture-classification\dataset\Bone_Fracture_Dataset\train\fractured\1-rotated3 - Copy.jpg
99cd45145aa76abc,train,fractured,E:\projects\project-fracture-classification\dataset\Bone_Fracture_Dataset\train\fractured\1-rotated3-rotated1 (1).jpg
99cd45145aa76abc,train,fractured,E:\projects\project-fracture-classification\dataset\Bone_Fracture_Dataset\train\fractured\1-rotated3-rotated1 - Copy (1).jpg
99cd45145aa76abc,train,fractured,E:\projects\project-fracture-classification\dataset\Bone_Fracture_Dataset\train\fractured\1-rotated3-rotated1 - Copy.jpg
99cd45145aa76abc,train,fractured,E:\projects\project-fracture-classification\dataset\Bone_Fracture_Dataset\train\fractured\1-rotated3-rotated1.jpg
99cd45145aa76abc,train,fractured,E:\projects\project-fracture-classification\dataset\Bone_Fracture_Dataset\train\fractured\1-rotated3.jpg
99cd45145aa76abc,val,fractured,E:\projects\project-fracture-classification\dataset\Bone_Fracture_Dataset\val\fractured\1-rotated3.jpg
8a16f08c5bcdb46d,train,fractured,E:\projects\project-fracture-classification\dataset\Bone_Fracture_Dataset\train\fractured\1b.jpg
8a16f08c5bcdb46d,val,fractured,E:\projects\project-fracture-classification\dataset\Bone_Fracture_Dataset\val\fractured\1b.jpg
c0077e7030d76b9b,train,fractured,E:\projects\project-fracture-classification\dataset\Bone_Fracture_Dataset\train\fractured\1b62e6fbfbc5a2f70c6af413189cfc82.jpg
c0077e7030d76b9b,val,fractured,E:\projects\project-fracture-classification\dataset\Bone_Fracture_Dataset\val\fractured\1b62e6fbfbc5a2f70c6af413189cfc82.jpg
cc1963773be63442,train,fractured,E:\projects\project-fracture-classification\dataset\Bone_Fracture_Dataset\train\fractured\2-rotated1-rotated1 (1).jpg
cc1963773be63442,train,fractured,E:\projects\project-fracture-classification\dataset\Bone_Fracture_Dataset\train\fractured\2-rotated1-rotated1 - Copy (1).jpg
cc1963773be63442,train,fractured,E:\projects\project-fracture-classification\dataset\Bone_Fracture_Dataset\train\fractured\2-rotated1-rotated1 - Copy.jpg
cc1963773be63442,train,fractured,E:\projects\project-fracture-classification\dataset\Bone_Fracture_Dataset\train\fractured\2-rotated1-rotated1.jpg
cc1963773be63442,train,fractured,E:\projects\project-fracture-classification\dataset\Bone_Fracture_Dataset\train\fractured\2-rotated2-rotated2-rotated1 (1).jpg
cc1963773be63442,train,fractured,E:\projects\project-fracture-classification\dataset\Bone_Fracture_Dataset\train\fractured\2-rotated2-rotated2-rotated1 - Copy (1).jpg
cc1963773be63442,train,fractured,E:\projects\project-fracture-classification\dataset\Bone_Fracture_Dataset\train\fractured\2-rotated2-rotated2-rotated1 - Copy.jpg
cc1963773be63442,train,fractured,E:\projects\project-fracture-classification\dataset\Bone_Fracture_Dataset\train\fractured\2-rotated2-rotated2-rotated1.jpg
cc1963773be63442,val,fractured,E:\projects\project-fracture-classification\dataset\Bone_Fracture_Dataset\val\fractured\2-rotated2-rotated2-rotated1.jpg
cc3866317b63354b,train,fractured,E:\projects\project-fracture-classification\dataset\Bone_Fracture_Dataset\train\fractured\2-rotated1-rotated1-rotated2 (1).jpg
cc3866317b63354b,train,fractured,E:\projects\project-fracture-classification\dataset\Bone_Fracture_Dataset\train\fractured\2-rotated1-rotated1-rotated2 - Copy (1).jpg
cc3866317b63354b,train,fractured,E:\projects\project-fracture-classification\dataset\Bone_Fracture_Dataset\train\fractured\2-rotated1-rotated1-rotated2 - Copy.jpg
cc3866317b63354b,train,fractured,E:\projects\project-fracture-classification\dataset\Bone_Fracture_Dataset\train\fractured\2-rotated1-rotated1-rotated2.jpg
cc3866317b63354b,train,fractured,E:\projects\project-fracture-classification\dataset\Bone_Fracture_Dataset\train\fractured\2-rotated1-rotated2-rotated3 (1).jpg
cc3866317b63354b,train,fractured,E:\projects\project-fracture-classification\dataset\Bone_Fracture_Dataset\train\fractured\2-rotated1-rotated2-rotated3 - Copy (1).jpg
cc3866317b63354b,train,fractured,E:\projects\project-fracture-classification\dataset\Bone_Fracture_Dataset\train\fractured\2-rotated1-rotated2-rotated3 - Copy.jpg
cc3866317b63354b,train,fractured,E:\projects\project-fracture-classification\dataset\Bone_Fracture_Dataset\train\fractured\2-rotated1-rotated2-rotated3.jpg
cc3866317b63354b,train,fractured,E:\projects\project-fracture-classification\dataset\Bone_Fracture_Dataset\train\fractured\2-rotated2-rotated2-rotated2 - Copy (1).jpg
cc3866317b63354b,train,fractured,E:\projects\project-fracture-classification\dataset\Bone_Fracture_Dataset\train\fractured\2-rotated2-rotated2-rotated2 - Copy.jpg
cc3866317b63354b,train,fractured,E:\projects\project-fracture-classification\dataset\Bone_Fracture_Dataset\train\fractured\2-rotated3-rotated2 (1).jpg
cc3866317b63354b,train,fractured,E:\projects\project-fracture-classification\dataset\Bone_Fracture_Dataset\train\fractured\2-rotated3-rotated2 - Copy (1).jpg
cc3866317b63354b,train,fractured,E:\projects\project-fracture-classification\dataset\Bone_Fracture_Dataset\train\fractured\2-rotated3-rotated2 - Copy.jpg
cc3866317b63354b,train,fractured,E:\projects\project-fracture-classification\dataset\Bone_Fracture_Dataset\train\fractured\2-rotated3-rotated2.jpg
cc3866317b63354b,val,fractured,E:\projects\project-fracture-classification\dataset\Bone_Fracture_Dataset\val\fractured\2-rotated1-rotated2-rotated3.jpg
936932184f876bf2,train,fractured,E:\projects\project-fracture-classification\dataset\Bone_Fracture_Dataset\train\fractured\2-rotated1-rotated1-rotated3 (1).jpg
936932184f876bf2,train,fractured,E:\projects\project-fracture-classification\dataset\Bone_Fracture_Dataset\train\fractured\2-rotated1-rotated1-rotated3 - Copy (1).jpg
936932184f876bf2,train,fractured,E:\projects\project-fracture-classification\dataset\Bone_Fracture_Dataset\train\fractured\2-rotated1-rotated1-rotated3 - Copy.jpg
936932184f876bf2,train,fractured,E:\projects\project-fracture-classification\dataset\Bone_Fracture_Dataset\train\fractured\2-rotated1-rotated1-rotated3.jpg
936932184f876bf2,val,fractured,E:\projects\project-fracture-classification\dataset\Bone_Fracture_Dataset\val\fractured\2-rotated1-rotated1-rotated3.jpg
8d6633391c9c4eb5,train,fractured,E:\projects\project-fracture-classification\dataset\Bone_Fracture_Dataset\train\fractured\2-rotated1-rotated2-rotated2 (1).jpg
8d6633391c9c4eb5,train,fractured,E:\projects\project-fracture-classification\dataset\Bone_Fracture_Dataset\train\fractured\2-rotated1-rotated2-rotated2 - Copy (1).jpg
8d6633391c9c4eb5,train,fractured,E:\projects\project-fracture-classification\dataset\Bone_Fracture_Dataset\train\fractured\2-rotated1-rotated2-rotated2 - Copy.jpg
8d6633391c9c4eb5,train,fractured,E:\projects\project-fracture-classification\dataset\Bone_Fracture_Dataset\train\fractured\2-rotated1-rotated2-rotated2.jpg
8d6633391c9c4eb5,train,fractured,E:\projects\project-fracture-classification\dataset\Bone_Fracture_Dataset\train\fractured\2-rotated2-rotated1 (1).jpg
8d6633391c9c4eb5,train,fractured,E:\projects\project-fracture-classification\dataset\Bone_Fracture_Dataset\train\fractured\2-rotated2-rotated1 - Copy (1).jpg
8d6633391c9c4eb5,train,fractured,E:\projects\project-fracture-classification\dataset\Bone_Fracture_Dataset\train\fractured\2-rotated2-rotated1 - Copy.jpg
8d6633391c9c4eb5,train,fractured,E:\projects\project-fracture-classification\dataset\Bone_Fracture_Dataset\train\fractured\2-rotated2-rotated1.jpg
8d6633391c9c4eb5,val,fractured,E:\projects\project-fracture-classification\dataset\Bone_Fracture_Dataset\val\fractured\2-rotated2-rotated1.jpg
c31b32e62de06dc9,train,fractured,E:\projects\project-fracture-classification\dataset\Bone_Fracture_Dataset\train\fractured\2-rotated2-rotated3-rotated2 (1).jpg
c31b32e62de06dc9,train,fractured,E:\projects\project-fracture-classification\dataset\Bone_Fracture_Dataset\train\fractured\2-rotated2-rotated3-rotated2 - Copy (1).jpg
c31b32e62de06dc9,train,fractured,E:\projects\project-fracture-classification\dataset\Bone_Fracture_Dataset\train\fractured\2-rotated2-rotated3-rotated2 - Copy.jpg
c31b32e62de06dc9,train,fractured,E:\projects\project-fracture-classification\dataset\Bone_Fracture_Dataset\train\fractured\2-rotated2-rotated3-rotated2.jpg
c31b32e62de06dc9,val,fractured,E:\projects\project-fracture-classification\dataset\Bone_Fracture_Dataset\val\fractured\2-rotated2-rotated3-rotated2.jpg
cc6662315b3b253b,train,fractured,E:\projects\project-fracture-classification\dataset\Bone_Fracture_Dataset\train\fractured\2-rotated3-rotated1-rotated3 - Copy (1).jpg
cc6662315b3b253b,train,fractured,E:\projects\project-fracture-classification\dataset\Bone_Fracture_Dataset\train\fractured\2-rotated3-rotated1-rotated3 - Copy.jpg
cc6662315b3b253b,val,fractured,E:\projects\project-fracture-classification\dataset\Bone_Fracture_Dataset\val\fractured\2-rotated3-rotated1-rotated3.jpg
968f1c7803fb02fa,train,fractured,E:\projects\project-fracture-classification\dataset\Bone_Fracture_Dataset\train\fractured\3-rotated1-rotated1 (1).jpg
968f1c7803fb02fa,train,fractured,E:\projects\project-fracture-classification\dataset\Bone_Fracture_Dataset\train\fractured\3-rotated1-rotated1 - Copy (1).jpg
968f1c7803fb02fa,train,fractured,E:\projects\project-fracture-classification\dataset\Bone_Fracture_Dataset\train\fractured\3-rotated1-rotated1 - Copy.jpg
968f1c7803fb02fa,train,fractured,E:\projects\project-fracture-classification\dataset\Bone_Fracture_Dataset\train\fractured\3-rotated1-rotated1-rotated2 (1).jpg
968f1c7803fb02fa,train,fractured,E:\projects\project-fracture-classification\dataset\Bone_Fracture_Dataset\train\fractured\3-rotated1-rotated1-rotated2 - Copy (1).jpg
968f1c7803fb02fa,train,fractured,E:\projects\project-fracture-classification\dataset\Bone_Fracture_Dataset\train\fractured\3-rotated1-rotated1-rotated2 - Copy.jpg
968f1c7803fb02fa,train,fractured,E:\projects\project-fracture-classification\dataset\Bone_Fracture_Dataset\train\fractured\3-rotated1-rotated1-rotated2.jpg
968f1c7803fb02fa,train,fractured,E:\projects\project-fracture-classification\dataset\Bone_Fracture_Dataset\train\fractured\3-rotated1-rotated1.jpg
968f1c7803fb02fa,train,fractured,E:\projects\project-fracture-classification\dataset\Bone_Fracture_Dataset\train\fractured\3-rotated1-rotated3-rotated2 (1).jpg
968f1c7803fb02fa,train,fractured,E:\projects\project-fracture-classification\dataset\Bone_Fracture_Dataset\train\fractured\3-rotated1-rotated3-rotated2 - Copy (1).jpg
968f1c7803fb02fa,train,fractured,E:\projects\project-fracture-classification\dataset\Bone_Fracture_Dataset\train\fractured\3-rotated1-rotated3-rotated2 - Copy.jpg
968f1c7803fb02fa,train,fractured,E:\projects\project-fracture-classification\dataset\Bone_Fracture_Dataset\train\fractured\3-rotated1-rotated3-rotated2.jpg
968f1c7803fb02fa,train,fractured,E:\projects\project-fracture-classification\dataset\Bone_Fracture_Dataset\train\fractured\3-rotated2-rotated1-rotated2 (1).jpg
968f1c7803fb02fa,train,fractured,E:\projects\project-fracture-classification\dataset\Bone_Fracture_Dataset\train\fractured\3-rotated2-rotated1-rotated2 - Copy (1).jpg
968f1c7803fb02fa,train,fractured,E:\projects\project-fracture-classification\dataset\Bone_Fracture_Dataset\train\fractured\3-rotated2-rotated1-rotated2 - Copy.jpg
968f1c7803fb02fa,train,fractured,E:\projects\project-fracture-classification\dataset\Bone_Fracture_Dataset\train\fractured\3-rotated2-rotated1-rotated2.jpg
968f1c7803fb02fa,val,fractured,E:\projects\project-fracture-classification\dataset\Bone_Fracture_Dataset\val\fractured\3-rotated1-rotated1.jpg
c7d15c2f25163a17,train,fractured,E:\projects\project-fracture-classification\dataset\Bone_Fracture_Dataset\train\fractured\3-rotated1-rotated3-rotated3 (1).jpg
c7d15c2f25163a17,train,fractured,E:\projects\project-fracture-classification\dataset\Bone_Fracture_Dataset\train\fractured\3-rotated1-rotated3-rotated3 - Copy (1).jpg
c7d15c2f25163a17,train,fractured,E:\projects\project-fracture-classification\dataset\Bone_Fracture_Dataset\train\fractured\3-rotated1-rotated3-rotated3 - Copy.jpg
c7d15c2f25163a17,train,fractured,E:\projects\project-fracture-classification\dataset\Bone_Fracture_Dataset\train\fractured\3-rotated1-rotated3-rotated3.jpg
c7d15c2f25163a17,val,fractured,E:\projects\project-fracture-classification\dataset\Bone_Fracture_Dataset\val\fractured\3-rotated1-rotated3-rotated3.jpg
83d9482d54265f3f,train,fractured,E:\projects\project-fracture-classification\dataset\Bone_Fracture_Dataset\train\fractured\3-rotated2-rotated1 (1).jpg
83d9482d54265f3f,train,fractured,E:\projects\project-fracture-classification\dataset\Bone_Fracture_Dataset\train\fractured\3-rotated2-rotated1 - Copy (1).jpg
83d9482d54265f3f,train,fractured,E:\projects\project-fracture-classification\dataset\Bone_Fracture_Dataset\train\fractured\3-rotated2-rotated1 - Copy.jpg
83d9482d54265f3f,train,fractured,E:\projects\project-fracture-classification\dataset\Bone_Fracture_Dataset\train\fractured\3-rotated2-rotated1.jpg
83d9482d54265f3f,val,fractured,E:\projects\project-fracture-classification\dataset\Bone_Fracture_Dataset\val\fractured\3-rotated2-rotated1.jpg
87d15c2f25362a1f,train,fractured,E:\projects\project-fracture-classification\dataset\Bone_Fracture_Dataset\train\fractured\3-rotated2-rotated3-rotated1 (1).jpg
87d15c2f25362a1f,train,fractured,E:\projects\project-fracture-classification\dataset\Bone_Fracture_Dataset\train\fractured\3-rotated2-rotated3-rotated1 - Copy (1).jpg
87d15c2f25362a1f,train,fractured,E:\projects\project-fracture-classification\dataset\Bone_Fracture_Dataset\train\fractured\3-rotated2-rotated3-rotated1 - Copy.jpg
87d15c2f25362a1f,train,fractured,E:\projects\project-fracture-classification\dataset\Bone_Fracture_Dataset\train\fractured\3-rotated2-rotated3-rotated1.jpg
87d15c2f25362a1f,val,fractured,E:\projects\project-fracture-classification\dataset\Bone_Fracture_Dataset\val\fractured\3-rotated2-rotated3-rotated1.jpg
c7d15c2f25363a13,train,fractured,E:\projects\project-fracture-classification\dataset\Bone_Fracture_Dataset\train\fractured\3-rotated2-rotated3-rotated2 (1).jpg
c7d15c2f25363a13,train,fractured,E:\projects\project-fracture-classification\dataset\Bone_Fracture_Dataset\train\fractured\3-rotated2-rotated3-rotated2 - Copy (1).jpg
c7d15c2f25363a13,train,fractured,E:\projects\project-fracture-classification\dataset\Bone_Fracture_Dataset\train\fractured\3-rotated2-rotated3-rotated2 - Copy.jpg
c7d15c2f25363a13,train,fractured,E:\projects\project-fracture-classification\dataset\Bone_Fracture_Dataset\train\fractured\3-rotated2-rotated3-rotated2.jpg
c7d15c2f25363a13,val,fractured,E:\projects\project-fracture-classification\dataset\Bone_Fracture_Dataset\val\fractured\3-rotated2-rotated3-rotated2.jpg
c7d15c2f25163a1b,train,fractured,E:\projects\project-fracture-classification\dataset\Bone_Fracture_Dataset\train\fractured\3-rotated3-rotated2-rotated3 (1).jpg
c7d15c2f25163a1b,train,fractured,E:\projects\project-fracture-classification\dataset\Bone_Fracture_Dataset\train\fractured\3-rotated3-rotated2-rotated3 - Copy (1).jpg
c7d15c2f25163a1b,train,fractured,E:\projects\project-fracture-classification\dataset\Bone_Fracture_Dataset\train\fractured\3-rotated3-rotated2-rotated3 - Copy.jpg
c7d15c2f25163a1b,train,fractured,E:\projects\project-fracture-classification\dataset\Bone_Fracture_Dataset\train\fractured\3-rotated3-rotated2-rotated3.jpg
c7d15c2f25163a1b,val,fractured,E:\projects\project-fracture-classification\dataset\Bone_Fracture_Dataset\val\fractured\3-rotated3-rotated2-rotated3.jpg
968d1b7a6103fea8,train,fractured,E:\projects\project-fracture-classification\dataset\Bone_Fracture_Dataset\train\fractured\3-rotated3-rotated3 - Copy (1).jpg
968d1b7a6103fea8,train,fractured,E:\projects\project-fracture-classification\dataset\Bone_Fracture_Dataset\train\fractured\3-rotated3-rotated3 - Copy.jpg
968d1b7a6103fea8,val,fractured,E:\projects\project-fracture-classification\dataset\Bone_Fracture_Dataset\val\fractured\3-rotated3-rotated3.jpg
953d736649b66492,train,fractured,E:\projects\project-fracture-classification\dataset\Bone_Fracture_Dataset\train\fractured\348px-T9-T10_change_fracture_from_MVA (1).png
953d736649b66492,train,fractured,E:\projects\project-fracture-classification\dataset\Bone_Fracture_Dataset\train\fractured\348px-T9-T10_change_fracture_from_MVA.png
953d736649b66492,val,fractured,E:\projects\project-fracture-classification\dataset\Bone_Fracture_Dataset\val\fractured\348px-T9-T10_change_fracture_from_MVA.png
9a6735604d9e5a96,train,fractured,E:\projects\project-fracture-classification\dataset\Bone_Fracture_Dataset\train\fractured\4-rotated1-rotated1-rotated3 (1).jpg
9a6735604d9e5a96,train,fractured,E:\projects\project-fracture-classification\dataset\Bone_Fracture_Dataset\train\fractured\4-rotated1-rotated1-rotated3 - Copy (1).jpg
9a6735604d9e5a96,train,fractured,E:\projects\project-fracture-classification\dataset\Bone_Fracture_Dataset\train\fractured\4-rotated1-rotated1-rotated3 - Copy.jpg
9a6735604d9e5a96,train,fractured,E:\projects\project-fracture-classification\dataset\Bone_Fracture_Dataset\train\fractured\4-rotated1-rotated1-rotated3.jpg
9a6735604d9e5a96,val,fractured,E:\projects\project-fracture-classification\dataset\Bone_Fracture_Dataset\val\fractured\4-rotated1-rotated1-rotated3.jpg
916f31b44ea54e95,train,fractured,E:\projects\project-fracture-classification\dataset\Bone_Fracture_Dataset\train\fractured\4-rotated1-rotated2-rotated1 (1).jpg
916f31b44ea54e95,train,fractured,E:\projects\project-fracture-classification\dataset\Bone_Fracture_Dataset\train\fractured\4-rotated1-rotated2-rotated1 - Copy (1).jpg
916f31b44ea54e95,train,fractured,E:\projects\project-fracture-classification\dataset\Bone_Fracture_Dataset\train\fractured\4-rotated1-rotated2-rotated1 - Copy.jpg
916f31b44ea54e95,train,fractured,E:\projects\project-fracture-classification\dataset\Bone_Fracture_Dataset\train\fractured\4-rotated1-rotated2-rotated1.jpg
916f31b44ea54e95,train,fractured,E:\projects\project-fracture-classification\dataset\Bone_Fracture_Dataset\train\fractured\4-rotated3-rotated1-rotated1 (1).jpg
916f31b44ea54e95,train,fractured,E:\projects\project-fracture-classification\dataset\Bone_Fracture_Dataset\train\fractured\4-rotated3-rotated1-rotated1 - Copy (1).jpg
916f31b44ea54e95,train,fractured,E:\projects\project-fracture-classification\dataset\Bone_Fracture_Dataset\train\fractured\4-rotated3-rotated1-rotated1 - Copy.jpg
916f31b44ea54e95,train,fractured,E:\projects\project-fracture-classification\dataset\Bone_Fracture_Dataset\train\fractured\4-rotated3-rotated1-rotated1.jpg
916f31b44ea54e95,train,fractured,E:\projects\project-fracture-classification\dataset\Bone_Fracture_Dataset\train\fractured\4-rotated3-rotated3-rotated2 (1).jpg
916f31b44ea54e95,train,fractured,E:\projects\project-fracture-classification\dataset\Bone_Fracture_Dataset\train\fractured\4-rotated3-rotated3-rotated2 - Copy (1).jpg
916f31b44ea54e95,train,fractured,E:\projects\project-fracture-classification\dataset\Bone_Fracture_Dataset\train\fractured\4-rotated3-rotated3-rotated2 - Copy.jpg
916f31b44ea54e95,train,fractured,E:\projects\project-fracture-classification\dataset\Bone_Fracture_Dataset\train\fractured\4-rotated3-rotated3-rotated2.jpg
916f31b44ea54e95,val,fractured,E:\projects\project-fracture-classification\dataset\Bone_Fracture_Dataset\val\fractured\4-rotated3-rotated1-rotated1.jpg
914e73b44ea56e91,train,fractured,E:\projects\project-fracture-classification\dataset\Bone_Fracture_Dataset\train\fractured\4-rotated2-rotated1-rotated3 (1).jpg
914e73b44ea56e91,train,fractured,E:\projects\project-fracture-classification\dataset\Bone_Fracture_Dataset\train\fractured\4-rotated2-rotated1-rotated3 - Copy (1).jpg
914e73b44ea56e91,train,fractured,E:\projects\project-fracture-classification\dataset\Bone_Fracture_Dataset\train\fractured\4-rotated2-rotated1-rotated3 - Copy.jpg
914e73b44ea56e91,train,fractured,E:\projects\project-fracture-classification\dataset\Bone_Fracture_Dataset\train\fractured\4-rotated2-rotated1-rotated3.jpg
914e73b44ea56e91,val,fractured,E:\projects\project-fracture-classification\dataset\Bone_Fracture_Dataset\val\fractured\4-rotated2-rotated1-rotated3.jpg
986f31344fa54a97,train,fractured,E:\projects\project-fracture-classification\dataset\Bone_Fracture_Dataset\train\fractured\4-rotated2-rotated3-rotated1 (1).jpg
986f31344fa54a97,train,fractured,E:\projects\project-fracture-classification\dataset\Bone_Fracture_Dataset\train\fractured\4-rotated2-rotated3-rotated1 - Copy (1).jpg
986f31344fa54a97,train,fractured,E:\projects\project-fracture-classification\dataset\Bone_Fracture_Dataset\train\fractured\4-rotated2-rotated3-rotated1 - Copy.jpg
986f31344fa54a97,train,fractured,E:\projects\project-fracture-classification\dataset\Bone_Fracture_Dataset\train\fractured\4-rotated2-rotated3-rotated1.jpg
986f31344fa54a97,train,fractured,E:\projects\project-fracture-classification\dataset\Bone_Fracture_Dataset\train\fractured\4-rotated2-rotated3-rotated2 (1).jpg
986f31344fa54a97,train,fractured,E:\projects\project-fracture-classification\dataset\Bone_Fracture_Dataset\train\fractured\4-rotated2-rotated3-rotated2 - Copy (1).jpg
986f31344fa54a97,train,fractured,E:\projects\project-fracture-classification\dataset\Bone_Fracture_Dataset\train\fractured\4-rotated2-rotated3-rotated2 - Copy.jpg
986f31344fa54a97,train,fractured,E:\projects\project-fracture-classification\dataset\Bone_Fracture_Dataset\train\fractured\4-rotated2-rotated3-rotated2.jpg
986f31344fa54a97,val,fractured,E:\projects\project-fracture-classification\dataset\Bone_Fracture_Dataset\val\fractured\4-rotated2-rotated3-rotated2.jpg
9a6725684b5ed896,train,fractured,E:\projects\project-fracture-classification\dataset\Bone_Fracture_Dataset\train\fractured\4-rotated3-rotated2-rotated3 (1).jpg
9a6725684b5ed896,train,fractured,E:\projects\project-fracture-classification\dataset\Bone_Fracture_Dataset\train\fractured\4-rotated3-rotated2-rotated3 - Copy (1).jpg
9a6725684b5ed896,train,fractured,E:\projects\project-fracture-classification\dataset\Bone_Fracture_Dataset\train\fractured\4-rotated3-rotated2-rotated3 - Copy.jpg
9a6725684b5ed896,train,fractured,E:\projects\project-fracture-classification\dataset\Bone_Fracture_Dataset\train\fractured\4-rotated3-rotated2-rotated3.jpg
9a6725684b5ed896,val,fractured,E:\projects\project-fracture-classification\dataset\Bone_Fracture_Dataset\val\fractured\4-rotated3-rotated2-rotated3.jpg
9c30436351ff0fc3,train,fractured,E:\projects\project-fracture-classification\dataset\Bone_Fracture_Dataset\train\fractured\5-rotated1-rotated1-rotated3 (1).jpg
9c30436351ff0fc3,train,fractured,E:\projects\project-fracture-classification\dataset\Bone_Fracture_Dataset\train\fractured\5-rotated1-rotated1-rotated3 - Copy (1).jpg
9c30436351ff0fc3,train,fractured,E:\projects\project-fracture-classification\dataset\Bone_Fracture_Dataset\train\fractured\5-rotated1-rotated1-rotated3 - Copy.jpg
9c30436351ff0fc3,train,fractured,E:\projects\project-fracture-classification\dataset\Bone_Fracture_Dataset\train\fractured\5-rotated1-rotated1-rotated3.jpg
9c30436351ff0fc3,val,fractured,E:\projects\project-fracture-classification\dataset\Bone_Fracture_Dataset\val\fractured\5-rotated1-rotated1-rotated3.jpg
9c6720799c5fcce0,train,fractured,E:\projects\project-fracture-classification\dataset\Bone_Fracture_Dataset\train\fractured\5-rotated1-rotated3-rotated1 - Copy (1).jpg
9c6720799c5fcce0,train,fractured,E:\projects\project-fracture-classification\dataset\Bone_Fracture_Dataset\train\fractured\5-rotated1-rotated3-rotated1 - Copy.jpg
9c6720799c5fcce0,val,fractured,E:\projects\project-fracture-classification\dataset\Bone_Fracture_Dataset\val\fractured\5-rotated1-rotated3-rotated1.jpg
9c30636271fb0fc3,train,fractured,E:\projects\project-fracture-classification\dataset\Bone_Fracture_Dataset\train\fractured\5-rotated2-rotated1 (1).jpg
9c30636271fb0fc3,train,fractured,E:\projects\project-fracture-classification\dataset\Bone_Fracture_Dataset\train\fractured\5-rotated2-rotated1 - Copy (1).jpg
9c30636271fb0fc3,train,fractured,E:\projects\project-fracture-classification\dataset\Bone_Fracture_Dataset\train\fractured\5-rotated2-rotated1 - Copy.jpg
9c30636271fb0fc3,train,fractured,E:\projects\project-fracture-classification\dataset\Bone_Fracture_Dataset\train\fractured\5-rotated2-rotated1.jpg
9c30636271fb0fc3,val,fractured,E:\projects\project-fracture-classification\dataset\Bone_Fracture_Dataset\val\fractured\5-rotated2-rotated1.jpg
9c344360799f0fcb,train,fractured,E:\projects\project-fracture-classification\dataset\Bone_Fracture_Dataset\train\fractured\5-rotated3-rotated2-rotated1 (1).jpg
9c344360799f0fcb,train,fractured,E:\projects\project-fracture-classification\dataset\Bone_Fracture_Dataset\train\fractured\5-rotated3-rotated2-rotated1 - Copy (1).jpg
9c344360799f0fcb,train,fractured,E:\projects\project-fracture-classification\dataset\Bone_Fracture_Dataset\train\fractured\5-rotated3-rotated2-rotated1 - Copy.jpg
9c344360799f0fcb,train,fractured,E:\projects\project-fracture-classification\dataset\Bone_Fracture_Dataset\train\fractured\5-rotated3-rotated2-rotated1.jpg
9c344360799f0fcb,val,fractured,E:\projects\project-fracture-classification\dataset\Bone_Fracture_Dataset\val\fractured\5-rotated3-rotated2-rotated1.jpg
dc30636338e31fc3,train,fractured,E:\projects\project-fracture-classification\dataset\Bone_Fracture_Dataset\train\fractured\5-rotated3-rotated2-rotated3 (1).jpg
dc30636338e31fc3,train,fractured,E:\projects\project-fracture-classification\dataset\Bone_Fracture_Dataset\train\fractured\5-rotated3-rotated2-rotated3 - Copy (1).jpg
dc30636338e31fc3,train,fractured,E:\projects\project-fracture-classification\dataset\Bone_Fracture_Dataset\train\fractured\5-rotated3-rotated2-rotated3 - Copy.jpg
dc30636338e31fc3,train,fractured,E:\projects\project-fracture-classification\dataset\Bone_Fracture_Dataset\train\fractured\5-rotated3-rotated2-rotated3.jpg
dc30636338e31fc3,val,fractured,E:\projects\project-fracture-classification\dataset\Bone_Fracture_Dataset\val\fractured\5-rotated3-rotated2-rotated3.jpg
f25dc67062736323,train,fractured,E:\projects\project-fracture-classification\dataset\Bone_Fracture_Dataset\train\fractured\52be687c7d580b045476c49dc80b9f_jumbo.jpeg
f25dc67062736323,val,fractured,E:\projects\project-fracture-classification\dataset\Bone_Fracture_Dataset\val\fractured\52be687c7d580b045476c49dc80b9f_jumbo.jpeg
dc6a303c352ea7c6,train,fractured,E:\projects\project-fracture-classification\dataset\Bone_Fracture_Dataset\train\fractured\54d38979da5d67c85b1df0919c12d4_jumbo.jpeg
dc6a303c352ea7c6,val,fractured,E:\projects\project-fracture-classification\dataset\Bone_Fracture_Dataset\val\fractured\54d38979da5d67c85b1df0919c12d4_jumbo.jpeg
85915e2b05567a5f,train,fractured,E:\projects\project-fracture-classification\dataset\Bone_Fracture_Dataset\train\fractured\6-rotated1-rotated1-rotated2 (1).jpg
85915e2b05567a5f,train,fractured,E:\projects\project-fracture-classification\dataset\Bone_Fracture_Dataset\train\fractured\6-rotated1-rotated1-rotated2 - Copy (1).jpg
85915e2b05567a5f,train,fractured,E:\projects\project-fracture-classification\dataset\Bone_Fracture_Dataset\train\fractured\6-rotated1-rotated1-rotated2 - Copy.jpg
85915e2b05567a5f,train,fractured,E:\projects\project-fracture-classification\dataset\Bone_Fracture_Dataset\train\fractured\6-rotated1-rotated1-rotated2.jpg
85915e2b05567a5f,val,fractured,E:\projects\project-fracture-classification\dataset\Bone_Fracture_Dataset\val\fractured\6-rotated1-rotated1-rotated2.jpg
94cf1a600bf35f4a,train,fractured,E:\projects\project-fracture-classification\dataset\Bone_Fracture_Dataset\train\fractured\6-rotated1-rotated1-rotated3 (1).jpg
94cf1a600bf35f4a,train,fractured,E:\projects\project-fracture-classification\dataset\Bone_Fracture_Dataset\train\fractured\6-rotated1-rotated1-rotated3 - Copy (1).jpg
94cf1a600bf35f4a,train,fractured,E:\projects\project-fracture-classification\dataset\Bone_Fracture_Dataset\train\fractured\6-rotated1-rotated1-rotated3 - Copy.jpg
94cf1a600bf35f4a,train,fractured,E:\projects\project-fracture-classification\dataset\Bone_Fracture_Dataset\train\fractured\6-rotated1-rotated1-rotated3.jpg
94cf1a600bf35f4a,val,fractured,E:\projects\project-fracture-classification\dataset\Bone_Fracture_Dataset\val\fractured\6-rotated1-rotated1-rotated3.jpg
948f18600bfb577a,train,fractured,E:\projects\project-fracture-classification\dataset\Bone_Fracture_Dataset\train\fractured\6-rotated2-rotated1 (1).jpg
948f18600bfb577a,train,fractured,E:\projects\project-fracture-classification\dataset\Bone_Fracture_Dataset\train\fractured\6-rotated2-rotated1 - Copy (1).jpg
948f18600bfb577a,train,fractured,E:\projects\project-fracture-classification\dataset\Bone_Fracture_Dataset\train\fractured\6-rotated2-rotated1 - Copy.jpg
948f18600bfb577a,train,fractured,E:\projects\project-fracture-classification\dataset\Bone_Fracture_Dataset\train\fractured\6-rotated2-rotated1.jpg
948f18600bfb577a,val,fractured,E:\projects\project-fracture-classification\dataset\Bone_Fracture_Dataset\val\fractured\6-rotated2-rotated1.jpg
948f1a700bf3576a,train,fractured,E:\projects\project-fracture-classification\dataset\Bone_Fracture_Dataset\train\fractured\6-rotated2-rotated1-rotated1 - Copy (1).jpg
948f1a700bf3576a,train,fractured,E:\projects\project-fracture-classification\dataset\Bone_Fracture_Dataset\train\fractured\6-rotated2-rotated1-rotated1 - Copy.jpg
948f1a700bf3576a,val,fractured,E:\projects\project-fracture-classification\dataset\Bone_Fracture_Dataset\val\fractured\6-rotated2-rotated1-rotated1.jpg
848f58705bb05ff4,train,fractured,E:\projects\project-fracture-classification\dataset\Bone_Fracture_Dataset\train\fractured\6-rotated2-rotated3-rotated2 (1).jpg
848f58705bb05ff4,train,fractured,E:\projects\project-fracture-classification\dataset\Bone_Fracture_Dataset\train\fractured\6-rotated2-rotated3-rotated2 - Copy (1).jpg
848f58705bb05ff4,train,fractured,E:\projects\project-fracture-classification\dataset\Bone_Fracture_Dataset\train\fractured\6-rotated2-rotated3-rotated2 - Copy.jpg
848f58705bb05ff4,train,fractured,E:\projects\project-fracture-classification\dataset\Bone_Fracture_Dataset\train\fractured\6-rotated2-rotated3-rotated2.jpg
848f58705bb05ff4,val,fractured,E:\projects\project-fracture-classification\dataset\Bone_Fracture_Dataset\val\fractured\6-rotated2-rotated3-rotated2.jpg
968d1bf00177fe28,train,fractured,E:\projects\project-fracture-classification\dataset\Bone_Fracture_Dataset\train\fractured\6-rotated3 (1).jpg
968d1bf00177fe28,train,fractured,E:\projects\project-fracture-classification\dataset\Bone_Fracture_Dataset\train\fractured\6-rotated3 - Copy (1).jpg
968d1bf00177fe28,train,fractured,E:\projects\project-fracture-classification\dataset\Bone_Fracture_Dataset\train\fractured\6-rotated3 - Copy.jpg
968d1bf00177fe28,train,fractured,E:\projects\project-fracture-classification\dataset\Bone_Fracture_Dataset\train\fractured\6-rotated3.jpg
968d1bf00177fe28,val,fractured,E:\projects\project-fracture-classification\dataset\Bone_Fracture_Dataset\val\fractured\6-rotated3.jpg
84cf58601ffb5f40,train,fractured,E:\projects\project-fracture-classification\dataset\Bone_Fracture_Dataset\train\fractured\6-rotated3-rotated3-rotated2 (1).jpg
84cf58601ffb5f40,train,fractured,E:\projects\project-fracture-classification\dataset\Bone_Fracture_Dataset\train\fractured\6-rotated3-rotated3-rotated2 - Copy (1).jpg
84cf58601ffb5f40,train,fractured,E:\projects\project-fracture-classification\dataset\Bone_Fracture_Dataset\train\fractured\6-rotated3-rotated3-rotated2 - Copy.jpg
84cf58601ffb5f40,train,fractured,E:\projects\project-fracture-classification\dataset\Bone_Fracture_Dataset\train\fractured\6-rotated3-rotated3-rotated2.jpg
84cf58601ffb5f40,val,fractured,E:\projects\project-fracture-classification\dataset\Bone_Fracture_Dataset\val\fractured\6-rotated3-rotated3-rotated2.jpg
944c66b95ab369b4,train,fractured,E:\projects\project-fracture-classification\dataset\Bone_Fracture_Dataset\train\fractured\7-rotated1-rotated1-rotated3 (1).jpg
944c66b95ab369b4,train,fractured,E:\projects\project-fracture-classification\dataset\Bone_Fracture_Dataset\train\fractured\7-rotated1-rotated1-rotated3 - Copy (1).jpg
944c66b95ab369b4,train,fractured,E:\projects\project-fracture-classification\dataset\Bone_Fracture_Dataset\train\fractured\7-rotated1-rotated1-rotated3 - Copy.jpg
944c66b95ab369b4,train,fractured,E:\projects\project-fracture-classification\dataset\Bone_Fracture_Dataset\train\fractured\7-rotated1-rotated1-rotated3.jpg
944c66b95ab369b4,val,fractured,E:\projects\project-fracture-classification\dataset\Bone_Fracture_Dataset\val\fractured\7-rotated1-rotated1-rotated3.jpg
944c66b95a3369b6,train,fractured,E:\projects\project-fracture-classification\dataset\Bone_Fracture_Dataset\train\fractured\7-rotated1-rotated2-rotated3 (1).jpg
944c66b95a3369b6,train,fractured,E:\projects\project-fracture-classification\dataset\Bone_Fracture_Dataset\train\fractured\7-rotated1-rotated2-rotated3 - Copy (1).jpg
944c66b95a3369b6,train,fractured,E:\projects\project-fracture-classification\dataset\Bone_Fracture_Dataset\train\fractured\7-rotated1-rotated2-rotated3 - Copy.jpg
944c66b95a3369b6,train,fractured,E:\projects\project-fracture-classification\dataset\Bone_Fracture_Dataset\train\fractured\7-rotated1-rotated2-rotated3.jpg
944c66b95a3369b6,val,fractured,E:\projects\project-fracture-classification\dataset\Bone_Fracture_Dataset\val\fractured\7-rotated1-rotated2-rotated3.jpg
996e31da3679245a,train,fractured,E:\projects\project-fracture-classification\dataset\Bone_Fracture_Dataset\train\fractured\7-rotated2-rotated1 (1).jpg
996e31da3679245a,train,fractured,E:\projects\project-fracture-classification\dataset\Bone_Fracture_Dataset\train\fractured\7-rotated2-rotated1 - Copy (1).jpg
996e31da3679245a,train,fractured,E:\projects\project-fracture-classification\dataset\Bone_Fracture_Dataset\train\fractured\7-rotated2-rotated1 - Copy.jpg
996e31da3679245a,train,fractured,E:\projects\project-fracture-classification\dataset\Bone_Fracture_Dataset\train\fractured\7-rotated2-rotated1.jpg
996e31da3679245a,val,fractured,E:\projects\project-fracture-classification\dataset\Bone_Fracture_Dataset\val\fractured\7-rotated2-rotated1.jpg
996eb1da3a39241e,train,fractured,E:\projects\project-fracture-classification\dataset\Bone_Fracture_Dataset\train\fractured\7-rotated2-rotated2-rotated1 (1).jpg
996eb1da3a39241e,train,fractured,E:\projects\project-fracture-classification\dataset\Bone_Fracture_Dataset\train\fractured\7-rotated2-rotated2-rotated1 - Copy (1).jpg
996eb1da3a39241e,train,fractured,E:\projects\project-fracture-classification\dataset\Bone_Fracture_Dataset\train\fractured\7-rotated2-rotated2-rotated1 - Copy.jpg
996eb1da3a39241e,train,fractured,E:\projects\project-fracture-classification\dataset\Bone_Fracture_Dataset\train\fractured\7-rotated2-rotated2-rotated1.jpg
996eb1da3a39241e,val,fractured,E:\projects\project-fracture-classification\dataset\Bone_Fracture_Dataset\val\fractured\7-rotated2-rotated2-rotated1.jpg
944f66b05bb47874,train,fractured,E:\projects\project-fracture-classification\dataset\Bone_Fracture_Dataset\train\fractured\7-rotated2-rotated3-rotated2 (1).jpg
944f66b05bb47874,train,fractured,E:\projects\project-fracture-classification\dataset\Bone_Fracture_Dataset\train\fractured\7-rotated2-rotated3-rotated2 - Copy (1).jpg
944f66b05bb47874,train,fractured,E:\projects\project-fracture-classification\dataset\Bone_Fracture_Dataset\train\fractured\7-rotated2-rotated3-rotated2 - Copy.jpg
944f66b05bb47874,train,fractured,E:\projects\project-fracture-classification\dataset\Bone_Fracture_Dataset\train\fractured\7-rotated2-rotated3-rotated2.jpg
944f66b05bb47874,val,fractured,E:\projects\project-fracture-classification\dataset\Bone_Fracture_Dataset\val\fractured\7-rotated2-rotated3-rotated2.jpg
996e31d2736d3468,train,fractured,E:\projects\project-fracture-classification\dataset\Bone_Fracture_Dataset\train\fractured\7-rotated3-rotated1-rotated3 (1).jpg
996e31d2736d3468,train,fractured,E:\projects\project-fracture-classification\dataset\Bone_Fracture_Dataset\train\fractured\7-rotated3-rotated1-rotated3.jpg
996e31d2736d3468,val,fractured,E:\projects\project-fracture-classification\dataset\Bone_Fracture_Dataset\val\fractured\7-rotated3-rotated1-rotated3.jpg
986716476d64696e,train,fractured,E:\projects\project-fracture-classification\dataset\Bone_Fracture_Dataset\train\fractured\7-rotated3-rotated2-rotated3 (1).jpg
986716476d64696e,train,fractured,E:\projects\project-fracture-classification\dataset\Bone_Fracture_Dataset\train\fractured\7-rotated3-rotated2-rotated3 - Copy (1).jpg
986716476d64696e,train,fractured,E:\projects\project-fracture-classification\dataset\Bone_Fracture_Dataset\train\fractured\7-rotated3-rotated2-rotated3 - Copy.jpg
986716476d64696e,train,fractured,E:\projects\project-fracture-classification\dataset\Bone_Fracture_Dataset\train\fractured\7-rotated3-rotated2-rotated3.jpg
986716476d64696e,val,fractured,E:\projects\project-fracture-classification\dataset\Bone_Fracture_Dataset\val\fractured\7-rotated3-rotated2-rotated3.jpg
d5aad912da0bb692,train,fractured,E:\projects\project-fracture-classification\dataset\Bone_Fracture_Dataset\train\fractured\72c9b4c7b122501e57f63da52f0e1e_gallery (1).jpeg
d5aad912da0bb692,train,fractured,E:\projects\project-fracture-classification\dataset\Bone_Fracture_Dataset\train\fractured\72c9b4c7b122501e57f63da52f0e1e_gallery.jpeg
d5aad912da0bb692,val,fractured,E:\projects\project-fracture-classification\dataset\Bone_Fracture_Dataset\val\fractured\72c9b4c7b122501e57f63da52f0e1e_gallery.jpeg
9a8796f0219f6c9a,train,fractured,E:\projects\project-fracture-classification\dataset\Bone_Fracture_Dataset\train\fractured\79 (1).jpg
9a8796f0219f6c9a,train,fractured,E:\projects\project-fracture-classification\dataset\Bone_Fracture_Dataset\train\fractured\79 - Copy (1).jpg
9a8796f0219f6c9a,train,fractured,E:\projects\project-fracture-classification\dataset\Bone_Fracture_Dataset\train\fractured\79 - Copy.jpg
9a8796f0219f6c9a,train,fractured,E:\projects\project-fracture-classification\dataset\Bone_Fracture_Dataset\train\fractured\79.jpg
9a8796f0219f6c9a,val,fractured,E:\projects\project-fracture-classification\dataset\Bone_Fracture_Dataset\val\fractured\79.jpg
d8cf13903f9c6817,train,fractured,E:\projects\project-fracture-classification\dataset\Bone_Fracture_Dataset\train\fractured\79-rotated2-rotated2 (1).jpg
d8cf13903f9c6817,train,fractured,E:\projects\project-fracture-classification\dataset\Bone_Fracture_Dataset\train\fractured\79-rotated2-rotated2 - Copy (1).jpg
d8cf13903f9c6817,train,fractured,E:\projects\project-fracture-classification\dataset\Bone_Fracture_Dataset\train\fractured\79-rotated2-rotated2 - Copy.jpg
d8cf13903f9c6817,train,fractured,E:\projects\project-fracture-classification\dataset\Bone_Fracture_Dataset\train\fractured\79-rotated2-rotated2.jpg
d8cf13903f9c6817,val,fractured,E:\projects\project-fracture-classification\dataset\Bone_Fracture_Dataset\val\fractured\79-rotated2-rotated2.jpg
d9cd01901f956e97,train,fractured,E:\projects\project-fracture-classification\dataset\Bone_Fracture_Dataset\train\fractured\79-rotated2-rotated3-rotated2 (1).jpg
d9cd01901f956e97,train,fractured,E:\projects\project-fracture-classification\dataset\Bone_Fracture_Dataset\train\fractured\79-rotated2-rotated3-rotated2.jpg
d9cd01901f956e97,val,fractured,E:\projects\project-fracture-classification\dataset\Bone_Fracture_Dataset\val\fractured\79-rotated2-rotated3-rotated2.jpg
d9cd41901f954e1f,train,fractured,E:\projects\project-fracture-classification\dataset\Bone_Fracture_Dataset\train\fractured\79-rotated3-rotated3 (1).jpg
d9cd41901f954e1f,train,fractured,E:\projects\project-fracture-classification\dataset\Bone_Fracture_Dataset\train\fractured\79-rotated3-rotated3 - Copy (1).jpg
d9cd41901f954e1f,train,fractured,E:\projects\project-fracture-classification\dataset\Bone_Fracture_Dataset\train\fractured\79-rotated3-rotated3 - Copy.jpg
d9cd41901f954e1f,train,fractured,E:\projects\project-fracture-classification\dataset\Bone_Fracture_Dataset\train\fractured\79-rotated3-rotated3.jpg
d9cd41901f954e1f,val,fractured,E:\projects\project-fracture-classification\dataset\Bone_Fracture_Dataset\val\fractured\79-rotated3-rotated3.jpg
9967669b42992799,train,fractured,E:\projects\project-fracture-classification\dataset\Bone_Fracture_Dataset\train\fractured\8-rotated1-rotated1 (1).jpg
9967669b42992799,train,fractured,E:\projects\project-fracture-classification\dataset\Bone_Fracture_Dataset\train\fractured\8-rotated1-rotated1 - Copy (1).jpg
9967669b42992799,train,fractured,E:\projects\project-fracture-classification\dataset\Bone_Fracture_Dataset\train\fractured\8-rotated1-rotated1 - Copy.jpg
9967669b42992799,train,fractured,E:\projects\project-fracture-classification\dataset\Bone_Fracture_Dataset\train\fractured\8-rotated1-rotated1.jpg
9967669b42992799,train,fractured,E:\projects\project-fracture-classification\dataset\Bone_Fracture_Dataset\train\fractured\8-rotated1-rotated3 (1).jpg
9967669b42992799,train,fractured,E:\projects\project-fracture-classification\dataset\Bone_Fracture_Dataset\train\fractured\8-rotated1-rotated3 - Copy (1).jpg
9967669b42992799,train,fractured,E:\projects\project-fracture-classification\dataset\Bone_Fracture_Dataset\train\fractured\8-rotated1-rotated3 - Copy.jpg
9967669b42992799,train,fractured,E:\projects\project-fracture-classification\dataset\Bone_Fracture_Dataset\train\fractured\8-rotated1-rotated3.jpg
9967669b42992799,val,fractured,E:\projects\project-fracture-classification\dataset\Bone_Fracture_Dataset\val\fractured\8-rotated1-rotated1.jpg
983356cc39cc78ce,train,fractured,E:\projects\project-fracture-classification\dataset\Bone_Fracture_Dataset\train\fractured\8-rotated2-rotated3-rotated2 (1).jpg
983356cc39cc78ce,train,fractured,E:\projects\project-fracture-classification\dataset\Bone_Fracture_Dataset\train\fractured\8-rotated2-rotated3-rotated2 - Copy (1).jpg
983356cc39cc78ce,train,fractured,E:\projects\project-fracture-classification\dataset\Bone_Fracture_Dataset\train\fractured\8-rotated2-rotated3-rotated2 - Copy.jpg
983356cc39cc78ce,train,fractured,E:\projects\project-fracture-classification\dataset\Bone_Fracture_Dataset\train\fractured\8-rotated2-rotated3-rotated2.jpg
983356cc39cc78ce,val,fractured,E:\projects\project-fracture-classification\dataset\Bone_Fracture_Dataset\val\fractured\8-rotated2-rotated3-rotated2.jpg
9964669b4d9a6c96,train,fractured,E:\projects\project-fracture-classification\dataset\Bone_Fracture_Dataset\train\fractured\8-rotated3-rotated2-rotated3 (1).jpg
9964669b4d9a6c96,train,fractured,E:\projects\project-fracture-classification\dataset\Bone_Fracture_Dataset\train\fractured\8-rotated3-rotated2-rotated3 - Copy (1).jpg
9964669b4d9a6c96,train,fractured,E:\projects\project-fracture-classification\dataset\Bone_Fracture_Dataset\train\fractured\8-rotated3-rotated2-rotated3 - Copy.jpg
9964669b4d9a6c96,train,fractured,E:\projects\project-fracture-classification\dataset\Bone_Fracture_Dataset\train\fractured\8-rotated3-rotated2-rotated3.jpg
9964669b4d9a6c96,val,fractured,E:\projects\project-fracture-classification\dataset\Bone_Fracture_Dataset\val\fractured\8-rotated3-rotated2-rotated3.jpg
c96733383f9c0c1e,train,fractured,E:\projects\project-fracture-classification\dataset\Bone_Fracture_Dataset\train\fractured\80-rotated1-rotated2-rotated3 (1).jpg
c96733383f9c0c1e,train,fractured,E:\projects\project-fracture-classification\dataset\Bone_Fracture_Dataset\train\fractured\80-rotated1-rotated2-rotated3 - Copy (1).jpg
c96733383f9c0c1e,train,fractured,E:\projects\project-fracture-classification\dataset\Bone_Fracture_Dataset\train\fractured\80-rotated1-rotated2-rotated3 - Copy.jpg
c96733383f9c0c1e,train,fractured,E:\projects\project-fracture-classification\dataset\Bone_Fracture_Dataset\train\fractured\80-rotated1-rotated2-rotated3.jpg
c96733383f9c0c1e,val,fractured,E:\projects\project-fracture-classification\dataset\Bone_Fracture_Dataset\val\fractured\80-rotated1-rotated2-rotated3.jpg
cc6733303f98d81e,train,fractured,E:\projects\project-fracture-classification\dataset\Bone_Fracture_Dataset\train\fractured\80-rotated2-rotated1-rotated2 (1).jpg
cc6733303f98d81e,train,fractured,E:\projects\project-fracture-classification\dataset\Bone_Fracture_Dataset\train\fractured\80-rotated2-rotated1-rotated2 - Copy (1).jpg
cc6733303f98d81e,train,fractured,E:\projects\project-fracture-classification\dataset\Bone_Fracture_Dataset\train\fractured\80-rotated2-rotated1-rotated2 - Copy.jpg
cc6733303f98d81e,train,fractured,E:\projects\project-fracture-classification\dataset\Bone_Fracture_Dataset\train\fractured\80-rotated2-rotated1-rotated2.jpg
cc6733303f98d81e,train,fractured,E:\projects\project-fracture-classification\dataset\Bone_Fracture_Dataset\train\fractured\80-rotated2-rotated1-rotated3 (1).jpg
cc6733303f98d81e,train,fractured,E:\projects\project-fracture-classification\dataset\Bone_Fracture_Dataset\train\fractured\80-rotated2-rotated1-rotated3 - Copy (1).jpg
cc6733303f98d81e,train,fractured,E:\projects\project-fracture-classification\dataset\Bone_Fracture_Dataset\train\fractured\80-rotated2-rotated1-rotated3 - Copy.jpg
cc6733303f98d81e,train,fractured,E:\projects\project-fracture-classification\dataset\Bone_Fracture_Dataset\train\fractured\80-rotated2-rotated1-rotated3.jpg
cc6733303f98d81e,val,fractured,E:\projects\project-fracture-classification\dataset\Bone_Fracture_Dataset\val\fractured\80-rotated2-rotated1-rotated3.jpg
ccc733703319d90f,train,fractured,E:\projects\project-fracture-classification\dataset\Bone_Fracture_Dataset\train\fractured\80-rotated3-rotated1-rotated1 (1).jpg
ccc733703319d90f,train,fractured,E:\projects\project-fracture-classification\dataset\Bone_Fracture_Dataset\train\fractured\80-rotated3-rotated1-rotated1 - Copy (1).jpg
ccc733703319d90f,train,fractured,E:\projects\project-fracture-classification\dataset\Bone_Fracture_Dataset\train\fractured\80-rotated3-rotated1-rotated1 - Copy.jpg
ccc733703319d90f,train,fractured,E:\projects\project-fracture-classification\dataset\Bone_Fracture_Dataset\train\fractured\80-rotated3-rotated1-rotated1.jpg
ccc733703319d90f,val,fractured,E:\projects\project-fracture-classification\dataset\Bone_Fracture_Dataset\val\fractured\80-rotated3-rotated1-rotated1.jpg
cc6733703d98d81e,train,fractured,E:\projects\project-fracture-classification\dataset\Bone_Fracture_Dataset\train\fractured\80-rotated3-rotated1-rotated2 (1).jpg
cc6733703d98d81e,train,fractured,E:\projects\project-fracture-classification\dataset\Bone_Fracture_Dataset\train\fractured\80-rotated3-rotated1-rotated2.jpg
cc6733703d98d81e,val,fractured,E:\projects\project-fracture-classification\dataset\Bone_Fracture_Dataset\val\fractured\80-rotated3-rotated1-rotated2.jpg
cc6733703f98581e,train,fractured,E:\projects\project-fracture-classification\dataset\Bone_Fracture_Dataset\train\fractured\80-rotated3-rotated3-rotated3 (1).jpg
cc6733703f98581e,train,fractured,E:\projects\project-fracture-classification\dataset\Bone_Fracture_Dataset\train\fractured\80-rotated3-rotated3-rotated3 - Copy (1).jpg
cc6733703f98581e,train,fractured,E:\projects\project-fracture-classification\dataset\Bone_Fracture_Dataset\train\fractured\80-rotated3-rotated3-rotated3 - Copy.jpg
cc6733703f98581e,train,fractured,E:\projects\project-fracture-classification\dataset\Bone_Fracture_Dataset\train\fractured\80-rotated3-rotated3-rotated3.jpg
cc6733703f98581e,val,fractured,E:\projects\project-fracture-classification\dataset\Bone_Fracture_Dataset\val\fractured\80-rotated3-rotated3-rotated3.jpg
c7bc614e5cd31545,train,fractured,E:\projects\project-fracture-classification\dataset\Bone_Fracture_Dataset\train\fractured\81-rotated1 (1).jpg
c7bc614e5cd31545,train,fractured,E:\projects\project-fracture-classification\dataset\Bone_Fracture_Dataset\train\fractured\81-rotated1 - Copy (1).jpg
c7bc614e5cd31545,train,fractured,E:\projects\project-fracture-classification\dataset\Bone_Fracture_Dataset\train\fractured\81-rotated1 - Copy.jpg
c7bc614e5cd31545,train,fractured,E:\projects\project-fracture-classification\dataset\Bone_Fracture_Dataset\train\fractured\81-rotated1.jpg
c7bc614e5cd31545,val,fractured,E:\projects\project-fracture-classification\dataset\Bone_Fracture_Dataset\val\fractured\81-rotated1.jpg
9cb39636058dd933,train,fractured,E:\projects\project-fracture-classification\dataset\Bone_Fracture_Dataset\train\fractured\81-rotated1-rotated1-rotated1 (1).jpg
9cb39636058dd933,train,fractured,E:\projects\project-fracture-classification\dataset\Bone_Fracture_Dataset\train\fractured\81-rotated1-rotated1-rotated1 - Copy (1).jpg
9cb39636058dd933,train,fractured,E:\projects\project-fracture-classification\dataset\Bone_Fracture_Dataset\train\fractured\81-rotated1-rotated1-rotated1 - Copy.jpg
9cb39636058dd933,train,fractured,E:\projects\project-fracture-classification\dataset\Bone_Fracture_Dataset\train\fractured\81-rotated1-rotated1-rotated1.jpg
9cb39636058dd933,train,fractured,E:\projects\project-fracture-classification\dataset\Bone_Fracture_Dataset\train\fractured\81-rotated2-rotated3 (1).jpg
9cb39636058dd933,train,fractured,E:\projects\project-fracture-classification\dataset\Bone_Fracture_Dataset\train\fractured\81-rotated2-rotated3 - Copy (1).jpg
9cb39636058dd933,train,fractured,E:\projects\project-fracture-classification\dataset\Bone_Fracture_Dataset\train\fractured\81-rotated2-rotated3 - Copy.jpg
9cb39636058dd933,train,fractured,E:\projects\project-fracture-classification\dataset\Bone_Fracture_Dataset\train\fractured\81-rotated2-rotated3.jpg
9cb39636058dd933,train,fractured,E:\projects\project-fracture-classification\dataset\Bone_Fracture_Dataset\train\fractured\81-rotated3-rotated2-rotated1 (1).jpg
9cb39636058dd933,train,fractured,E:\projects\project-fracture-classification\dataset\Bone_Fracture_Dataset\train\fractured\81-rotated3-rotated2-rotated1 - Copy (1).jpg
9cb39636058dd933,train,fractured,E:\projects\project-fracture-classification\dataset\Bone_Fracture_Dataset\train\fractured\81-rotated3-rotated2-rotated1 - Copy.jpg
9cb39636058dd933,train,fractured,E:\projects\project-fracture-classification\dataset\Bone_Fracture_Dataset\train\fractured\81-rotated3-rotated2-rotated1.jpg
9cb39636058dd933,val,fractured,E:\projects\project-fracture-classification\dataset\Bone_Fracture_Dataset\val\fractured\81-rotated2-rotated3.jpg
8cb1a7242589dbb7,train,fractured,E:\projects\project-fracture-classification\dataset\Bone_Fracture_Dataset\train\fractured\81-rotated1-rotated2-rotated1 (1).jpg
8cb1a7242589dbb7,train,fractured,E:\projects\project-fracture-classification\dataset\Bone_Fracture_Dataset\train\fractured\81-rotated1-rotated2-rotated1 - Copy (1).jpg
8cb1a7242589dbb7,train,fractured,E:\projects\project-fracture-classification\dataset\Bone_Fracture_Dataset\train\fractured\81-rotated1-rotated2-rotated1 - Copy.jpg
8cb1a7242589dbb7,train,fractured,E:\projects\project-fracture-classification\dataset\Bone_Fracture_Dataset\train\fractured\81-rotated1-rotated2-rotated1.jpg
8cb1a7242589dbb7,train,fractured,E:\projects\project-fracture-classification\dataset\Bone_Fracture_Dataset\train\fractured\81-rotated3-rotated2-rotated2 (1).jpg
8cb1a7242589dbb7,train,fractured,E:\projects\project-fracture-classification\dataset\Bone_Fracture_Dataset\train\fractured\81-rotated3-rotated2-rotated2 - Copy (1).jpg
8cb1a7242589dbb7,train,fractured,E:\projects\project-fracture-classification\dataset\Bone_Fracture_Dataset\train\fractured\81-rotated3-rotated2-rotated2 - Copy.jpg
8cb1a7242589dbb7,train,fractured,E:\projects\project-fracture-classification\dataset\Bone_Fracture_Dataset\train\fractured\81-rotated3-rotated2-rotated2.jpg
8cb1a7242589dbb7,val,fractured,E:\projects\project-fracture-classification\dataset\Bone_Fracture_Dataset\val\fractured\81-rotated3-rotated2-rotated2.jpg
d933937207fc9911,train,fractured,E:\projects\project-fracture-classification\dataset\Bone_Fracture_Dataset\train\fractured\81-rotated1-rotated3-rotated2 (1).jpg
d933937207fc9911,train,fractured,E:\projects\project-fracture-classification\dataset\Bone_Fracture_Dataset\train\fractured\81-rotated1-rotated3-rotated2 - Copy (1).jpg
d933937207fc9911,train,fractured,E:\projects\project-fracture-classification\dataset\Bone_Fracture_Dataset\train\fractured\81-rotated1-rotated3-rotated2 - Copy.jpg
d933937207fc9911,train,fractured,E:\projects\project-fracture-classification\dataset\Bone_Fracture_Dataset\train\fractured\81-rotated1-rotated3-rotated2.jpg
d933937207fc9911,val,fractured,E:\projects\project-fracture-classification\dataset\Bone_Fracture_Dataset\val\fractured\81-rotated1-rotated3-rotated2.jpg
c73c614e5cd31565,train,fractured,E:\projects\project-fracture-classification\dataset\Bone_Fracture_Dataset\train\fractured\81-rotated3-rotated1-rotated1 (1).jpg
c73c614e5cd31565,train,fractured,E:\projects\project-fracture-classification\dataset\Bone_Fracture_Dataset\train\fractured\81-rotated3-rotated1-rotated1 - Copy (1).jpg
c73c614e5cd31565,train,fractured,E:\projects\project-fracture-classification\dataset\Bone_Fracture_Dataset\train\fractured\81-rotated3-rotated1-rotated1 - Copy.jpg
c73c614e5cd31565,train,fractured,E:\projects\project-fracture-classification\dataset\Bone_Fracture_Dataset\train\fractured\81-rotated3-rotated1-rotated1.jpg
c73c614e5cd31565,val,fractured,E:\projects\project-fracture-classification\dataset\Bone_Fracture_Dataset\val\fractured\81-rotated3-rotated1-rotated1.jpg
f1c101a6da592dbe,train,fractured,E:\projects\project-fracture-classification\dataset\Bone_Fracture_Dataset\train\fractured\81-rotated3-rotated3-rotated3 (1).jpg
f1c101a6da592dbe,train,fractured,E:\projects\project-fracture-classification\dataset\Bone_Fracture_Dataset\train\fractured\81-rotated3-rotated3-rotated3 - Copy (1).jpg
f1c101a6da592dbe,train,fractured,E:\projects\project-fracture-classification\dataset\Bone_Fracture_Dataset\train\fractured\81-rotated3-rotated3-rotated3 - Copy.jpg
f1c101a6da592dbe,train,fractured,E:\projects\project-fracture-classification\dataset\Bone_Fracture_Dataset\train\fractured\81-rotated3-rotated3-rotated3.jpg
f1c101a6da592dbe,val,fractured,E:\projects\project-fracture-classification\dataset\Bone_Fracture_Dataset\val\fractured\81-rotated3-rotated3-rotated3.jpg
993454ac4da343bf,train,fractured,E:\projects\project-fracture-classification\dataset\Bone_Fracture_Dataset\train\fractured\82-rotated1-rotated1-rotated3 (1).jpg
993454ac4da343bf,train,fractured,E:\projects\project-fracture-classification\dataset\Bone_Fracture_Dataset\train\fractured\82-rotated1-rotated1-rotated3.jpg
993454ac4da343bf,val,fractured,E:\projects\project-fracture-classification\dataset\Bone_Fracture_Dataset\val\fractured\82-rotated1-rotated1-rotated3.jpg
9976542d4ba26ad5,train,fractured,E:\projects\project-fracture-classification\dataset\Bone_Fracture_Dataset\train\fractured\82-rotated1-rotated2-rotated3 (1).jpg
9976542d4ba26ad5,train,fractured,E:\projects\project-fracture-classification\dataset\Bone_Fracture_Dataset\train\fractured\82-rotated1-rotated2-rotated3 - Copy (1).jpg
9976542d4ba26ad5,train,fractured,E:\projects\project-fracture-classification\dataset\Bone_Fracture_Dataset\train\fractured\82-rotated1-rotated2-rotated3 - Copy.jpg
9976542d4ba26ad5,train,fractured,E:\projects\project-fracture-classification\dataset\Bone_Fracture_Dataset\train\fractured\82-rotated1-rotated2-rotated3.jpg
9976542d4ba26ad5,val,fractured,E:\projects\project-fracture-classification\dataset\Bone_Fracture_Dataset\val\fractured\82-rotated1-rotated2-rotated3.jpg
9d62556d5a5e5644,train,fractured,E:\projects\project-fracture-classification\dataset\Bone_Fracture_Dataset\train\fractured\82-rotated2 (1).jpg
9d62556d5a5e5644,train,fractured,E:\projects\project-fracture-classification\dataset\Bone_Fracture_Dataset\train\fractured\82-rotated2 - Copy (1).jpg
9d62556d5a5e5644,train,fractured,E:\projects\project-fracture-classification\dataset\Bone_Fracture_Dataset\train\fractured\82-rotated2 - Copy.jpg
9d62556d5a5e5644,train,fractured,E:\projects\project-fracture-classification\dataset\Bone_Fracture_Dataset\train\fractured\82-rotated2-rotated2 (1).jpg
9d62556d5a5e5644,train,fractured,E:\projects\project-fracture-classification\dataset\Bone_Fracture_Dataset\train\fractured\82-rotated2-rotated2 - Copy (1).jpg
9d62556d5a5e5644,train,fractured,E:\projects\project-fracture-classification\dataset\Bone_Fracture_Dataset\train\fractured\82-rotated2-rotated2 - Copy.jpg
9d62556d5a5e5644,train,fractured,E:\projects\project-fracture-classification\dataset\Bone_Fracture_Dataset\train\fractured\82-rotated2-rotated2.jpg
9d62556d5a5e5644,train,fractured,E:\projects\project-fracture-classification\dataset\Bone_Fracture_Dataset\train\fractured\82-rotated2.jpg
9d62556d5a5e5644,val,fractured,E:\projects\project-fracture-classification\dataset\Bone_Fracture_Dataset\val\fractured\82-rotated2-rotated2.jpg
9d62464d5a5475ad,train,fractured,E:\projects\project-fracture-classification\dataset\Bone_Fracture_Dataset\train\fractured\82-rotated2-rotated1 (1).jpg
9d62464d5a5475ad,train,fractured,E:\projects\project-fracture-classification\dataset\Bone_Fracture_Dataset\train\fractured\82-rotated2-rotated1 - Copy (1).jpg
9d62464d5a5475ad,train,fractured,E:\projects\project-fracture-classification\dataset\Bone_Fracture_Dataset\train\fractured\82-rotated2-rotated1 - Copy.jpg
9d62464d5a5475ad,train,fractured,E:\projects\project-fracture-classification\dataset\Bone_Fracture_Dataset\train\fractured\82-rotated2-rotated1.jpg
9d62464d5a5475ad,train,fractured,E:\projects\project-fracture-classification\dataset\Bone_Fracture_Dataset\train\fractured\82-rotated3 (1).jpg
9d62464d5a5475ad,train,fractured,E:\projects\project-fracture-classification\dataset\Bone_Fracture_Dataset\train\fractured\82-rotated3 - Copy (1).jpg
9d62464d5a5475ad,train,fractured,E:\projects\project-fracture-classification\dataset\Bone_Fracture_Dataset\train\fractured\82-rotated3 - Copy.jpg
9d62464d5a5475ad,train,fractured,E:\projects\project-fracture-classification\dataset\Bone_Fracture_Dataset\train\fractured\82-rotated3.jpg
9d62464d5a5475ad,val,fractured,E:\projects\project-fracture-classification\dataset\Bone_Fracture_Dataset\val\fractured\82-rotated3.jpg
999456a64a216aff,train,fractured,E:\projects\project-fracture-classification\dataset\Bone_Fracture_Dataset\train\fractured\82-rotated2-rotated1-rotated1 (1).jpg
999456a64a216aff,train,fractured,E:\projects\project-fracture-classification\dataset\Bone_Fracture_Dataset\train\fractured\82-rotated2-rotated1-rotated1 - Copy (1).jpg
999456a64a216aff,train,fractured,E:\projects\project-fracture-classification\dataset\Bone_Fracture_Dataset\train\fractured\82-rotated2-rotated1-rotated1 - Copy.jpg
999456a64a216aff,train,fractured,E:\projects\project-fracture-classification\dataset\Bone_Fracture_Dataset\train\fractured\82-rotated2-rotated1-rotated1.jpg
999456a64a216aff,val,fractured,E:\projects\project-fracture-classification\dataset\Bone_Fracture_Dataset\val\fractured\82-rotated2-rotated1-rotated1.jpg
949575650dd9437a,train,fractured,E:\projects\project-fracture-classification\dataset\Bone_Fracture_Dataset\train\fractured\83-rotated1-rotated3 (1).jpg
949575650dd9437a,train,fractured,E:\projects\project-fracture-classification\dataset\Bone_Fracture_Dataset\train\fractured\83-rotated1-rotated3 - Copy (1).jpg
949575650dd9437a,train,fractured,E:\projects\project-fracture-classification\dataset\Bone_Fracture_Dataset\train\fractured\83-rotated1-rotated3 - Copy.jpg
949575650dd9437a,train,fractured,E:\projects\project-fracture-classification\dataset\Bone_Fracture_Dataset\train\fractured\83-rotated1-rotated3.jpg
949575650dd9437a,val,fractured,E:\projects\project-fracture-classification\dataset\Bone_Fracture_Dataset\val\fractured\83-rotated1-rotated3.jpg
909775640df90b7a,train,fractured,E:\projects\project-fracture-classification\dataset\Bone_Fracture_Dataset\train\fractured\83-rotated2-rotated2 (1).jpg
909775640df90b7a,train,fractured,E:\projects\project-fracture-classification\dataset\Bone_Fracture_Dataset\train\fractured\83-rotated2-rotated2 - Copy (1).jpg
909775640df90b7a,train,fractured,E:\projects\project-fracture-classification\dataset\Bone_Fracture_Dataset\train\fractured\83-rotated2-rotated2 - Copy.jpg
909775640df90b7a,train,fractured,E:\projects\project-fracture-classification\dataset\Bone_Fracture_Dataset\train\fractured\83-rotated2-rotated2.jpg
909775640df90b7a,val,fractured,E:\projects\project-fracture-classification\dataset\Bone_Fracture_Dataset\val\fractured\83-rotated2-rotated2.jpg
8999733663ae3256,train,fractured,E:\projects\project-fracture-classification\dataset\Bone_Fracture_Dataset\train\fractured\83-rotated2-rotated2-rotated2 (1).jpg
8999733663ae3256,train,fractured,E:\projects\project-fracture-classification\dataset\Bone_Fracture_Dataset\train\fractured\83-rotated2-rotated2-rotated2 - Copy (1).jpg
8999733663ae3256,train,fractured,E:\projects\project-fracture-classification\dataset\Bone_Fracture_Dataset\train\fractured\83-rotated2-rotated2-rotated2 - Copy.jpg
8999733663ae3256,train,fractured,E:\projects\project-fracture-classification\dataset\Bone_Fracture_Dataset\train\fractured\83-rotated2-rotated2-rotated2.jpg
8999733663ae3256,val,fractured,E:\projects\project-fracture-classification\dataset\Bone_Fracture_Dataset\val\fractured\83-rotated2-rotated2-rotated2.jpg
9595676a4a5af216,train,fractured,E:\projects\project-fracture-classification\dataset\Bone_Fracture_Dataset\train\fractured\83-rotated3-rotated1-rotated1 (1).jpg
9595676a4a5af216,train,fractured,E:\projects\project-fracture-classification\dataset\Bone_Fracture_Dataset\train\fractured\83-rotated3-rotated1-rotated1 - Copy (1).jpg
9595676a4a5af216,train,fractured,E:\projects\project-fracture-classification\dataset\Bone_Fracture_Dataset\train\fractured\83-rotated3-rotated1-rotated1 - Copy.jpg
9595676a4a5af216,train,fractured,E:\projects\project-fracture-classification\dataset\Bone_Fracture_Dataset\train\fractured\83-rotated3-rotated1-rotated1.jpg
9595676a4a5af216,train,fractured,E:\projects\project-fracture-classification\dataset\Bone_Fracture_Dataset\train\fractured\83-rotated3-rotated1-rotated3 (1).jpg
9595676a4a5af216,train,fractured,E:\projects\project-fracture-classification\dataset\Bone_Fracture_Dataset\train\fractured\83-rotated3-rotated1-rotated3 - Copy (1).jpg
9595676a4a5af216,train,fractured,E:\projects\project-fracture-classification\dataset\Bone_Fracture_Dataset\train\fractured\83-rotated3-rotated1-rotated3 - Copy.jpg
9595676a4a5af216,train,fractured,E:\projects\project-fracture-classification\dataset\Bone_Fracture_Dataset\train\fractured\83-rotated3-rotated1-rotated3.jpg
9595676a4a5af216,val,fractured,E:\projects\project-fracture-classification\dataset\Bone_Fracture_Dataset\val\fractured\83-rotated3-rotated1-rotated1.jpg
9a9a73662ce65c61,train,fractured,E:\projects\project-fracture-classification\dataset\Bone_Fracture_Dataset\train\fractured\83-rotated3-rotated2 (1).jpg
9a9a73662ce65c61,train,fractured,E:\projects\project-fracture-classification\dataset\Bone_Fracture_Dataset\train\fractured\83-rotated3-rotated2 - Copy (1).jpg
9a9a73662ce65c61,train,fractured,E:\projects\project-fracture-classification\dataset\Bone_Fracture_Dataset\train\fractured\83-rotated3-rotated2 - Copy.jpg
9a9a73662ce65c61,train,fractured,E:\projects\project-fracture-classification\dataset\Bone_Fracture_Dataset\train\fractured\83-rotated3-rotated2.jpg
9a9a73662ce65c61,val,fractured,E:\projects\project-fracture-classification\dataset\Bone_Fracture_Dataset\val\fractured\83-rotated3-rotated2.jpg
958a476fdab12a64,train,fractured,E:\projects\project-fracture-classification\dataset\Bone_Fracture_Dataset\train\fractured\83-rotated3-rotated3-rotated3 (1).jpg
958a476fdab12a64,train,fractured,E:\projects\project-fracture-classification\dataset\Bone_Fracture_Dataset\train\fractured\83-rotated3-rotated3-rotated3 - Copy (1).jpg
958a476fdab12a64,train,fractured,E:\projects\project-fracture-classification\dataset\Bone_Fracture_Dataset\train\fractured\83-rotated3-rotated3-rotated3 - Copy.jpg
958a476fdab12a64,train,fractured,E:\projects\project-fracture-classification\dataset\Bone_Fracture_Dataset\train\fractured\83-rotated3-rotated3-rotated3.jpg
958a476fdab12a64,val,fractured,E:\projects\project-fracture-classification\dataset\Bone_Fracture_Dataset\val\fractured\83-rotated3-rotated3-rotated3.jpg
9133664e5ee42fc8,train,fractured,E:\projects\project-fracture-classification\dataset\Bone_Fracture_Dataset\train\fractured\84-rotated1-rotated2-rotated3 (1).jpg
9133664e5ee42fc8,train,fractured,E:\projects\project-fracture-classification\dataset\Bone_Fracture_Dataset\train\fractured\84-rotated1-rotated2-rotated3 - Copy (1).jpg
9133664e5ee42fc8,train,fractured,E:\projects\project-fracture-classification\dataset\Bone_Fracture_Dataset\train\fractured\84-rotated1-rotated2-rotated3 - Copy.jpg
9133664e5ee42fc8,train,fractured,E:\projects\project-fracture-classification\dataset\Bone_Fracture_Dataset\train\fractured\84-rotated1-rotated2-rotated3.jpg
9133664e5ee42fc8,val,fractured,E:\projects\project-fracture-classification\dataset\Bone_Fracture_Dataset\val\fractured\84-rotated1-rotated2-rotated3.jpg
9931664e5ae42fe8,train,fractured,E:\projects\project-fracture-classification\dataset\Bone_Fracture_Dataset\train\fractured\84-rotated1-rotated3-rotated2 (1).jpg
9931664e5ae42fe8,train,fractured,E:\projects\project-fracture-classification\dataset\Bone_Fracture_Dataset\train\fractured\84-rotated1-rotated3-rotated2 - Copy (1).jpg
9931664e5ae42fe8,train,fractured,E:\projects\project-fracture-classification\dataset\Bone_Fracture_Dataset\train\fractured\84-rotated1-rotated3-rotated2 - Copy.jpg
9931664e5ae42fe8,train,fractured,E:\projects\project-fracture-classification\dataset\Bone_Fracture_Dataset\train\fractured\84-rotated1-rotated3-rotated2.jpg
9931664e5ae42fe8,train,fractured,E:\projects\project-fracture-classification\dataset\Bone_Fracture_Dataset\train\fractured\84-rotated3-rotated1-rotated1 (1).jpg
9931664e5ae42fe8,train,fractured,E:\projects\project-fracture-classification\dataset\Bone_Fracture_Dataset\train\fractured\84-rotated3-rotated1-rotated1 - Copy (1).jpg
9931664e5ae42fe8,train,fractured,E:\projects\project-fracture-classification\dataset\Bone_Fracture_Dataset\train\fractured\84-rotated3-rotated1-rotated1 - Copy.jpg
9931664e5ae42fe8,train,fractured,E:\projects\project-fracture-classification\dataset\Bone_Fracture_Dataset\train\fractured\84-rotated3-rotated1-rotated1.jpg
9931664e5ae42fe8,val,fractured,E:\projects\project-fracture-classification\dataset\Bone_Fracture_Dataset\val\fractured\84-rotated3-rotated1-rotated1.jpg
9931674f5255a4ad,train,fractured,E:\projects\project-fracture-classification\dataset\Bone_Fracture_Dataset\train\fractured\84-rotated2 (1).jpg
9931674f5255a4ad,train,fractured,E:\projects\project-fracture-classification\dataset\Bone_Fracture_Dataset\train\fractured\84-rotated2 - Copy (1).jpg
9931674f5255a4ad,train,fractured,E:\projects\project-fracture-classification\dataset\Bone_Fracture_Dataset\train\fractured\84-rotated2 - Copy.jpg
9931674f5255a4ad,train,fractured,E:\projects\project-fracture-classification\dataset\Bone_Fracture_Dataset\train\fractured\84-rotated2.jpg
9931674f5255a4ad,val,fractured,E:\projects\project-fracture-classification\dataset\Bone_Fracture_Dataset\val\fractured\84-rotated2.jpg
9931674f521734ad,train,fractured,E:\projects\project-fracture-classification\dataset\Bone_Fracture_Dataset\train\fractured\84-rotated2-rotated2 (1).jpg
9931674f521734ad,train,fractured,E:\projects\project-fracture-classification\dataset\Bone_Fracture_Dataset\train\fractured\84-rotated2-rotated2 - Copy (1).jpg
9931674f521734ad,train,fractured,E:\projects\project-fracture-classification\dataset\Bone_Fracture_Dataset\train\fractured\84-rotated2-rotated2 - Copy.jpg
9931674f521734ad,train,fractured,E:\projects\project-fracture-classification\dataset\Bone_Fracture_Dataset\train\fractured\84-rotated2-rotated2.jpg
9931674f521734ad,val,fractured,E:\projects\project-fracture-classification\dataset\Bone_Fracture_Dataset\val\fractured\84-rotated2-rotated2.jpg
913b664e1ee42bca,train,fractured,E:\projects\project-fracture-classification\dataset\Bone_Fracture_Dataset\train\fractured\84-rotated2-rotated3-rotated2 (1).jpg
913b664e1ee42bca,train,fractured,E:\projects\project-fracture-classification\dataset\Bone_Fracture_Dataset\train\fractured\84-rotated2-rotated3-rotated2 - Copy (1).jpg
913b664e1ee42bca,train,fractured,E:\projects\project-fracture-classification\dataset\Bone_Fracture_Dataset\train\fractured\84-rotated2-rotated3-rotated2 - Copy.jpg
913b664e1ee42bca,train,fractured,E:\projects\project-fracture-classification\dataset\Bone_Fracture_Dataset\train\fractured\84-rotated2-rotated3-rotated2.jpg
913b664e1ee42bca,val,fractured,E:\projects\project-fracture-classification\dataset\Bone_Fracture_Dataset\val\fractured\84-rotated2-rotated3-rotated2.jpg
98b6663169696b9a,train,fractured,E:\projects\project-fracture-classification\dataset\Bone_Fracture_Dataset\train\fractured\84-rotated3-rotated3 (1).jpg
98b6663169696b9a,train,fractured,E:\projects\project-fracture-classification\dataset\Bone_Fracture_Dataset\train\fractured\84-rotated3-rotated3 - Copy (1).jpg
98b6663169696b9a,train,fractured,E:\projects\project-fracture-classification\dataset\Bone_Fracture_Dataset\train\fractured\84-rotated3-rotated3 - Copy.jpg
98b6663169696b9a,train,fractured,E:\projects\project-fracture-classification\dataset\Bone_Fracture_Dataset\train\fractured\84-rotated3-rotated3.jpg
98b6663169696b9a,val,fractured,E:\projects\project-fracture-classification\dataset\Bone_Fracture_Dataset\val\fractured\84-rotated3-rotated3.jpg
903762c99b32ffa0,train,fractured,E:\projects\project-fracture-classification\dataset\Bone_Fracture_Dataset\train\fractured\84-rotated3-rotated3-rotated3 (1).jpg
903762c99b32ffa0,train,fractured,E:\projects\project-fracture-classification\dataset\Bone_Fracture_Dataset\train\fractured\84-rotated3-rotated3-rotated3 - Copy (1).jpg
903762c99b32ffa0,train,fractured,E:\projects\project-fracture-classification\dataset\Bone_Fracture_Dataset\train\fractured\84-rotated3-rotated3-rotated3 - Copy.jpg
903762c99b32ffa0,train,fractured,E:\projects\project-fracture-classification\dataset\Bone_Fracture_Dataset\train\fractured\84-rotated3-rotated3-rotated3.jpg
903762c99b32ffa0,val,fractured,E:\projects\project-fracture-classification\dataset\Bone_Fracture_Dataset\val\fractured\84-rotated3-rotated3-rotated3.jpg
996c3661652767d2,train,fractured,E:\projects\project-fracture-classification\dataset\Bone_Fracture_Dataset\train\fractured\85-rotated1-rotated2-rotated1 (1).jpg
996c3661652767d2,train,fractured,E:\projects\project-fracture-classification\dataset\Bone_Fracture_Dataset\train\fractured\85-rotated1-rotated2-rotated1 - Copy (1).jpg
996c3661652767d2,train,fractured,E:\projects\project-fracture-classification\dataset\Bone_Fracture_Dataset\train\fractured\85-rotated1-rotated2-rotated1 - Copy.jpg
996c3661652767d2,train,fractured,E:\projects\project-fracture-classification\dataset\Bone_Fracture_Dataset\train\fractured\85-rotated1-rotated2-rotated1.jpg
996c3661652767d2,val,fractured,E:\projects\project-fracture-classification\dataset\Bone_Fracture_Dataset\val\fractured\85-rotated1-rotated2-rotated1.jpg
996637656127279c,train,fractured,E:\projects\project-fracture-classification\dataset\Bone_Fracture_Dataset\train\fractured\85-rotated2-rotated2 (1).jpg
996637656127279c,train,fractured,E:\projects\project-fracture-classification\dataset\Bone_Fracture_Dataset\train\fractured\85-rotated2-rotated2 - Copy (1).jpg
996637656127279c,train,fractured,E:\projects\project-fracture-classification\dataset\Bone_Fracture_Dataset\train\fractured\85-rotated2-rotated2 - Copy.jpg
996637656127279c,train,fractured,E:\projects\project-fracture-classification\dataset\Bone_Fracture_Dataset\train\fractured\85-rotated2-rotated2.jpg
996637656127279c,val,fractured,E:\projects\project-fracture-classification\dataset\Bone_Fracture_Dataset\val\fractured\85-rotated2-rotated2.jpg
8738634c3cb53ed2,train,fractured,E:\projects\project-fracture-classification\dataset\Bone_Fracture_Dataset\train\fractured\85-rotated3-rotated1-rotated1 (1).jpg
8738634c3cb53ed2,train,fractured,E:\projects\project-fracture-classification\dataset\Bone_Fracture_Dataset\train\fractured\85-rotated3-rotated1-rotated1 - Copy (1).jpg
8738634c3cb53ed2,train,fractured,E:\projects\project-fracture-classification\dataset\Bone_Fracture_Dataset\train\fractured\85-rotated3-rotated1-rotated1 - Copy.jpg
8738634c3cb53ed2,train,fractured,E:\projects\project-fracture-classification\dataset\Bone_Fracture_Dataset\train\fractured\85-rotated3-rotated1-rotated1.jpg
8738634c3cb53ed2,val,fractured,E:\projects\project-fracture-classification\dataset\Bone_Fracture_Dataset\val\fractured\85-rotated3-rotated1-rotated1.jpg
9431676c3ea6b4c3,train,fractured,E:\projects\project-fracture-classification\dataset\Bone_Fracture_Dataset\train\fractured\85-rotated3-rotated1-rotated2 (1).jpg
9431676c3ea6b4c3,train,fractured,E:\projects\project-fracture-classification\dataset\Bone_Fracture_Dataset\train\fractured\85-rotated3-rotated1-rotated2 - Copy (1).jpg
9431676c3ea6b4c3,train,fractured,E:\projects\project-fracture-classification\dataset\Bone_Fracture_Dataset\train\fractured\85-rotated3-rotated1-rotated2 - Copy.jpg
9431676c3ea6b4c3,train,fractured,E:\projects\project-fracture-classification\dataset\Bone_Fracture_Dataset\train\fractured\85-rotated3-rotated1-rotated2.jpg
9431676c3ea6b4c3,val,fractured,E:\projects\project-fracture-classification\dataset\Bone_Fracture_Dataset\val\fractured\85-rotated3-rotated1-rotated2.jpg
996c376164276fd0,train,fractured,E:\projects\project-fracture-classification\dataset\Bone_Fracture_Dataset\train\fractured\85-rotated3-rotated3-rotated3 (1).jpg
996c376164276fd0,train,fractured,E:\projects\project-fracture-classification\dataset\Bone_Fracture_Dataset\train\fractured\85-rotated3-rotated3-rotated3 - Copy (1).jpg
996c376164276fd0,train,fractured,E:\projects\project-fracture-classification\dataset\Bone_Fracture_Dataset\train\fractured\85-rotated3-rotated3-rotated3 - Copy.jpg
996c376164276fd0,train,fractured,E:\projects\project-fracture-classification\dataset\Bone_Fracture_Dataset\train\fractured\85-rotated3-rotated3-rotated3.jpg
996c376164276fd0,val,fractured,E:\projects\project-fracture-classification\dataset\Bone_Fracture_Dataset\val\fractured\85-rotated3-rotated3-rotated3.jpg
99939b6664643e33,train,fractured,E:\projects\project-fracture-classification\dataset\Bone_Fracture_Dataset\train\fractured\86-rotated1 (1).jpg
99939b6664643e33,train,fractured,E:\projects\project-fracture-classification\dataset\Bone_Fracture_Dataset\train\fractured\86-rotated1 - Copy (1).jpg
99939b6664643e33,train,fractured,E:\projects\project-fracture-classification\dataset\Bone_Fracture_Dataset\train\fractured\86-rotated1 - Copy.jpg
99939b6664643e33,train,fractured,E:\projects\project-fracture-classification\dataset\Bone_Fracture_Dataset\train\fractured\86-rotated1.jpg
99939b6664643e33,val,fractured,E:\projects\project-fracture-classification\dataset\Bone_Fracture_Dataset\val\fractured\86-rotated1.jpg
9eb3266c6dc9284e,train,fractured,E:\projects\project-fracture-classification\dataset\Bone_Fracture_Dataset\train\fractured\86-rotated1-rotated2-rotated1 (1).jpg
9eb3266c6dc9284e,train,fractured,E:\projects\project-fracture-classification\dataset\Bone_Fracture_Dataset\train\fractured\86-rotated1-rotated2-rotated1 - Copy (1).jpg
9eb3266c6dc9284e,train,fractured,E:\projects\project-fracture-classification\dataset\Bone_Fracture_Dataset\train\fractured\86-rotated1-rotated2-rotated1 - Copy.jpg
9eb3266c6dc9284e,train,fractured,E:\projects\project-fracture-classification\dataset\Bone_Fracture_Dataset\train\fractured\86-rotated1-rotated2-rotated1.jpg
9eb3266c6dc9284e,train,fractured,E:\projects\project-fracture-classification\dataset\Bone_Fracture_Dataset\train\fractured\86-rotated1-rotated2-rotated3 (1).jpg
9eb3266c6dc9284e,train,fractured,E:\projects\project-fracture-classification\dataset\Bone_Fracture_Dataset\train\fractured\86-rotated1-rotated2-rotated3 - Copy (1).jpg
9eb3266c6dc9284e,train,fractured,E:\projects\project-fracture-classification\dataset\Bone_Fracture_Dataset\train\fractured\86-rotated1-rotated2-rotated3 - Copy.jpg
9eb3266c6dc9284e,train,fractured,E:\projects\project-fracture-classification\dataset\Bone_Fracture_Dataset\train\fractured\86-rotated1-rotated2-rotated3.jpg
9eb3266c6dc9284e,train,fractured,E:\projects\project-fracture-classification\dataset\Bone_Fracture_Dataset\train\fractured\86-rotated3-rotated1-rotated2 (1).jpg
9eb3266c6dc9284e,train,fractured,E:\projects\project-fracture-classification\dataset\Bone_Fracture_Dataset\train\fractured\86-rotated3-rotated1-rotated2 - Copy (1).jpg
9eb3266c6dc9284e,train,fractured,E:\projects\project-fracture-classification\dataset\Bone_Fracture_Dataset\train\fractured\86-rotated3-rotated1-rotated2 - Copy.jpg
9eb3266c6dc9284e,train,fractured,E:\projects\project-fracture-classification\dataset\Bone_Fracture_Dataset\train\fractured\86-rotated3-rotated1-rotated2.jpg
9eb3266c6dc9284e,val,fractured,E:\projects\project-fracture-classification\dataset\Bone_Fracture_Dataset\val\fractured\86-rotated1-rotated2-rotated3.jpg
98b3866c6565363e,train,fractured,E:\projects\project-fracture-classification\dataset\Bone_Fracture_Dataset\train\fractured\86-rotated1-rotated3-rotated1 (1).jpg
98b3866c6565363e,train,fractured,E:\projects\project-fracture-classification\dataset\Bone_Fracture_Dataset\train\fractured\86-rotated1-rotated3-rotated1 - Copy (1).jpg
98b3866c6565363e,train,fractured,E:\projects\project-fracture-classification\dataset\Bone_Fracture_Dataset\train\fractured\86-rotated1-rotated3-rotated1 - Copy.jpg
98b3866c6565363e,train,fractured,E:\projects\project-fracture-classification\dataset\Bone_Fracture_Dataset\train\fractured\86-rotated1-rotated3-rotated1.jpg
98b3866c6565363e,train,fractured,E:\projects\project-fracture-classification\dataset\Bone_Fracture_Dataset\train\fractured\86-rotated1-rotated3-rotated2 (1).jpg
98b3866c6565363e,train,fractured,E:\projects\project-fracture-classification\dataset\Bone_Fracture_Dataset\train\fractured\86-rotated1-rotated3-rotated2 - Copy (1).jpg
98b3866c6565363e,train,fractured,E:\projects\project-fracture-classification\dataset\Bone_Fracture_Dataset\train\fractured\86-rotated1-rotated3-rotated2 - Copy.jpg
98b3866c6565363e,train,fractured,E:\projects\project-fracture-classification\dataset\Bone_Fracture_Dataset\train\fractured\86-rotated1-rotated3-rotated2.jpg
98b3866c6565363e,train,fractured,E:\projects\project-fracture-classification\dataset\Bone_Fracture_Dataset\train\fractured\86-rotated3 (1).jpg
98b3866c6565363e,train,fractured,E:\projects\project-fracture-classification\dataset\Bone_Fracture_Dataset\train\fractured\86-rotated3 - Copy (1).jpg
98b3866c6565363e,train,fractured,E:\projects\project-fracture-classification\dataset\Bone_Fracture_Dataset\train\fractured\86-rotated3 - Copy.jpg
98b3866c6565363e,train,fractured,E:\projects\project-fracture-classification\dataset\Bone_Fracture_Dataset\train\fractured\86-rotated3.jpg
98b3866c6565363e,val,fractured,E:\projects\project-fracture-classification\dataset\Bone_Fracture_Dataset\val\fractured\86-rotated1-rotated3-rotated2.jpg
9ab3a66c6d65222e,train,fractured,E:\projects\project-fracture-classification\dataset\Bone_Fracture_Dataset\train\fractured\86-rotated2-rotated2 (1).jpg
9ab3a66c6d65222e,train,fractured,E:\projects\project-fracture-classification\dataset\Bone_Fracture_Dataset\train\fractured\86-rotated2-rotated2 - Copy (1).jpg
9ab3a66c6d65222e,train,fractured,E:\projects\project-fracture-classification\dataset\Bone_Fracture_Dataset\train\fractured\86-rotated2-rotated2 - Copy.jpg
9ab3a66c6d65222e,train,fractured,E:\projects\project-fracture-classification\dataset\Bone_Fracture_Dataset\train\fractured\86-rotated2-rotated2-rotated2 (1).jpg
9ab3a66c6d65222e,train,fractured,E:\projects\project-fracture-classification\dataset\Bone_Fracture_Dataset\train\fractured\86-rotated2-rotated2-rotated2 - Copy (1).jpg
9ab3a66c6d65222e,train,fractured,E:\projects\project-fracture-classification\dataset\Bone_Fracture_Dataset\train\fractured\86-rotated2-rotated2-rotated2 - Copy.jpg
9ab3a66c6d65222e,train,fractured,E:\projects\project-fracture-classification\dataset\Bone_Fracture_Dataset\train\fractured\86-rotated2-rotated2-rotated2.jpg
9ab3a66c6d65222e,train,fractured,E:\projects\project-fracture-classification\dataset\Bone_Fracture_Dataset\train\fractured\86-rotated2-rotated2.jpg
9ab3a66c6d65222e,val,fractured,E:\projects\project-fracture-classification\dataset\Bone_Fracture_Dataset\val\fractured\86-rotated2-rotated2.jpg
859f684a1eb0a72f,train,fractured,E:\projects\project-fracture-classification\dataset\Bone_Fracture_Dataset\train\fractured\86-rotated3-rotated3-rotated3 (1).jpg
859f684a1eb0a72f,train,fractured,E:\projects\project-fracture-classification\dataset\Bone_Fracture_Dataset\train\fractured\86-rotated3-rotated3-rotated3 - Copy (1).jpg
859f684a1eb0a72f,train,fractured,E:\projects\project-fracture-classification\dataset\Bone_Fracture_Dataset\train\fractured\86-rotated3-rotated3-rotated3 - Copy.jpg
859f684a1eb0a72f,train,fractured,E:\projects\project-fracture-classification\dataset\Bone_Fracture_Dataset\train\fractured\86-rotated3-rotated3-rotated3.jpg
859f684a1eb0a72f,val,fractured,E:\projects\project-fracture-classification\dataset\Bone_Fracture_Dataset\val\fractured\86-rotated3-rotated3-rotated3.jpg
871a21766a0fe9f4,train,fractured,E:\projects\project-fracture-classification\dataset\Bone_Fracture_Dataset\train\fractured\87 (1).jpg
871a21766a0fe9f4,train,fractured,E:\projects\project-fracture-classification\dataset\Bone_Fracture_Dataset\train\fractured\87 - Copy (1).jpg
871a21766a0fe9f4,train,fractured,E:\projects\project-fracture-classification\dataset\Bone_Fracture_Dataset\train\fractured\87 - Copy.jpg
871a21766a0fe9f4,train,fractured,E:\projects\project-fracture-classification\dataset\Bone_Fracture_Dataset\train\fractured\87-rotated3 (1).jpg
871a21766a0fe9f4,train,fractured,E:\projects\project-fracture-classification\dataset\Bone_Fracture_Dataset\train\fractured\87-rotated3 - Copy (1).jpg
871a21766a0fe9f4,train,fractured,E:\projects\project-fracture-classification\dataset\Bone_Fracture_Dataset\train\fractured\87-rotated3 - Copy.jpg
871a21766a0fe9f4,train,fractured,E:\projects\project-fracture-classification\dataset\Bone_Fracture_Dataset\train\fractured\87-rotated3.jpg
871a21766a0fe9f4,train,fractured,E:\projects\project-fracture-classification\dataset\Bone_Fracture_Dataset\train\fractured\87.jpg
871a21766a0fe9f4,val,fractured,E:\projects\project-fracture-classification\dataset\Bone_Fracture_Dataset\val\fractured\87-rotated3.jpg
879a49345a2d5abd,train,fractured,E:\projects\project-fracture-classification\dataset\Bone_Fracture_Dataset\train\fractured\87-rotated1-rotated2-rotated3 (1).jpg
879a49345a2d5abd,train,fractured,E:\projects\project-fracture-classification\dataset\Bone_Fracture_Dataset\train\fractured\87-rotated1-rotated2-rotated3 - Copy (1).jpg
879a49345a2d5abd,train,fractured,E:\projects\project-fracture-classification\dataset\Bone_Fracture_Dataset\train\fractured\87-rotated1-rotated2-rotated3 - Copy.jpg
879a49345a2d5abd,train,fractured,E:\projects\project-fracture-classification\dataset\Bone_Fracture_Dataset\train\fractured\87-rotated1-rotated2-rotated3.jpg
879a49345a2d5abd,train,fractured,E:\projects\project-fracture-classification\dataset\Bone_Fracture_Dataset\train\fractured\87-rotated1-rotated3-rotated2 (1).jpg
879a49345a2d5abd,train,fractured,E:\projects\project-fracture-classification\dataset\Bone_Fracture_Dataset\train\fractured\87-rotated1-rotated3-rotated2 - Copy (1).jpg
879a49345a2d5abd,train,fractured,E:\projects\project-fracture-classification\dataset\Bone_Fracture_Dataset\train\fractured\87-rotated1-rotated3-rotated2 - Copy.jpg
879a49345a2d5abd,train,fractured,E:\projects\project-fracture-classification\dataset\Bone_Fracture_Dataset\train\fractured\87-rotated1-rotated3-rotated2.jpg
879a49345a2d5abd,val,fractured,E:\projects\project-fracture-classification\dataset\Bone_Fracture_Dataset\val\fractured\87-rotated1-rotated2-rotated3.jpg
960f31637e401ff1,train,fractured,E:\projects\project-fracture-classification\dataset\Bone_Fracture_Dataset\train\fractured\87-rotated2-rotated1 (1).jpg
960f31637e401ff1,train,fractured,E:\projects\project-fracture-classification\dataset\Bone_Fracture_Dataset\train\fractured\87-rotated2-rotated1 - Copy (1).jpg
960f31637e401ff1,train,fractured,E:\projects\project-fracture-classification\dataset\Bone_Fracture_Dataset\train\fractured\87-rotated2-rotated1 - Copy.jpg
960f31637e401ff1,train,fractured,E:\projects\project-fracture-classification\dataset\Bone_Fracture_Dataset\train\fractured\87-rotated2-rotated1.jpg
960f31637e401ff1,train,fractured,E:\projects\project-fracture-classification\dataset\Bone_Fracture_Dataset\train\fractured\87-rotated2-rotated2 (1).jpg
960f31637e401ff1,train,fractured,E:\projects\project-fracture-classification\dataset\Bone_Fracture_Dataset\train\fractured\87-rotated2-rotated2 - Copy (1).jpg
960f31637e401ff1,train,fractured,E:\projects\project-fracture-classification\dataset\Bone_Fracture_Dataset\train\fractured\87-rotated2-rotated2 - Copy.jpg
960f31637e401ff1,train,fractured,E:\projects\project-fracture-classification\dataset\Bone_Fracture_Dataset\train\fractured\87-rotated2-rotated2.jpg
960f31637e401ff1,val,fractured,E:\projects\project-fracture-classification\dataset\Bone_Fracture_Dataset\val\fractured\87-rotated2-rotated2.jpg
8753492556ab5d2d,train,fractured,E:\projects\project-fracture-classification\dataset\Bone_Fracture_Dataset\train\fractured\87-rotated2-rotated1-rotated1 (1).jpg
8753492556ab5d2d,train,fractured,E:\projects\project-fracture-classification\dataset\Bone_Fracture_Dataset\train\fractured\87-rotated2-rotated1-rotated1 - Copy (1).jpg
8753492556ab5d2d,train,fractured,E:\projects\project-fracture-classification\dataset\Bone_Fracture_Dataset\train\fractured\87-rotated2-rotated1-rotated1 - Copy.jpg
8753492556ab5d2d,train,fractured,E:\projects\project-fracture-classification\dataset\Bone_Fracture_Dataset\train\fractured\87-rotated2-rotated1-rotated1.jpg
8753492556ab5d2d,val,fractured,E:\projects\project-fracture-classification\dataset\Bone_Fracture_Dataset\val\fractured\87-rotated2-rotated1-rotated1.jpg
c1f6592c27d45a8b,train,fractured,E:\projects\project-fracture-classification\dataset\Bone_Fracture_Dataset\train\fractured\87-rotated3-rotated1-rotated1 (1).jpg
c1f6592c27d45a8b,train,fractured,E:\projects\project-fracture-classification\dataset\Bone_Fracture_Dataset\train\fractured\87-rotated3-rotated1-rotated1 - Copy (1).jpg
c1f6592c27d45a8b,train,fractured,E:\projects\project-fracture-classification\dataset\Bone_Fracture_Dataset\train\fractured\87-rotated3-rotated1-rotated1 - Copy.jpg
c1f6592c27d45a8b,train,fractured,E:\projects\project-fracture-classification\dataset\Bone_Fracture_Dataset\train\fractured\87-rotated3-rotated1-rotated1.jpg
c1f6592c27d45a8b,val,fractured,E:\projects\project-fracture-classification\dataset\Bone_Fracture_Dataset\val\fractured\87-rotated3-rotated1-rotated1.jpg
87d3582c542eaa77,train,fractured,E:\projects\project-fracture-classification\dataset\Bone_Fracture_Dataset\train\fractured\88-rotated1-rotated1-rotated3 (1).jpg
87d3582c542eaa77,train,fractured,E:\projects\project-fracture-classification\dataset\Bone_Fracture_Dataset\train\fractured\88-rotated1-rotated1-rotated3 - Copy (1).jpg
87d3582c542eaa77,train,fractured,E:\projects\project-fracture-classification\dataset\Bone_Fracture_Dataset\train\fractured\88-rotated1-rotated1-rotated3 - Copy.jpg
87d3582c542eaa77,train,fractured,E:\projects\project-fracture-classification\dataset\Bone_Fracture_Dataset\train\fractured\88-rotated1-rotated1-rotated3.jpg
87d3582c542eaa77,train,fractured,E:\projects\project-fracture-classification\dataset\Bone_Fracture_Dataset\train\fractured\88-rotated1-rotated2-rotated3 (1).jpg
87d3582c542eaa77,train,fractured,E:\projects\project-fracture-classification\dataset\Bone_Fracture_Dataset\train\fractured\88-rotated1-rotated2-rotated3 - Copy (1).jpg
87d3582c542eaa77,train,fractured,E:\projects\project-fracture-classification\dataset\Bone_Fracture_Dataset\train\fractured\88-rotated1-rotated2-rotated3 - Copy.jpg
87d3582c542eaa77,train,fractured,E:\projects\project-fracture-classification\dataset\Bone_Fracture_Dataset\train\fractured\88-rotated1-rotated2-rotated3.jpg
87d3582c542eaa77,val,fractured,E:\projects\project-fracture-classification\dataset\Bone_Fracture_Dataset\val\fractured\88-rotated1-rotated2-rotated3.jpg
87534b2d54ae56aa,train,fractured,E:\projects\project-fracture-classification\dataset\Bone_Fracture_Dataset\train\fractured\88-rotated1-rotated3 (1).jpg
87534b2d54ae56aa,train,fractured,E:\projects\project-fracture-classification\dataset\Bone_Fracture_Dataset\train\fractured\88-rotated1-rotated3 - Copy (1).jpg
87534b2d54ae56aa,train,fractured,E:\projects\project-fracture-classification\dataset\Bone_Fracture_Dataset\train\fractured\88-rotated1-rotated3 - Copy.jpg
87534b2d54ae56aa,train,fractured,E:\projects\project-fracture-classification\dataset\Bone_Fracture_Dataset\train\fractured\88-rotated1-rotated3.jpg
87534b2d54ae56aa,val,fractured,E:\projects\project-fracture-classification\dataset\Bone_Fracture_Dataset\val\fractured\88-rotated1-rotated3.jpg
875a093d78ad4ea5,train,fractured,E:\projects\project-fracture-classification\dataset\Bone_Fracture_Dataset\train\fractured\88-rotated2-rotated2 (1).jpg
875a093d78ad4ea5,train,fractured,E:\projects\project-fracture-classification\dataset\Bone_Fracture_Dataset\train\fractured\88-rotated2-rotated2 - Copy (1).jpg
875a093d78ad4ea5,train,fractured,E:\projects\project-fracture-classification\dataset\Bone_Fracture_Dataset\train\fractured\88-rotated2-rotated2 - Copy.jpg
875a093d78ad4ea5,train,fractured,E:\projects\project-fracture-classification\dataset\Bone_Fracture_Dataset\train\fractured\88-rotated2-rotated2.jpg
875a093d78ad4ea5,val,fractured,E:\projects\project-fracture-classification\dataset\Bone_Fracture_Dataset\val\fractured\88-rotated2-rotated2.jpg
961e196979f01ec5,train,fractured,E:\projects\project-fracture-classification\dataset\Bone_Fracture_Dataset\train\fractured\88-rotated2-rotated2-rotated2 (1).jpg
961e196979f01ec5,train,fractured,E:\projects\project-fracture-classification\dataset\Bone_Fracture_Dataset\train\fractured\88-rotated2-rotated2-rotated2 - Copy (1).jpg
961e196979f01ec5,train,fractured,E:\projects\project-fracture-classification\dataset\Bone_Fracture_Dataset\train\fractured\88-rotated2-rotated2-rotated2 - Copy.jpg
961e196979f01ec5,train,fractured,E:\projects\project-fracture-classification\dataset\Bone_Fracture_Dataset\train\fractured\88-rotated2-rotated2-rotated2.jpg
961e196979f01ec5,val,fractured,E:\projects\project-fracture-classification\dataset\Bone_Fracture_Dataset\val\fractured\88-rotated2-rotated2-rotated2.jpg
88d5582e2756f23b,train,fractured,E:\projects\project-fracture-classification\dataset\Bone_Fracture_Dataset\train\fractured\88-rotated3-rotated1-rotated1 (1).jpg
88d5582e2756f23b,train,fractured,E:\projects\project-fracture-classification\dataset\Bone_Fracture_Dataset\train\fractured\88-rotated3-rotated1-rotated1 - Copy (1).jpg
88d5582e2756f23b,train,fractured,E:\projects\project-fracture-classification\dataset\Bone_Fracture_Dataset\train\fractured\88-rotated3-rotated1-rotated1 - Copy.jpg
88d5582e2756f23b,train,fractured,E:\projects\project-fracture-classification\dataset\Bone_Fracture_Dataset\train\fractured\88-rotated3-rotated1-rotated1.jpg
88d5582e2756f23b,val,fractured,E:\projects\project-fracture-classification\dataset\Bone_Fracture_Dataset\val\fractured\88-rotated3-rotated1-rotated1.jpg
861e492d79b54ab5,train,fractured,E:\projects\project-fracture-classification\dataset\Bone_Fracture_Dataset\train\fractured\88-rotated3-rotated2 (1).jpg
861e492d79b54ab5,train,fractured,E:\projects\project-fracture-classification\dataset\Bone_Fracture_Dataset\train\fractured\88-rotated3-rotated2 - Copy (1).jpg
861e492d79b54ab5,train,fractured,E:\projects\project-fracture-classification\dataset\Bone_Fracture_Dataset\train\fractured\88-rotated3-rotated2 - Copy.jpg
861e492d79b54ab5,train,fractured,E:\projects\project-fracture-classification\dataset\Bone_Fracture_Dataset\train\fractured\88-rotated3-rotated2.jpg
861e492d79b54ab5,val,fractured,E:\projects\project-fracture-classification\dataset\Bone_Fracture_Dataset\val\fractured\88-rotated3-rotated2.jpg
81d3582c2f56ea3b,train,fractured,E:\projects\project-fracture-classification\dataset\Bone_Fracture_Dataset\train\fractured\88-rotated3-rotated3-rotated3 (1).jpg
81d3582c2f56ea3b,train,fractured,E:\projects\project-fracture-classification\dataset\Bone_Fracture_Dataset\train\fractured\88-rotated3-rotated3-rotated3 - Copy (1).jpg
81d3582c2f56ea3b,train,fractured,E:\projects\project-fracture-classification\dataset\Bone_Fracture_Dataset\train\fractured\88-rotated3-rotated3-rotated3 - Copy.jpg
81d3582c2f56ea3b,train,fractured,E:\projects\project-fracture-classification\dataset\Bone_Fracture_Dataset\train\fractured\88-rotated3-rotated3-rotated3.jpg
81d3582c2f56ea3b,val,fractured,E:\projects\project-fracture-classification\dataset\Bone_Fracture_Dataset\val\fractured\88-rotated3-rotated3-rotated3.jpg
d4cd36934a371d1a,train,fractured,E:\projects\project-fracture-classification\dataset\Bone_Fracture_Dataset\train\fractured\89-rotated1-rotated2-rotated3 (1).jpg
d4cd36934a371d1a,train,fractured,E:\projects\project-fracture-classification\dataset\Bone_Fracture_Dataset\train\fractured\89-rotated1-rotated2-rotated3 - Copy (1).jpg
d4cd36934a371d1a,train,fractured,E:\projects\project-fracture-classification\dataset\Bone_Fracture_Dataset\train\fractured\89-rotated1-rotated2-rotated3 - Copy.jpg
d4cd36934a371d1a,train,fractured,E:\projects\project-fracture-classification\dataset\Bone_Fracture_Dataset\train\fractured\89-rotated1-rotated2-rotated3.jpg
d4cd36934a371d1a,train,fractured,E:\projects\project-fracture-classification\dataset\Bone_Fracture_Dataset\train\fractured\89-rotated3-rotated2-rotated3 (1).jpg
d4cd36934a371d1a,train,fractured,E:\projects\project-fracture-classification\dataset\Bone_Fracture_Dataset\train\fractured\89-rotated3-rotated2-rotated3 - Copy (1).jpg
d4cd36934a371d1a,train,fractured,E:\projects\project-fracture-classification\dataset\Bone_Fracture_Dataset\train\fractured\89-rotated3-rotated2-rotated3 - Copy.jpg
d4cd36934a371d1a,train,fractured,E:\projects\project-fracture-classification\dataset\Bone_Fracture_Dataset\train\fractured\89-rotated3-rotated2-rotated3.jpg
d4cd36934a371d1a,val,fractured,E:\projects\project-fracture-classification\dataset\Bone_Fracture_Dataset\val\fractured\89-rotated1-rotated2-rotated3.jpg
c9e5331a6fd068d8,train,fractured,E:\projects\project-fracture-classification\dataset\Bone_Fracture_Dataset\train\fractured\89-rotated3-rotated1-rotated1 (1).jpg
c9e5331a6fd068d8,train,fractured,E:\projects\project-fracture-classification\dataset\Bone_Fracture_Dataset\train\fractured\89-rotated3-rotated1-rotated1 - Copy (1).jpg
c9e5331a6fd068d8,train,fractured,E:\projects\project-fracture-classification\dataset\Bone_Fracture_Dataset\train\fractured\89-rotated3-rotated1-rotated1 - Copy.jpg
c9e5331a6fd068d8,train,fractured,E:\projects\project-fracture-classification\dataset\Bone_Fracture_Dataset\train\fractured\89-rotated3-rotated1-rotated1.jpg
c9e5331a6fd068d8,val,fractured,E:\projects\project-fracture-classification\dataset\Bone_Fracture_Dataset\val\fractured\89-rotated3-rotated1-rotated1.jpg
c9c7331a6fd268d0,train,fractured,E:\projects\project-fracture-classification\dataset\Bone_Fracture_Dataset\train\fractured\89-rotated3-rotated3-rotated3 (1).jpg
c9c7331a6fd268d0,train,fractured,E:\projects\project-fracture-classification\dataset\Bone_Fracture_Dataset\train\fractured\89-rotated3-rotated3-rotated3 - Copy (1).jpg
c9c7331a6fd268d0,train,fractured,E:\projects\project-fracture-classification\dataset\Bone_Fracture_Dataset\train\fractured\89-rotated3-rotated3-rotated3 - Copy.jpg
c9c7331a6fd268d0,train,fractured,E:\projects\project-fracture-classification\dataset\Bone_Fracture_Dataset\train\fractured\89-rotated3-rotated3-rotated3.jpg
c9c7331a6fd268d0,val,fractured,E:\projects\project-fracture-classification\dataset\Bone_Fracture_Dataset\val\fractured\89-rotated3-rotated3-rotated3.jpg
8c98674f59d314cd,train,fractured,E:\projects\project-fracture-classification\dataset\Bone_Fracture_Dataset\train\fractured\9-rotated1-rotated1-rotated1 (1).jpg
8c98674f59d314cd,train,fractured,E:\projects\project-fracture-classification\dataset\Bone_Fracture_Dataset\train\fractured\9-rotated1-rotated1-rotated1 - Copy (1).jpg
8c98674f59d314cd,train,fractured,E:\projects\project-fracture-classification\dataset\Bone_Fracture_Dataset\train\fractured\9-rotated1-rotated1-rotated1 - Copy.jpg
8c98674f59d314cd,train,fractured,E:\projects\project-fracture-classification\dataset\Bone_Fracture_Dataset\train\fractured\9-rotated1-rotated1-rotated1.jpg
8c98674f59d314cd,train,fractured,E:\projects\project-fracture-classification\dataset\Bone_Fracture_Dataset\train\fractured\9-rotated1-rotated1-rotated3 (1).jpg
8c98674f59d314cd,train,fractured,E:\projects\project-fracture-classification\dataset\Bone_Fracture_Dataset\train\fractured\9-rotated1-rotated1-rotated3 - Copy (1).jpg
8c98674f59d314cd,train,fractured,E:\projects\project-fracture-classification\dataset\Bone_Fracture_Dataset\train\fractured\9-rotated1-rotated1-rotated3 - Copy.jpg
8c98674f59d314cd,train,fractured,E:\projects\project-fracture-classification\dataset\Bone_Fracture_Dataset\train\fractured\9-rotated1-rotated1-rotated3.jpg
8c98674f59d314cd,val,fractured,E:\projects\project-fracture-classification\dataset\Bone_Fracture_Dataset\val\fractured\9-rotated1-rotated1-rotated3.jpg
d9e7122c1e0e6f94,train,fractured,E:\projects\project-fracture-classification\dataset\Bone_Fracture_Dataset\train\fractured\9-rotated1-rotated2-rotated1 (1).jpg
d9e7122c1e0e6f94,train,fractured,E:\projects\project-fracture-classification\dataset\Bone_Fracture_Dataset\train\fractured\9-rotated1-rotated2-rotated1 - Copy (1).jpg
d9e7122c1e0e6f94,train,fractured,E:\projects\project-fracture-classification\dataset\Bone_Fracture_Dataset\train\fractured\9-rotated1-rotated2-rotated1 - Copy.jpg
d9e7122c1e0e6f94,train,fractured,E:\projects\project-fracture-classification\dataset\Bone_Fracture_Dataset\train\fractured\9-rotated1-rotated2-rotated1.jpg
d9e7122c1e0e6f94,train,fractured,E:\projects\project-fracture-classification\dataset\Bone_Fracture_Dataset\train\fractured\9-rotated1-rotated2-rotated3 (1).jpg
d9e7122c1e0e6f94,train,fractured,E:\projects\project-fracture-classification\dataset\Bone_Fracture_Dataset\train\fractured\9-rotated1-rotated2-rotated3 - Copy (1).jpg
d9e7122c1e0e6f94,train,fractured,E:\projects\project-fracture-classification\dataset\Bone_Fracture_Dataset\train\fractured\9-rotated1-rotated2-rotated3 - Copy.jpg
d9e7122c1e0e6f94,train,fractured,E:\projects\project-fracture-classification\dataset\Bone_Fracture_Dataset\train\fractured\9-rotated1-rotated2-rotated3.jpg
d9e7122c1e0e6f94,train,fractured,E:\projects\project-fracture-classification\dataset\Bone_Fracture_Dataset\train\fractured\9-rotated2-rotated2-rotated1 (1).jpg
d9e7122c1e0e6f94,train,fractured,E:\projects\project-fracture-classification\dataset\Bone_Fracture_Dataset\train\fractured\9-rotated2-rotated2-rotated1 - Copy (1).jpg
d9e7122c1e0e6f94,train,fractured,E:\projects\project-fracture-classification\dataset\Bone_Fracture_Dataset\train\fractured\9-rotated2-rotated2-rotated1 - Copy.jpg
d9e7122c1e0e6f94,train,fractured,E:\projects\project-fracture-classification\dataset\Bone_Fracture_Dataset\train\fractured\9-rotated2-rotated2-rotated1.jpg
d9e7122c1e0e6f94,val,fractured,E:\projects\project-fracture-classification\dataset\Bone_Fracture_Dataset\val\fractured\9-rotated1-rotated2-rotated1.jpg
d9e5121c2f866f94,train,fractured,E:\projects\project-fracture-classification\dataset\Bone_Fracture_Dataset\train\fractured\9-rotated2-rotated3-rotated2 (1).jpg
d9e5121c2f866f94,train,fractured,E:\projects\project-fracture-classification\dataset\Bone_Fracture_Dataset\train\fractured\9-rotated2-rotated3-rotated2 - Copy (1).jpg
d9e5121c2f866f94,train,fractured,E:\projects\project-fracture-classification\dataset\Bone_Fracture_Dataset\train\fractured\9-rotated2-rotated3-rotated2 - Copy.jpg
d9e5121c2f866f94,train,fractured,E:\projects\project-fracture-classification\dataset\Bone_Fracture_Dataset\train\fractured\9-rotated2-rotated3-rotated2.jpg
d9e5121c2f866f94,val,fractured,E:\projects\project-fracture-classification\dataset\Bone_Fracture_Dataset\val\fractured\9-rotated2-rotated3-rotated2.jpg
859873471ff20e4b,train,fractured,E:\projects\project-fracture-classification\dataset\Bone_Fracture_Dataset\train\fractured\9-rotated3-rotated1-rotated1 (1).jpg
859873471ff20e4b,train,fractured,E:\projects\project-fracture-classification\dataset\Bone_Fracture_Dataset\train\fractured\9-rotated3-rotated1-rotated1 - Copy (1).jpg
859873471ff20e4b,train,fractured,E:\projects\project-fracture-classification\dataset\Bone_Fracture_Dataset\train\fractured\9-rotated3-rotated1-rotated1 - Copy.jpg
859873471ff20e4b,train,fractured,E:\projects\project-fracture-classification\dataset\Bone_Fracture_Dataset\train\fractured\9-rotated3-rotated1-rotated1.jpg
859873471ff20e4b,train,fractured,E:\projects\project-fracture-classification\dataset\Bone_Fracture_Dataset\train\fractured\9-rotated3-rotated1-rotated3 (1).jpg
859873471ff20e4b,train,fractured,E:\projects\project-fracture-classification\dataset\Bone_Fracture_Dataset\train\fractured\9-rotated3-rotated1-rotated3.jpg
859873471ff20e4b,val,fractured,E:\projects\project-fracture-classification\dataset\Bone_Fracture_Dataset\val\fractured\9-rotated3-rotated1-rotated1.jpg
859873471ff01e69,train,fractured,E:\projects\project-fracture-classification\dataset\Bone_Fracture_Dataset\train\fractured\9-rotated3-rotated2-rotated3 (1).jpg
859873471ff01e69,train,fractured,E:\projects\project-fracture-classification\dataset\Bone_Fracture_Dataset\train\fractured\9-rotated3-rotated2-rotated3 - Copy (1).jpg
859873471ff01e69,train,fractured,E:\projects\project-fracture-classification\dataset\Bone_Fracture_Dataset\train\fractured\9-rotated3-rotated2-rotated3 - Copy.jpg
859873471ff01e69,train,fractured,E:\projects\project-fracture-classification\dataset\Bone_Fracture_Dataset\train\fractured\9-rotated3-rotated2-rotated3.jpg
859873471ff01e69,val,fractured,E:\projects\project-fracture-classification\dataset\Bone_Fracture_Dataset\val\fractured\9-rotated3-rotated2-rotated3.jpg
9ccc669369346b93,train,fractured,E:\projects\project-fracture-classification\dataset\Bone_Fracture_Dataset\train\fractured\90-rotated1-rotated1-rotated3 (1).jpg
9ccc669369346b93,train,fractured,E:\projects\project-fracture-classification\dataset\Bone_Fracture_Dataset\train\fractured\90-rotated1-rotated1-rotated3 - Copy (1).jpg
9ccc669369346b93,train,fractured,E:\projects\project-fracture-classification\dataset\Bone_Fracture_Dataset\train\fractured\90-rotated1-rotated1-rotated3 - Copy.jpg
9ccc669369346b93,train,fractured,E:\projects\project-fracture-classification\dataset\Bone_Fracture_Dataset\train\fractured\90-rotated1-rotated1-rotated3.jpg
9ccc669369346b93,train,fractured,E:\projects\project-fracture-classification\dataset\Bone_Fracture_Dataset\train\fractured\90-rotated3-rotated1-rotated1 (1).jpg
9ccc669369346b93,train,fractured,E:\projects\project-fracture-classification\dataset\Bone_Fracture_Dataset\train\fractured\90-rotated3-rotated1-rotated1 - Copy (1).jpg
9ccc669369346b93,train,fractured,E:\projects\project-fracture-classification\dataset\Bone_Fracture_Dataset\train\fractured\90-rotated3-rotated1-rotated1 - Copy.jpg
9ccc669369346b93,train,fractured,E:\projects\project-fracture-classification\dataset\Bone_Fracture_Dataset\train\fractured\90-rotated3-rotated1-rotated1.jpg
9ccc669369346b93,train,fractured,E:\projects\project-fracture-classification\dataset\Bone_Fracture_Dataset\train\fractured\90-rotated3-rotated3-rotated3 (1).jpg
9ccc669369346b93,train,fractured,E:\projects\project-fracture-classification\dataset\Bone_Fracture_Dataset\train\fractured\90-rotated3-rotated3-rotated3 - Copy (1).jpg
9ccc669369346b93,train,fractured,E:\projects\project-fracture-classification\dataset\Bone_Fracture_Dataset\train\fractured\90-rotated3-rotated3-rotated3 - Copy.jpg
9ccc669369346b93,train,fractured,E:\projects\project-fracture-classification\dataset\Bone_Fracture_Dataset\train\fractured\90-rotated3-rotated3-rotated3.jpg
9ccc669369346b93,val,fractured,E:\projects\project-fracture-classification\dataset\Bone_Fracture_Dataset\val\fractured\90-rotated3-rotated1-rotated1.jpg
9ccc669369346b93,val,fractured,E:\projects\project-fracture-classification\dataset\Bone_Fracture_Dataset\val\fractured\90-rotated3-rotated3-rotated3.jpg
c1c06a3d1f4e26be,train,fractured,E:\projects\project-fracture-classification\dataset\Bone_Fracture_Dataset\train\fractured\90-rotated1-rotated2-rotated3 (1).jpg
c1c06a3d1f4e26be,train,fractured,E:\projects\project-fracture-classification\dataset\Bone_Fracture_Dataset\train\fractured\90-rotated1-rotated2-rotated3 - Copy (1).jpg
c1c06a3d1f4e26be,train,fractured,E:\projects\project-fracture-classification\dataset\Bone_Fracture_Dataset\train\fractured\90-rotated1-rotated2-rotated3 - Copy.jpg
c1c06a3d1f4e26be,train,fractured,E:\projects\project-fracture-classification\dataset\Bone_Fracture_Dataset\train\fractured\90-rotated1-rotated2-rotated3.jpg
c1c06a3d1f4e26be,val,fractured,E:\projects\project-fracture-classification\dataset\Bone_Fracture_Dataset\val\fractured\90-rotated1-rotated2-rotated3.jpg
99cc769b69326692,train,fractured,E:\projects\project-fracture-classification\dataset\Bone_Fracture_Dataset\train\fractured\90-rotated2-rotated2 (1).jpg
99cc769b69326692,train,fractured,E:\projects\project-fracture-classification\dataset\Bone_Fracture_Dataset\train\fractured\90-rotated2-rotated2 - Copy (1).jpg
99cc769b69326692,train,fractured,E:\projects\project-fracture-classification\dataset\Bone_Fracture_Dataset\train\fractured\90-rotated2-rotated2 - Copy.jpg
99cc769b69326692,train,fractured,E:\projects\project-fracture-classification\dataset\Bone_Fracture_Dataset\train\fractured\90-rotated2-rotated2.jpg
99cc769b69326692,val,fractured,E:\projects\project-fracture-classification\dataset\Bone_Fracture_Dataset\val\fractured\90-rotated2-rotated2.jpg
95cd649258b45bb5,train,fractured,E:\projects\project-fracture-classification\dataset\Bone_Fracture_Dataset\train\fractured\91-rotated1-rotated2-rotated3 (1).jpg
95cd649258b45bb5,train,fractured,E:\projects\project-fracture-classification\dataset\Bone_Fracture_Dataset\train\fractured\91-rotated1-rotated2-rotated3 - Copy (1).jpg
95cd649258b45bb5,train,fractured,E:\projects\project-fracture-classification\dataset\Bone_Fracture_Dataset\train\fractured\91-rotated1-rotated2-rotated3 - Copy.jpg
95cd649258b45bb5,train,fractured,E:\projects\project-fracture-classification\dataset\Bone_Fracture_Dataset\train\fractured\91-rotated1-rotated2-rotated3.jpg
95cd649258b45bb5,val,fractured,E:\projects\project-fracture-classification\dataset\Bone_Fracture_Dataset\val\fractured\91-rotated1-rotated2-rotated3.jpg
996c56cba2335556,train,fractured,E:\projects\project-fracture-classification\dataset\Bone_Fracture_Dataset\train\fractured\91-rotated2-rotated2 (1).jpg
996c56cba2335556,train,fractured,E:\projects\project-fracture-classification\dataset\Bone_Fracture_Dataset\train\fractured\91-rotated2-rotated2 - Copy (1).jpg
996c56cba2335556,train,fractured,E:\projects\project-fracture-classification\dataset\Bone_Fracture_Dataset\train\fractured\91-rotated2-rotated2 - Copy.jpg
996c56cba2335556,train,fractured,E:\projects\project-fracture-classification\dataset\Bone_Fracture_Dataset\train\fractured\91-rotated2-rotated2.jpg
996c56cba2335556,val,fractured,E:\projects\project-fracture-classification\dataset\Bone_Fracture_Dataset\val\fractured\91-rotated2-rotated2.jpg
993344ed4b6b6a4a,train,fractured,E:\projects\project-fracture-classification\dataset\Bone_Fracture_Dataset\train\fractured\91-rotated3-rotated1-rotated1 (1).jpg
993344ed4b6b6a4a,train,fractured,E:\projects\project-fracture-classification\dataset\Bone_Fracture_Dataset\train\fractured\91-rotated3-rotated1-rotated1 - Copy (1).jpg
993344ed4b6b6a4a,train,fractured,E:\projects\project-fracture-classification\dataset\Bone_Fracture_Dataset\train\fractured\91-rotated3-rotated1-rotated1 - Copy.jpg
993344ed4b6b6a4a,train,fractured,E:\projects\project-fracture-classification\dataset\Bone_Fracture_Dataset\train\fractured\91-rotated3-rotated1-rotated1.jpg
993344ed4b6b6a4a,val,fractured,E:\projects\project-fracture-classification\dataset\Bone_Fracture_Dataset\val\fractured\91-rotated3-rotated1-rotated1.jpg
99cc57ce2eb36411,train,fractured,E:\projects\project-fracture-classification\dataset\Bone_Fracture_Dataset\train\fractured\92-rotated1-rotated2-rotated3 (1).jpg
99cc57ce2eb36411,train,fractured,E:\projects\project-fracture-classification\dataset\Bone_Fracture_Dataset\train\fractured\92-rotated1-rotated2-rotated3 - Copy (1).jpg
99cc57ce2eb36411,train,fractured,E:\projects\project-fracture-classification\dataset\Bone_Fracture_Dataset\train\fractured\92-rotated1-rotated2-rotated3 - Copy.jpg
99cc57ce2eb36411,train,fractured,E:\projects\project-fracture-classification\dataset\Bone_Fracture_Dataset\train\fractured\92-rotated1-rotated2-rotated3.jpg
99cc57ce2eb36411,val,fractured,E:\projects\project-fracture-classification\dataset\Bone_Fracture_Dataset\val\fractured\92-rotated1-rotated2-rotated3.jpg
99cc568e2e996791,train,fractured,E:\projects\project-fracture-classification\dataset\Bone_Fracture_Dataset\train\fractured\92-rotated2-rotated2 (1).jpg
99cc568e2e996791,train,fractured,E:\projects\project-fracture-classification\dataset\Bone_Fracture_Dataset\train\fractured\92-rotated2-rotated2 - Copy (1).jpg
99cc568e2e996791,train,fractured,E:\projects\project-fracture-classification\dataset\Bone_Fracture_Dataset\train\fractured\92-rotated2-rotated2 - Copy.jpg
99cc568e2e996791,train,fractured,E:\projects\project-fracture-classification\dataset\Bone_Fracture_Dataset\train\fractured\92-rotated2-rotated2.jpg
99cc568e2e996791,val,fractured,E:\projects\project-fracture-classification\dataset\Bone_Fracture_Dataset\val\fractured\92-rotated2-rotated2.jpg
cbe5921f1e160d36,train,fractured,E:\projects\project-fracture-classification\dataset\Bone_Fracture_Dataset\train\fractured\93-rotated1-rotated2-rotated3 (1).jpg
cbe5921f1e160d36,train,fractured,E:\projects\project-fracture-classification\dataset\Bone_Fracture_Dataset\train\fractured\93-rotated1-rotated2-rotated3 - Copy (1).jpg
cbe5921f1e160d36,train,fractured,E:\projects\project-fracture-classification\dataset\Bone_Fracture_Dataset\train\fractured\93-rotated1-rotated2-rotated3 - Copy.jpg
cbe5921f1e160d36,train,fractured,E:\projects\project-fracture-classification\dataset\Bone_Fracture_Dataset\train\fractured\93-rotated1-rotated2-rotated3.jpg
cbe5921f1e160d36,val,fractured,E:\projects\project-fracture-classification\dataset\Bone_Fracture_Dataset\val\fractured\93-rotated1-rotated2-rotated3.jpg
d8e5321b0f166d36,train,fractured,E:\projects\project-fracture-classification\dataset\Bone_Fracture_Dataset\train\fractured\93-rotated2-rotated2 (1).jpg
d8e5321b0f166d36,train,fractured,E:\projects\project-fracture-classification\dataset\Bone_Fracture_Dataset\train\fractured\93-rotated2-rotated2 - Copy (1).jpg
d8e5321b0f166d36,train,fractured,E:\projects\project-fracture-classification\dataset\Bone_Fracture_Dataset\train\fractured\93-rotated2-rotated2 - Copy.jpg
d8e5321b0f166d36,train,fractured,E:\projects\project-fracture-classification\dataset\Bone_Fracture_Dataset\train\fractured\93-rotated2-rotated2.jpg
d8e5321b0f166d36,val,fractured,E:\projects\project-fracture-classification\dataset\Bone_Fracture_Dataset\val\fractured\93-rotated2-rotated2.jpg
cbe0923c3e0f0d3b,train,fractured,E:\projects\project-fracture-classification\dataset\Bone_Fracture_Dataset\train\fractured\93-rotated3-rotated1-rotated1 (1).jpg
cbe0923c3e0f0d3b,train,fractured,E:\projects\project-fracture-classification\dataset\Bone_Fracture_Dataset\train\fractured\93-rotated3-rotated1-rotated1 - Copy (1).jpg
cbe0923c3e0f0d3b,train,fractured,E:\projects\project-fracture-classification\dataset\Bone_Fracture_Dataset\train\fractured\93-rotated3-rotated1-rotated1 - Copy.jpg
cbe0923c3e0f0d3b,train,fractured,E:\projects\project-fracture-classification\dataset\Bone_Fracture_Dataset\train\fractured\93-rotated3-rotated1-rotated1.jpg
cbe0923c3e0f0d3b,val,fractured,E:\projects\project-fracture-classification\dataset\Bone_Fracture_Dataset\val\fractured\93-rotated3-rotated1-rotated1.jpg
cd9366615b485ee1,train,fractured,E:\projects\project-fracture-classification\dataset\Bone_Fracture_Dataset\train\fractured\93-rotated3-rotated3-rotated3 (1).jpg
cd9366615b485ee1,train,fractured,E:\projects\project-fracture-classification\dataset\Bone_Fracture_Dataset\train\fractured\93-rotated3-rotated3-rotated3 - Copy (1).jpg
cd9366615b485ee1,train,fractured,E:\projects\project-fracture-classification\dataset\Bone_Fracture_Dataset\train\fractured\93-rotated3-rotated3-rotated3 - Copy.jpg
cd9366615b485ee1,train,fractured,E:\projects\project-fracture-classification\dataset\Bone_Fracture_Dataset\train\fractured\93-rotated3-rotated3-rotated3.jpg
cd9366615b485ee1,val,fractured,E:\projects\project-fracture-classification\dataset\Bone_Fracture_Dataset\val\fractured\93-rotated3-rotated3-rotated3.jpg
c9c76364243e3e36,train,fractured,E:\projects\project-fracture-classification\dataset\Bone_Fracture_Dataset\train\fractured\94-rotated1-rotated2-rotated3 (1).jpg
c9c76364243e3e36,train,fractured,E:\projects\project-fracture-classification\dataset\Bone_Fracture_Dataset\train\fractured\94-rotated1-rotated2-rotated3 - Copy (1).jpg
c9c76364243e3e36,train,fractured,E:\projects\project-fracture-classification\dataset\Bone_Fracture_Dataset\train\fractured\94-rotated1-rotated2-rotated3 - Copy.jpg
c9c76364243e3e36,train,fractured,E:\projects\project-fracture-classification\dataset\Bone_Fracture_Dataset\train\fractured\94-rotated1-rotated2-rotated3.jpg
c9c76364243e3e36,train,fractured,E:\projects\project-fracture-classification\dataset\Bone_Fracture_Dataset\train\fractured\94-rotated3-rotated2 (1).jpg
c9c76364243e3e36,train,fractured,E:\projects\project-fracture-classification\dataset\Bone_Fracture_Dataset\train\fractured\94-rotated3-rotated2 - Copy (1).jpg
c9c76364243e3e36,train,fractured,E:\projects\project-fracture-classification\dataset\Bone_Fracture_Dataset\train\fractured\94-rotated3-rotated2 - Copy.jpg
c9c76364243e3e36,train,fractured,E:\projects\project-fracture-classification\dataset\Bone_Fracture_Dataset\train\fractured\94-rotated3-rotated2.jpg
c9c76364243e3e36,val,fractured,E:\projects\project-fracture-classification\dataset\Bone_Fracture_Dataset\val\fractured\94-rotated1-rotated2-rotated3.jpg
ccc7c76564343636,train,fractured,E:\projects\project-fracture-classification\dataset\Bone_Fracture_Dataset\train\fractured\94-rotated3-rotated1-rotated1 (1).jpg
ccc7c76564343636,train,fractured,E:\projects\project-fracture-classification\dataset\Bone_Fracture_Dataset\train\fractured\94-rotated3-rotated1-rotated1 - Copy (1).jpg
ccc7c76564343636,train,fractured,E:\projects\project-fracture-classification\dataset\Bone_Fracture_Dataset\train\fractured\94-rotated3-rotated1-rotated1 - Copy.jpg
ccc7c76564343636,train,fractured,E:\projects\project-fracture-classification\dataset\Bone_Fracture_Dataset\train\fractured\94-rotated3-rotated1-rotated1.jpg
ccc7c76564343636,val,fractured,E:\projects\project-fracture-classification\dataset\Bone_Fracture_Dataset\val\fractured\94-rotated3-rotated1-rotated1.jpg
c0c8361b0f3779dc,train,fractured,E:\projects\project-fracture-classification\dataset\Bone_Fracture_Dataset\train\fractured\94-rotated3-rotated3-rotated3 (1).jpg
c0c8361b0f3779dc,train,fractured,E:\projects\project-fracture-classification\dataset\Bone_Fracture_Dataset\train\fractured\94-rotated3-rotated3-rotated3 - Copy (1).jpg
c0c8361b0f3779dc,train,fractured,E:\projects\project-fracture-classification\dataset\Bone_Fracture_Dataset\train\fractured\94-rotated3-rotated3-rotated3 - Copy.jpg
c0c8361b0f3779dc,train,fractured,E:\projects\project-fracture-classification\dataset\Bone_Fracture_Dataset\train\fractured\94-rotated3-rotated3-rotated3.jpg
c0c8361b0f3779dc,val,fractured,E:\projects\project-fracture-classification\dataset\Bone_Fracture_Dataset\val\fractured\94-rotated3-rotated3-rotated3.jpg
9ae3699e6f916290,train,fractured,E:\projects\project-fracture-classification\dataset\Bone_Fracture_Dataset\train\fractured\95-rotated1-rotated2-rotated3 (1).jpg
9ae3699e6f916290,train,fractured,E:\projects\project-fracture-classification\dataset\Bone_Fracture_Dataset\train\fractured\95-rotated1-rotated2-rotated3 - Copy (1).jpg
9ae3699e6f916290,train,fractured,E:\projects\project-fracture-classification\dataset\Bone_Fracture_Dataset\train\fractured\95-rotated1-rotated2-rotated3 - Copy.jpg
9ae3699e6f916290,train,fractured,E:\projects\project-fracture-classification\dataset\Bone_Fracture_Dataset\train\fractured\95-rotated1-rotated2-rotated3.jpg
9ae3699e6f916290,val,fractured,E:\projects\project-fracture-classification\dataset\Bone_Fracture_Dataset\val\fractured\95-rotated1-rotated2-rotated3.jpg
9ae161983f9e67c0,train,fractured,E:\projects\project-fracture-classification\dataset\Bone_Fracture_Dataset\train\fractured\95-rotated2-rotated2 (1).jpg
9ae161983f9e67c0,train,fractured,E:\projects\project-fracture-classification\dataset\Bone_Fracture_Dataset\train\fractured\95-rotated2-rotated2 - Copy (1).jpg
9ae161983f9e67c0,train,fractured,E:\projects\project-fracture-classification\dataset\Bone_Fracture_Dataset\train\fractured\95-rotated2-rotated2 - Copy.jpg
9ae161983f9e67c0,train,fractured,E:\projects\project-fracture-classification\dataset\Bone_Fracture_Dataset\train\fractured\95-rotated2-rotated2.jpg
9ae161983f9e67c0,val,fractured,E:\projects\project-fracture-classification\dataset\Bone_Fracture_Dataset\val\fractured\95-rotated2-rotated2.jpg
91c962b56e161be9,train,fractured,E:\projects\project-fracture-classification\dataset\Bone_Fracture_Dataset\train\fractured\95-rotated3-rotated1-rotated1 (1).jpg
91c962b56e161be9,train,fractured,E:\projects\project-fracture-classification\dataset\Bone_Fracture_Dataset\train\fractured\95-rotated3-rotated1-rotated1 - Copy (1).jpg
91c962b56e161be9,train,fractured,E:\projects\project-fracture-classification\dataset\Bone_Fracture_Dataset\train\fractured\95-rotated3-rotated1-rotated1 - Copy.jpg
91c962b56e161be9,train,fractured,E:\projects\project-fracture-classification\dataset\Bone_Fracture_Dataset\train\fractured\95-rotated3-rotated1-rotated1.jpg
91c962b56e161be9,train,fractured,E:\projects\project-fracture-classification\dataset\Bone_Fracture_Dataset\train\fractured\95-rotated3-rotated2-rotated2 (1).jpg
91c962b56e161be9,train,fractured,E:\projects\project-fracture-classification\dataset\Bone_Fracture_Dataset\train\fractured\95-rotated3-rotated2-rotated2 - Copy (1).jpg
91c962b56e161be9,train,fractured,E:\projects\project-fracture-classification\dataset\Bone_Fracture_Dataset\train\fractured\95-rotated3-rotated2-rotated2 - Copy.jpg
91c962b56e161be9,train,fractured,E:\projects\project-fracture-classification\dataset\Bone_Fracture_Dataset\train\fractured\95-rotated3-rotated2-rotated2.jpg
91c962b56e161be9,val,fractured,E:\projects\project-fracture-classification\dataset\Bone_Fracture_Dataset\val\fractured\95-rotated3-rotated1-rotated1.jpg
984b49696b355796,train,fractured,E:\projects\project-fracture-classification\dataset\Bone_Fracture_Dataset\train\fractured\96-rotated1-rotated2-rotated3 (1).jpg
984b49696b355796,train,fractured,E:\projects\project-fracture-classification\dataset\Bone_Fracture_Dataset\train\fractured\96-rotated1-rotated2-rotated3 - Copy (1).jpg
984b49696b355796,train,fractured,E:\projects\project-fracture-classification\dataset\Bone_Fracture_Dataset\train\fractured\96-rotated1-rotated2-rotated3 - Copy.jpg
984b49696b355796,train,fractured,E:\projects\project-fracture-classification\dataset\Bone_Fracture_Dataset\train\fractured\96-rotated1-rotated2-rotated3.jpg
984b49696b355796,val,fractured,E:\projects\project-fracture-classification\dataset\Bone_Fracture_Dataset\val\fractured\96-rotated1-rotated2-rotated3.jpg
9dcc67256ca46cb4,train,fractured,E:\projects\project-fracture-classification\dataset\Bone_Fracture_Dataset\train\fractured\96-rotated2-rotated2 (1).jpg
9dcc67256ca46cb4,train,fractured,E:\projects\project-fracture-classification\dataset\Bone_Fracture_Dataset\train\fractured\96-rotated2-rotated2 - Copy (1).jpg
9dcc67256ca46cb4,train,fractured,E:\projects\project-fracture-classification\dataset\Bone_Fracture_Dataset\train\fractured\96-rotated2-rotated2 - Copy.jpg
9dcc67256ca46cb4,train,fractured,E:\projects\project-fracture-classification\dataset\Bone_Fracture_Dataset\train\fractured\96-rotated2-rotated2.jpg
9dcc67256ca46cb4,val,fractured,E:\projects\project-fracture-classification\dataset\Bone_Fracture_Dataset\val\fractured\96-rotated2-rotated2.jpg
994e45656ba57a94,train,fractured,E:\projects\project-fracture-classification\dataset\Bone_Fracture_Dataset\train\fractured\96-rotated3-rotated1-rotated1 (1).jpg
994e45656ba57a94,train,fractured,E:\projects\project-fracture-classification\dataset\Bone_Fracture_Dataset\train\fractured\96-rotated3-rotated1-rotated1 - Copy (1).jpg
994e45656ba57a94,train,fractured,E:\projects\project-fracture-classification\dataset\Bone_Fracture_Dataset\train\fractured\96-rotated3-rotated1-rotated1 - Copy.jpg
994e45656ba57a94,train,fractured,E:\projects\project-fracture-classification\dataset\Bone_Fracture_Dataset\train\fractured\96-rotated3-rotated1-rotated1.jpg
994e45656ba57a94,val,fractured,E:\projects\project-fracture-classification\dataset\Bone_Fracture_Dataset\val\fractured\96-rotated3-rotated1-rotated1.jpg
96c91b7d38824f4d,train,fractured,E:\projects\project-fracture-classification\dataset\Bone_Fracture_Dataset\train\fractured\97-rotated1-rotated2-rotated3 (1).jpg
96c91b7d38824f4d,train,fractured,E:\projects\project-fracture-classification\dataset\Bone_Fracture_Dataset\train\fractured\97-rotated1-rotated2-rotated3 - Copy (1).jpg
96c91b7d38824f4d,train,fractured,E:\projects\project-fracture-classification\dataset\Bone_Fracture_Dataset\train\fractured\97-rotated1-rotated2-rotated3 - Copy.jpg
96c91b7d38824f4d,train,fractured,E:\projects\project-fracture-classification\dataset\Bone_Fracture_Dataset\train\fractured\97-rotated1-rotated2-rotated3.jpg
96c91b7d38824f4d,train,fractured,E:\projects\project-fracture-classification\dataset\Bone_Fracture_Dataset\train\fractured\97-rotated3 (1).jpg
96c91b7d38824f4d,train,fractured,E:\projects\project-fracture-classification\dataset\Bone_Fracture_Dataset\train\fractured\97-rotated3 - Copy (1).jpg
96c91b7d38824f4d,train,fractured,E:\projects\project-fracture-classification\dataset\Bone_Fracture_Dataset\train\fractured\97-rotated3 - Copy.jpg
96c91b7d38824f4d,train,fractured,E:\projects\project-fracture-classification\dataset\Bone_Fracture_Dataset\train\fractured\97-rotated3.jpg
96c91b7d38824f4d,val,fractured,E:\projects\project-fracture-classification\dataset\Bone_Fracture_Dataset\val\fractured\97-rotated1-rotated2-rotated3.jpg
a5173a694fc616b8,train,fractured,E:\projects\project-fracture-classification\dataset\Bone_Fracture_Dataset\train\fractured\97-rotated2-rotated2 (1).jpg
a5173a694fc616b8,train,fractured,E:\projects\project-fracture-classification\dataset\Bone_Fracture_Dataset\train\fractured\97-rotated2-rotated2 - Copy (1).jpg
a5173a694fc616b8,train,fractured,E:\projects\project-fracture-classification\dataset\Bone_Fracture_Dataset\train\fractured\97-rotated2-rotated2 - Copy.jpg
a5173a694fc616b8,train,fractured,E:\projects\project-fracture-classification\dataset\Bone_Fracture_Dataset\train\fractured\97-rotated2-rotated2.jpg
a5173a694fc616b8,val,fractured,E:\projects\project-fracture-classification\dataset\Bone_Fracture_Dataset\val\fractured\97-rotated2-rotated2.jpg
83985e2a6d753a99,train,fractured,E:\projects\project-fracture-classification\dataset\Bone_Fracture_Dataset\train\fractured\97-rotated3-rotated1-rotated1 (1).jpg
83985e2a6d753a99,train,fractured,E:\projects\project-fracture-classification\dataset\Bone_Fracture_Dataset\train\fractured\97-rotated3-rotated1-rotated1 - Copy (1).jpg
83985e2a6d753a99,train,fractured,E:\projects\project-fracture-classification\dataset\Bone_Fracture_Dataset\train\fractured\97-rotated3-rotated1-rotated1 - Copy.jpg
83985e2a6d753a99,train,fractured,E:\projects\project-fracture-classification\dataset\Bone_Fracture_Dataset\train\fractured\97-rotated3-rotated1-rotated1.jpg
83985e2a6d753a99,val,fractured,E:\projects\project-fracture-classification\dataset\Bone_Fracture_Dataset\val\fractured\97-rotated3-rotated1-rotated1.jpg
83985e2bad751a9a,train,fractured,E:\projects\project-fracture-classification\dataset\Bone_Fracture_Dataset\train\fractured\97-rotated3-rotated3-rotated3 (1).jpg
83985e2bad751a9a,train,fractured,E:\projects\project-fracture-classification\dataset\Bone_Fracture_Dataset\train\fractured\97-rotated3-rotated3-rotated3 - Copy (1).jpg
83985e2bad751a9a,train,fractured,E:\projects\project-fracture-classification\dataset\Bone_Fracture_Dataset\train\fractured\97-rotated3-rotated3-rotated3 - Copy.jpg
83985e2bad751a9a,train,fractured,E:\projects\project-fracture-classification\dataset\Bone_Fracture_Dataset\train\fractured\97-rotated3-rotated3-rotated3.jpg
83985e2bad751a9a,val,fractured,E:\projects\project-fracture-classification\dataset\Bone_Fracture_Dataset\val\fractured\97-rotated3-rotated3-rotated3.jpg
87e64b162d7a58b1,train,fractured,E:\projects\project-fracture-classification\dataset\Bone_Fracture_Dataset\train\fractured\98-rotated1-rotated1-rotated3 (1).jpg
87e64b162d7a58b1,train,fractured,E:\projects\project-fracture-classification\dataset\Bone_Fracture_Dataset\train\fractured\98-rotated1-rotated1-rotated3 - Copy (1).jpg
87e64b162d7a58b1,train,fractured,E:\projects\project-fracture-classification\dataset\Bone_Fracture_Dataset\train\fractured\98-rotated1-rotated1-rotated3 - Copy.jpg
87e64b162d7a58b1,train,fractured,E:\projects\project-fracture-classification\dataset\Bone_Fracture_Dataset\train\fractured\98-rotated1-rotated1-rotated3.jpg
87e64b162d7a58b1,train,fractured,E:\projects\project-fracture-classification\dataset\Bone_Fracture_Dataset\train\fractured\98-rotated1-rotated2-rotated3 (1).jpg
87e64b162d7a58b1,train,fractured,E:\projects\project-fracture-classification\dataset\Bone_Fracture_Dataset\train\fractured\98-rotated1-rotated2-rotated3 - Copy (1).jpg
87e64b162d7a58b1,train,fractured,E:\projects\project-fracture-classification\dataset\Bone_Fracture_Dataset\train\fractured\98-rotated1-rotated2-rotated3 - Copy.jpg
87e64b162d7a58b1,train,fractured,E:\projects\project-fracture-classification\dataset\Bone_Fracture_Dataset\train\fractured\98-rotated1-rotated2-rotated3.jpg
87e64b162d7a58b1,val,fractured,E:\projects\project-fracture-classification\dataset\Bone_Fracture_Dataset\val\fractured\98-rotated1-rotated2-rotated3.jpg
b4e1437f1e54036b,train,fractured,E:\projects\project-fracture-classification\dataset\Bone_Fracture_Dataset\train\fractured\98-rotated2-rotated2 (1).jpg
b4e1437f1e54036b,train,fractured,E:\projects\project-fracture-classification\dataset\Bone_Fracture_Dataset\train\fractured\98-rotated2-rotated2 - Copy (1).jpg
b4e1437f1e54036b,train,fractured,E:\projects\project-fracture-classification\dataset\Bone_Fracture_Dataset\train\fractured\98-rotated2-rotated2 - Copy.jpg
b4e1437f1e54036b,train,fractured,E:\projects\project-fracture-classification\dataset\Bone_Fracture_Dataset\train\fractured\98-rotated2-rotated2.jpg
b4e1437f1e54036b,train,fractured,E:\projects\project-fracture-classification\dataset\Bone_Fracture_Dataset\train\fractured\98-rotated3-rotated1-rotated1 (1).jpg
b4e1437f1e54036b,train,fractured,E:\projects\project-fracture-classification\dataset\Bone_Fracture_Dataset\train\fractured\98-rotated3-rotated1-rotated1 - Copy (1).jpg
b4e1437f1e54036b,train,fractured,E:\projects\project-fracture-classification\dataset\Bone_Fracture_Dataset\train\fractured\98-rotated3-rotated1-rotated1 - Copy.jpg
b4e1437f1e54036b,train,fractured,E:\projects\project-fracture-classification\dataset\Bone_Fracture_Dataset\train\fractured\98-rotated3-rotated1-rotated1.jpg
b4e1437f1e54036b,val,fractured,E:\projects\project-fracture-classification\dataset\Bone_Fracture_Dataset\val\fractured\98-rotated2-rotated2.jpg
b4e1437f1e54036b,val,fractured,E:\projects\project-fracture-classification\dataset\Bone_Fracture_Dataset\val\fractured\98-rotated3-rotated1-rotated1.jpg
b19f43e8ed550ae0,train,fractured,E:\projects\project-fracture-classification\dataset\Bone_Fracture_Dataset\train\fractured\98-rotated3-rotated3-rotated1 (1).jpg
b19f43e8ed550ae0,train,fractured,E:\projects\project-fracture-classification\dataset\Bone_Fracture_Dataset\train\fractured\98-rotated3-rotated3-rotated1 - Copy (1).jpg
b19f43e8ed550ae0,train,fractured,E:\projects\project-fracture-classification\dataset\Bone_Fracture_Dataset\train\fractured\98-rotated3-rotated3-rotated1 - Copy.jpg
b19f43e8ed550ae0,train,fractured,E:\projects\project-fracture-classification\dataset\Bone_Fracture_Dataset\train\fractured\98-rotated3-rotated3-rotated1.jpg
b19f43e8ed550ae0,train,fractured,E:\projects\project-fracture-classification\dataset\Bone_Fracture_Dataset\train\fractured\98-rotated3-rotated3-rotated3 (1).jpg
b19f43e8ed550ae0,train,fractured,E:\projects\project-fracture-classification\dataset\Bone_Fracture_Dataset\train\fractured\98-rotated3-rotated3-rotated3 - Copy (1).jpg
b19f43e8ed550ae0,train,fractured,E:\projects\project-fracture-classification\dataset\Bone_Fracture_Dataset\train\fractured\98-rotated3-rotated3-rotated3 - Copy.jpg
b19f43e8ed550ae0,train,fractured,E:\projects\project-fracture-classification\dataset\Bone_Fracture_Dataset\train\fractured\98-rotated3-rotated3-rotated3.jpg
b19f43e8ed550ae0,val,fractured,E:\projects\project-fracture-classification\dataset\Bone_Fracture_Dataset\val\fractured\98-rotated3-rotated3-rotated3.jpg
99cc0ee46c2766b6,train,fractured,E:\projects\project-fracture-classification\dataset\Bone_Fracture_Dataset\train\fractured\99-rotated1-rotated2-rotated3 (1).jpg
99cc0ee46c2766b6,train,fractured,E:\projects\project-fracture-classification\dataset\Bone_Fracture_Dataset\train\fractured\99-rotated1-rotated2-rotated3 - Copy (1).jpg
99cc0ee46c2766b6,train,fractured,E:\projects\project-fracture-classification\dataset\Bone_Fracture_Dataset\train\fractured\99-rotated1-rotated2-rotated3 - Copy.jpg
99cc0ee46c2766b6,train,fractured,E:\projects\project-fracture-classification\dataset\Bone_Fracture_Dataset\train\fractured\99-rotated1-rotated2-rotated3.jpg
99cc0ee46c2766b6,train,fractured,E:\projects\project-fracture-classification\dataset\Bone_Fracture_Dataset\train\fractured\99-rotated2-rotated2-rotated2 (1).jpg
99cc0ee46c2766b6,train,fractured,E:\projects\project-fracture-classification\dataset\Bone_Fracture_Dataset\train\fractured\99-rotated2-rotated2-rotated2 - Copy (1).jpg
99cc0ee46c2766b6,train,fractured,E:\projects\project-fracture-classification\dataset\Bone_Fracture_Dataset\train\fractured\99-rotated2-rotated2-rotated2 - Copy.jpg
99cc0ee46c2766b6,train,fractured,E:\projects\project-fracture-classification\dataset\Bone_Fracture_Dataset\train\fractured\99-rotated2-rotated2-rotated2.jpg
99cc0ee46c2766b6,val,fractured,E:\projects\project-fracture-classification\dataset\Bone_Fracture_Dataset\val\fractured\99-rotated1-rotated2-rotated3.jpg
c5c86733193c1e1f,train,fractured,E:\projects\project-fracture-classification\dataset\Bone_Fracture_Dataset\train\fractured\99-rotated1-rotated3 (1).jpg
c5c86733193c1e1f,train,fractured,E:\projects\project-fracture-classification\dataset\Bone_Fracture_Dataset\train\fractured\99-rotated1-rotated3 - Copy (1).jpg
c5c86733193c1e1f,train,fractured,E:\projects\project-fracture-classification\dataset\Bone_Fracture_Dataset\train\fractured\99-rotated1-rotated3 - Copy.jpg
c5c86733193c1e1f,train,fractured,E:\projects\project-fracture-classification\dataset\Bone_Fracture_Dataset\train\fractured\99-rotated1-rotated3.jpg
c5c86733193c1e1f,train,fractured,E:\projects\project-fracture-classification\dataset\Bone_Fracture_Dataset\train\fractured\99-rotated3-rotated3-rotated3 (1).jpg
c5c86733193c1e1f,train,fractured,E:\projects\project-fracture-classification\dataset\Bone_Fracture_Dataset\train\fractured\99-rotated3-rotated3-rotated3 - Copy (1).jpg
c5c86733193c1e1f,train,fractured,E:\projects\project-fracture-classification\dataset\Bone_Fracture_Dataset\train\fractured\99-rotated3-rotated3-rotated3 - Copy.jpg
c5c86733193c1e1f,train,fractured,E:\projects\project-fracture-classification\dataset\Bone_Fracture_Dataset\train\fractured\99-rotated3-rotated3-rotated3.jpg
c5c86733193c1e1f,val,fractured,E:\projects\project-fracture-classification\dataset\Bone_Fracture_Dataset\val\fractured\99-rotated3-rotated3-rotated3.jpg
98b3076d6968236f,train,fractured,E:\projects\project-fracture-classification\dataset\Bone_Fracture_Dataset\train\fractured\99-rotated3-rotated1-rotated1 (1).jpg
98b3076d6968236f,train,fractured,E:\projects\project-fracture-classification\dataset\Bone_Fracture_Dataset\train\fractured\99-rotated3-rotated1-rotated1 - Copy (1).jpg
98b3076d6968236f,train,fractured,E:\projects\project-fracture-classification\dataset\Bone_Fracture_Dataset\train\fractured\99-rotated3-rotated1-rotated1 - Copy.jpg
98b3076d6968236f,train,fractured,E:\projects\project-fracture-classification\dataset\Bone_Fracture_Dataset\train\fractured\99-rotated3-rotated1-rotated1.jpg
98b3076d6968236f,val,fractured,E:\projects\project-fracture-classification\dataset\Bone_Fracture_Dataset\val\fractured\99-rotated3-rotated1-rotated1.jpg
c107fe28b47620fb,train,fractured,E:\projects\project-fracture-classification\dataset\Bone_Fracture_Dataset\train\fractured\image8 (1).jpeg
c107fe28b47620fb,train,fractured,E:\projects\project-fracture-classification\dataset\Bone_Fracture_Dataset\train\fractured\image8.jpeg
c107fe28b47620fb,val,fractured,E:\projects\project-fracture-classification\dataset\Bone_Fracture_Dataset\val\fractured\image8.jpeg
c7ce38c3c67039c5,train,fractured,E:\projects\project-fracture-classification\dataset\Bone_Fracture_Dataset\train\fractured\IMG0002347.jpg
c7ce38c3c67039c5,val,fractured,E:\projects\project-fracture-classification\dataset\Bone_Fracture_Dataset\val\fractured\IMG0002347.jpg
c38c90979e876765,train,fractured,E:\projects\project-fracture-classification\dataset\Bone_Fracture_Dataset\train\fractured\IMG0002368.jpg
c38c90979e876765,val,fractured,E:\projects\project-fracture-classification\dataset\Bone_Fracture_Dataset\val\fractured\IMG0002368.jpg
c3ca9a8eb49ca599,train,fractured,E:\projects\project-fracture-classification\dataset\Bone_Fracture_Dataset\train\fractured\IMG0002369.jpg
c3ca9a8eb49ca599,val,fractured,E:\projects\project-fracture-classification\dataset\Bone_Fracture_Dataset\val\fractured\IMG0002369.jpg
879c3e6c9496653c,train,fractured,E:\projects\project-fracture-classification\dataset\Bone_Fracture_Dataset\train\fractured\IMG0002370.jpg
879c3e6c9496653c,val,fractured,E:\projects\project-fracture-classification\dataset\Bone_Fracture_Dataset\val\fractured\IMG0002370.jpg
99cc486dce86b179,train,fractured,E:\projects\project-fracture-classification\dataset\Bone_Fracture_Dataset\train\fractured\IMG0002371.jpg
99cc486dce86b179,val,fractured,E:\projects\project-fracture-classification\dataset\Bone_Fracture_Dataset\val\fractured\IMG0002371.jpg
c746cd6d650d6199,train,fractured,E:\projects\project-fracture-classification\dataset\Bone_Fracture_Dataset\train\fractured\IMG0002372.jpg
c746cd6d650d6199,val,fractured,E:\projects\project-fracture-classification\dataset\Bone_Fracture_Dataset\val\fractured\IMG0002372.jpg
99c94c4d9ccc9d4d,train,fractured,E:\projects\project-fracture-classification\dataset\Bone_Fracture_Dataset\train\fractured\IMG0002373.jpg
99c94c4d9ccc9d4d,val,fractured,E:\projects\project-fracture-classification\dataset\Bone_Fracture_Dataset\val\fractured\IMG0002373.jpg
cc9b93868a92cfb2,train,fractured,E:\projects\project-fracture-classification\dataset\Bone_Fracture_Dataset\train\fractured\IMG0002400.jpg
cc9b93868a92cfb2,val,fractured,E:\projects\project-fracture-classification\dataset\Bone_Fracture_Dataset\val\fractured\IMG0002400.jpg
9a9bc69cc59cc49c,train,fractured,E:\projects\project-fracture-classification\dataset\Bone_Fracture_Dataset\train\fractured\IMG0002401.jpg
9a9bc69cc59cc49c,val,fractured,E:\projects\project-fracture-classification\dataset\Bone_Fracture_Dataset\val\fractured\IMG0002401.jpg
9999cc3b659935c4,train,fractured,E:\projects\project-fracture-classification\dataset\Bone_Fracture_Dataset\train\fractured\IMG0002436.jpg
9999cc3b659935c4,val,fractured,E:\projects\project-fracture-classification\dataset\Bone_Fracture_Dataset\val\fractured\IMG0002436.jpg
cc47cf669b24cc31,train,fractured,E:\projects\project-fracture-classification\dataset\Bone_Fracture_Dataset\train\fractured\IMG0002439.jpg
cc47cf669b24cc31,val,fractured,E:\projects\project-fracture-classification\dataset\Bone_Fracture_Dataset\val\fractured\IMG0002439.jpg
cdc9e2c8c3c6c9c3,train,fractured,E:\projects\project-fracture-classification\dataset\Bone_Fracture_Dataset\train\fractured\IMG0002440.jpg
cdc9e2c8c3c6c9c3,val,fractured,E:\projects\project-fracture-classification\dataset\Bone_Fracture_Dataset\val\fractured\IMG0002440.jpg
9b92b699a186ccad,train,fractured,E:\projects\project-fracture-classification\dataset\Bone_Fracture_Dataset\train\fractured\IMG0002441.jpg
9b92b699a186ccad,val,fractured,E:\projects\project-fracture-classification\dataset\Bone_Fracture_Dataset\val\fractured\IMG0002441.jpg
9b923699669393cc,train,fractured,E:\projects\project-fracture-classification\dataset\Bone_Fracture_Dataset\train\fractured\IMG0002442.jpg
9b923699669393cc,val,fractured,E:\projects\project-fracture-classification\dataset\Bone_Fracture_Dataset\val\fractured\IMG0002442.jpg
93699c32cd32ce35,train,fractured,E:\projects\project-fracture-classification\dataset\Bone_Fracture_Dataset\train\fractured\IMG0002443.jpg
93699c32cd32ce35,val,fractured,E:\projects\project-fracture-classification\dataset\Bone_Fracture_Dataset\val\fractured\IMG0002443.jpg
cc9cc38bb8c798e1,train,fractured,E:\projects\project-fracture-classification\dataset\Bone_Fracture_Dataset\train\fractured\IMG0002444.jpg
cc9cc38bb8c798e1,val,fractured,E:\projects\project-fracture-classification\dataset\Bone_Fracture_Dataset\val\fractured\IMG0002444.jpg
d999dd8cec88ec0c,train,fractured,E:\projects\project-fracture-classification\dataset\Bone_Fracture_Dataset\train\fractured\IMG0002445.jpg
d999dd8cec88ec0c,val,fractured,E:\projects\project-fracture-classification\dataset\Bone_Fracture_Dataset\val\fractured\IMG0002445.jpg
d989dd92ec89fd00,train,fractured,E:\projects\project-fracture-classification\dataset\Bone_Fracture_Dataset\train\fractured\IMG0002446.jpg
d989dd92ec89fd00,val,fractured,E:\projects\project-fracture-classification\dataset\Bone_Fracture_Dataset\val\fractured\IMG0002446.jpg
8a99924b77b63a4a,train,fractured,E:\projects\project-fracture-classification\dataset\Bone_Fracture_Dataset\train\fractured\IMG0002447.jpg
8a99924b77b63a4a,val,fractured,E:\projects\project-fracture-classification\dataset\Bone_Fracture_Dataset\val\fractured\IMG0002447.jpg
c81cc61ee19fe08f,train,fractured,E:\projects\project-fracture-classification\dataset\Bone_Fracture_Dataset\train\fractured\IMG0002472.jpg
c81cc61ee19fe08f,val,fractured,E:\projects\project-fracture-classification\dataset\Bone_Fracture_Dataset\val\fractured\IMG0002472.jpg
cc89a98de98dbd81,train,fractured,E:\projects\project-fracture-classification\dataset\Bone_Fracture_Dataset\train\fractured\IMG0002475.jpg
cc89a98de98dbd81,val,fractured,E:\projects\project-fracture-classification\dataset\Bone_Fracture_Dataset\val\fractured\IMG0002475.jpg
8cb38cb29b8cb3cc,train,fractured,E:\projects\project-fracture-classification\dataset\Bone_Fracture_Dataset\train\fractured\IMG0002476.jpg
8cb38cb29b8cb3cc,val,fractured,E:\projects\project-fracture-classification\dataset\Bone_Fracture_Dataset\val\fractured\IMG0002476.jpg
e3a0a8afa4b1afa1,train,fractured,E:\projects\project-fracture-classification\dataset\Bone_Fracture_Dataset\train\fractured\IMG0002489.jpg
e3a0a8afa4b1afa1,val,fractured,E:\projects\project-fracture-classification\dataset\Bone_Fracture_Dataset\val\fractured\IMG0002489.jpg
c3cb3e8e603c8778,train,fractured,E:\projects\project-fracture-classification\dataset\Bone_Fracture_Dataset\train\fractured\IMG0002490.jpg
c3cb3e8e603c8778,val,fractured,E:\projects\project-fracture-classification\dataset\Bone_Fracture_Dataset\val\fractured\IMG0002490.jpg
8eb5b12664a4ad73,train,fractured,E:\projects\project-fracture-classification\dataset\Bone_Fracture_Dataset\train\fractured\IMG0002510.jpg
8eb5b12664a4ad73,val,fractured,E:\projects\project-fracture-classification\dataset\Bone_Fracture_Dataset\val\fractured\IMG0002510.jpg
8e95b1b35a7a64c4,train,fractured,E:\projects\project-fracture-classification\dataset\Bone_Fracture_Dataset\train\fractured\IMG0002511.jpg
8e95b1b35a7a64c4,val,fractured,E:\projects\project-fracture-classification\dataset\Bone_Fracture_Dataset\val\fractured\IMG0002511.jpg
9833dc33cc33db0c,train,fractured,E:\projects\project-fracture-classification\dataset\Bone_Fracture_Dataset\train\fractured\IMG0002514.jpg
9833dc33cc33db0c,val,fractured,E:\projects\project-fracture-classification\dataset\Bone_Fracture_Dataset\val\fractured\IMG0002514.jpg
cc5c9972b94cb34c,train,fractured,E:\projects\project-fracture-classification\dataset\Bone_Fracture_Dataset\train\fractured\IMG0002515.jpg
cc5c9972b94cb34c,val,fractured,E:\projects\project-fracture-classification\dataset\Bone_Fracture_Dataset\val\fractured\IMG0002515.jpg
859a7f685a137a83,train,fractured,E:\projects\project-fracture-classification\dataset\Bone_Fracture_Dataset\train\fractured\IMG0003892.jpg
859a7f685a137a83,val,fractured,E:\projects\project-fracture-classification\dataset\Bone_Fracture_Dataset\val\fractured\IMG0003892.jpg
858b5a601b1f6eb5,train,fractured,E:\projects\project-fracture-classification\dataset\Bone_Fracture_Dataset\train\fractured\IMG0003893.jpg
858b5a601b1f6eb5,val,fractured,E:\projects\project-fracture-classification\dataset\Bone_Fracture_Dataset\val\fractured\IMG0003893.jpg
cee4cd998994919d,train,fractured,E:\projects\project-fracture-classification\dataset\Bone_Fracture_Dataset\train\fractured\ol-11-01-0439-g00.jpg
cee4cd998994919d,val,fractured,E:\projects\project-fracture-classification\dataset\Bone_Fracture_Dataset\val\fractured\ol-11-01-0439-g00.jpg
d8f4e9e3a59b2680,train,fractured,E:\projects\project-fracture-classification\dataset\Bone_Fracture_Dataset\train\fractured\pathfx-R3.jpg
d8f4e9e3a59b2680,val,fractured,E:\projects\project-fracture-classification\dataset\Bone_Fracture_Dataset\val\fractured\pathfx-R3.jpg
94c95a64e6ce9c6c,train,fractured,E:\projects\project-fracture-classification\dataset\Bone_Fracture_Dataset\train\fractured\pathological.jpg
94c95a64e6ce9c6c,val,fractured,E:\projects\project-fracture-classification\dataset\Bone_Fracture_Dataset\val\fractured\pathological.jpg
c2a72d992e5c8b53,train,fractured,E:\projects\project-fracture-classification\dataset\Bone_Fracture_Dataset\train\fractured\tibia20path20fx.jpg
c2a72d992e5c8b53,val,fractured,E:\projects\project-fracture-classification\dataset\Bone_Fracture_Dataset\val\fractured\tibia20path20fx.jpg
9fb003676b6b1a43,train,not fractured,E:\projects\project-fracture-classification\dataset\Bone_Fracture_Dataset\train\not fractured\1-rotated1-rotated1-rotated1 (1).jpg
9fb003676b6b1a43,train,not fractured,E:\projects\project-fracture-classification\dataset\Bone_Fracture_Dataset\train\not fractured\1-rotated1-rotated1-rotated1 (2).jpg
9fb003676b6b1a43,train,not fractured,E:\projects\project-fracture-classification\dataset\Bone_Fracture_Dataset\train\not fractured\1-rotated1-rotated1-rotated1.jpg
9fb003676b6b1a43,val,not fractured,E:\projects\project-fracture-classification\dataset\Bone_Fracture_Dataset\val\not fractured\1-rotated1-rotated1-rotated1.jpg
9ae300707d5c0d7f,train,not fractured,E:\projects\project-fracture-classification\dataset\Bone_Fracture_Dataset\train\not fractured\1-rotated1-rotated1-rotated1-rotated1 (1).jpg
9ae300707d5c0d7f,train,not fractured,E:\projects\project-fracture-classification\dataset\Bone_Fracture_Dataset\train\not fractured\1-rotated1-rotated1-rotated1-rotated1 (2).jpg
9ae300707d5c0d7f,train,not fractured,E:\projects\project-fracture-classification\dataset\Bone_Fracture_Dataset\train\not fractured\1-rotated1-rotated1-rotated1-rotated1.jpg
9ae300707d5c0d7f,val,not fractured,E:\projects\project-fracture-classification\dataset\Bone_Fracture_Dataset\val\not fractured\1-rotated1-rotated1-rotated1-rotated1.jpg
d86f313e0f154a95,train,not fractured,E:\projects\project-fracture-classification\dataset\Bone_Fracture_Dataset\train\not fractured\1-rotated1-rotated2-rotated1 (1).jpg
d86f313e0f154a95,train,not fractured,E:\projects\project-fracture-classification\dataset\Bone_Fracture_Dataset\train\not fractured\1-rotated1-rotated2-rotated1 (2).jpg
d86f313e0f154a95,train,not fractured,E:\projects\project-fracture-classification\dataset\Bone_Fracture_Dataset\train\not fractured\1-rotated1-rotated2-rotated1.jpg
d86f313e0f154a95,train,not fractured,E:\projects\project-fracture-classification\dataset\Bone_Fracture_Dataset\train\not fractured\1-rotated3-rotated2-rotated1 (1).jpg
d86f313e0f154a95,train,not fractured,E:\projects\project-fracture-classification\dataset\Bone_Fracture_Dataset\train\not fractured\1-rotated3-rotated2-rotated1 (2).jpg
d86f313e0f154a95,train,not fractured,E:\projects\project-fracture-classification\dataset\Bone_Fracture_Dataset\train\not fractured\1-rotated3-rotated2-rotated1.jpg
d86f313e0f154a95,val,not fractured,E:\projects\project-fracture-classification\dataset\Bone_Fracture_Dataset\val\not fractured\1-rotated3-rotated2-rotated1.jpg
98ef113e0f154b95,train,not fractured,E:\projects\project-fracture-classification\dataset\Bone_Fracture_Dataset\train\not fractured\1-rotated1-rotated2-rotated2-rotated1 (1).jpg
98ef113e0f154b95,train,not fractured,E:\projects\project-fracture-classification\dataset\Bone_Fracture_Dataset\train\not fractured\1-rotated1-rotated2-rotated2-rotated1 (2).jpg
98ef113e0f154b95,train,not fractured,E:\projects\project-fracture-classification\dataset\Bone_Fracture_Dataset\train\not fractured\1-rotated1-rotated2-rotated2-rotated1.jpg
98ef113e0f154b95,val,not fractured,E:\projects\project-fracture-classification\dataset\Bone_Fracture_Dataset\val\not fractured\1-rotated1-rotated2-rotated2-rotated1.jpg
8db8444b5ec13fe1,train,not fractured,E:\projects\project-fracture-classification\dataset\Bone_Fracture_Dataset\train\not fractured\1-rotated1-rotated2-rotated3 (1).jpg
8db8444b5ec13fe1,train,not fractured,E:\projects\project-fracture-classification\dataset\Bone_Fracture_Dataset\train\not fractured\1-rotated1-rotated2-rotated3 (2).jpg
8db8444b5ec13fe1,train,not fractured,E:\projects\project-fracture-classification\dataset\Bone_Fracture_Dataset\train\not fractured\1-rotated1-rotated2-rotated3.jpg
8db8444b5ec13fe1,val,not fractured,E:\projects\project-fracture-classification\dataset\Bone_Fracture_Dataset\val\not fractured\1-rotated1-rotated2-rotated3.jpg
9ae3103a3c1c0fbf,train,not fractured,E:\projects\project-fracture-classification\dataset\Bone_Fracture_Dataset\train\not fractured\1-rotated2 (1).jpg
9ae3103a3c1c0fbf,train,not fractured,E:\projects\project-fracture-classification\dataset\Bone_Fracture_Dataset\train\not fractured\1-rotated2 (2).jpg
9ae3103a3c1c0fbf,train,not fractured,E:\projects\project-fracture-classification\dataset\Bone_Fracture_Dataset\train\not fractured\1-rotated2.jpg
9ae3103a3c1c0fbf,val,not fractured,E:\projects\project-fracture-classification\dataset\Bone_Fracture_Dataset\val\not fractured\1-rotated2.jpg
9ee203657d6d086b,train,not fractured,E:\projects\project-fracture-classification\dataset\Bone_Fracture_Dataset\train\not fractured\1-rotated2-rotated1 (1).jpg
9ee203657d6d086b,train,not fractured,E:\projects\project-fracture-classification\dataset\Bone_Fracture_Dataset\train\not fractured\1-rotated2-rotated1 (2).jpg
9ee203657d6d086b,train,not fractured,E:\projects\project-fracture-classification\dataset\Bone_Fracture_Dataset\train\not fractured\1-rotated2-rotated1.jpg
9ee203657d6d086b,val,not fractured,E:\projects\project-fracture-classification\dataset\Bone_Fracture_Dataset\val\not fractured\1-rotated2-rotated1.jpg
9ee302617d69087f,train,not fractured,E:\projects\project-fracture-classification\dataset\Bone_Fracture_Dataset\train\not fractured\1-rotated2-rotated2-rotated1-rotated1 (1).jpg
9ee302617d69087f,train,not fractured,E:\projects\project-fracture-classification\dataset\Bone_Fracture_Dataset\train\not fractured\1-rotated2-rotated2-rotated1-rotated1 (2).jpg
9ee302617d69087f,train,not fractured,E:\projects\project-fracture-classification\dataset\Bone_Fracture_Dataset\train\not fractured\1-rotated2-rotated2-rotated1-rotated1.jpg
9ee302617d69087f,val,not fractured,E:\projects\project-fracture-classification\dataset\Bone_Fracture_Dataset\val\not fractured\1-rotated2-rotated2-rotated1-rotated1.jpg
9ee203657d69186b,train,not fractured,E:\projects\project-fracture-classification\dataset\Bone_Fracture_Dataset\train\not fractured\1-rotated2-rotated2-rotated2 (1).jpg
9ee203657d69186b,train,not fractured,E:\projects\project-fracture-classification\dataset\Bone_Fracture_Dataset\train\not fractured\1-rotated2-rotated2-rotated2 (2).jpg
9ee203657d69186b,train,not fractured,E:\projects\project-fracture-classification\dataset\Bone_Fracture_Dataset\train\not fractured\1-rotated2-rotated2-rotated2.jpg
9ee203657d69186b,val,not fractured,E:\projects\project-fracture-classification\dataset\Bone_Fracture_Dataset\val\not fractured\1-rotated2-rotated2-rotated2.jpg
8db0454b4acb7ee1,train,not fractured,E:\projects\project-fracture-classification\dataset\Bone_Fracture_Dataset\train\not fractured\1-rotated2-rotated3-rotated1-rotated1 (1).jpg
8db0454b4acb7ee1,train,not fractured,E:\projects\project-fracture-classification\dataset\Bone_Fracture_Dataset\train\not fractured\1-rotated2-rotated3-rotated1-rotated1 (2).jpg
8db0454b4acb7ee1,train,not fractured,E:\projects\project-fracture-classification\dataset\Bone_Fracture_Dataset\train\not fractured\1-rotated2-rotated3-rotated1-rotated1.jpg
8db0454b4acb7ee1,train,not fractured,E:\projects\project-fracture-classification\dataset\Bone_Fracture_Dataset\train\not fractured\1-rotated3-rotated3-rotated1 (1).jpg
8db0454b4acb7ee1,train,not fractured,E:\projects\project-fracture-classification\dataset\Bone_Fracture_Dataset\train\not fractured\1-rotated3-rotated3-rotated1 (2).jpg
8db0454b4acb7ee1,train,not fractured,E:\projects\project-fracture-classification\dataset\Bone_Fracture_Dataset\train\not fractured\1-rotated3-rotated3-rotated1-rotated1 (1).jpg
8db0454b4acb7ee1,train,not fractured,E:\projects\project-fracture-classification\dataset\Bone_Fracture_Dataset\train\not fractured\1-rotated3-rotated3-rotated1-rotated1 (2).jpg
8db0454b4acb7ee1,train,not fractured,E:\projects\project-fracture-classification\dataset\Bone_Fracture_Dataset\train\not fractured\1-rotated3-rotated3-rotated1-rotated1.jpg
8db0454b4acb7ee1,train,not fractured,E:\projects\project-fracture-classification\dataset\Bone_Fracture_Dataset\train\not fractured\1-rotated3-rotated3-rotated1.jpg
8db0454b4acb7ee1,train,not fractured,E:\projects\project-fracture-classification\dataset\Bone_Fracture_Dataset\train\not fractured\1-rotated3-rotated3-rotated2-rotated1 (1).jpg
8db0454b4acb7ee1,train,not fractured,E:\projects\project-fracture-classification\dataset\Bone_Fracture_Dataset\train\not fractured\1-rotated3-rotated3-rotated2-rotated1 (2).jpg
8db0454b4acb7ee1,train,not fractured,E:\projects\project-fracture-classification\dataset\Bone_Fracture_Dataset\train\not fractured\1-rotated3-rotated3-rotated2-rotated1.jpg
8db0454b4acb7ee1,val,not fractured,E:\projects\project-fracture-classification\dataset\Bone_Fracture_Dataset\val\not fractured\1-rotated3-rotated3-rotated2-rotated1.jpg
8db045474beb7a43,train,not fractured,E:\projects\project-fracture-classification\dataset\Bone_Fracture_Dataset\train\not fractured\1-rotated2-rotated3-rotated3 (1).jpg
8db045474beb7a43,train,not fractured,E:\projects\project-fracture-classification\dataset\Bone_Fracture_Dataset\train\not fractured\1-rotated2-rotated3-rotated3 (2).jpg
8db045474beb7a43,train,not fractured,E:\projects\project-fracture-classification\dataset\Bone_Fracture_Dataset\train\not fractured\1-rotated2-rotated3-rotated3.jpg
8db045474beb7a43,val,not fractured,E:\projects\project-fracture-classification\dataset\Bone_Fracture_Dataset\val\not fractured\1-rotated2-rotated3-rotated3.jpg
9ea603657f69087a,train,not fractured,E:\projects\project-fracture-classification\dataset\Bone_Fracture_Dataset\train\not fractured\1-rotated2-rotated3-rotated3-rotated1 (1).jpg
9ea603657f69087a,train,not fractured,E:\projects\project-fracture-classification\dataset\Bone_Fracture_Dataset\train\not fractured\1-rotated2-rotated3-rotated3-rotated1 (2).jpg
9ea603657f69087a,train,not fractured,E:\projects\project-fracture-classification\dataset\Bone_Fracture_Dataset\train\not fractured\1-rotated2-rotated3-rotated3-rotated1.jpg
9ea603657f69087a,train,not fractured,E:\projects\project-fracture-classification\dataset\Bone_Fracture_Dataset\train\not fractured\1-rotated3-rotated1-rotated3-rotated1 (1).jpg
9ea603657f69087a,train,not fractured,E:\projects\project-fracture-classification\dataset\Bone_Fracture_Dataset\train\not fractured\1-rotated3-rotated1-rotated3-rotated1 (2).jpg
9ea603657f69087a,train,not fractured,E:\projects\project-fracture-classification\dataset\Bone_Fracture_Dataset\train\not fractured\1-rotated3-rotated1-rotated3-rotated1.jpg
9ea603657f69087a,val,not fractured,E:\projects\project-fracture-classification\dataset\Bone_Fracture_Dataset\val\not fractured\1-rotated2-rotated3-rotated3-rotated1.jpg
d94d311c0bb56ab6,train,not fractured,E:\projects\project-fracture-classification\dataset\Bone_Fracture_Dataset\train\not fractured\1-rotated3-rotated2 (1).jpg
d94d311c0bb56ab6,train,not fractured,E:\projects\project-fracture-classification\dataset\Bone_Fracture_Dataset\train\not fractured\1-rotated3-rotated2 (2).jpg
d94d311c0bb56ab6,train,not fractured,E:\projects\project-fracture-classification\dataset\Bone_Fracture_Dataset\train\not fractured\1-rotated3-rotated2.jpg
d94d311c0bb56ab6,val,not fractured,E:\projects\project-fracture-classification\dataset\Bone_Fracture_Dataset\val\not fractured\1-rotated3-rotated2.jpg
8cb8444b5ec13fe9,train,not fractured,E:\projects\project-fracture-classification\dataset\Bone_Fracture_Dataset\train\not fractured\1-rotated3-rotated3-rotated2 (1).jpg
8cb8444b5ec13fe9,train,not fractured,E:\projects\project-fracture-classification\dataset\Bone_Fracture_Dataset\train\not fractured\1-rotated3-rotated3-rotated2 (2).jpg
8cb8444b5ec13fe9,train,not fractured,E:\projects\project-fracture-classification\dataset\Bone_Fracture_Dataset\train\not fractured\1-rotated3-rotated3-rotated2.jpg
8cb8444b5ec13fe9,val,not fractured,E:\projects\project-fracture-classification\dataset\Bone_Fracture_Dataset\val\not fractured\1-rotated3-rotated3-rotated2.jpg
906561361f1f0cf7,train,not fractured,E:\projects\project-fracture-classification\dataset\Bone_Fracture_Dataset\train\not fractured\10-rotated1-rotated3-rotated2-rotated1 (1).jpg
906561361f1f0cf7,train,not fractured,E:\projects\project-fracture-classification\dataset\Bone_Fracture_Dataset\train\not fractured\10-rotated1-rotated3-rotated2-rotated1.jpg
906561361f1f0cf7,val,not fractured,E:\projects\project-fracture-classification\dataset\Bone_Fracture_Dataset\val\not fractured\10-rotated1-rotated3-rotated2-rotated1.jpg
c86e6697639b701c,train,not fractured,E:\projects\project-fracture-classification\dataset\Bone_Fracture_Dataset\train\not fractured\10-rotated2 (1).jpg
c86e6697639b701c,train,not fractured,E:\projects\project-fracture-classification\dataset\Bone_Fracture_Dataset\train\not fractured\10-rotated2-rotated2-rotated1-rotated1 (1).jpg
c86e6697639b701c,train,not fractured,E:\projects\project-fracture-classification\dataset\Bone_Fracture_Dataset\train\not fractured\10-rotated2-rotated2-rotated1-rotated1.jpg
c86e6697639b701c,train,not fractured,E:\projects\project-fracture-classification\dataset\Bone_Fracture_Dataset\train\not fractured\10-rotated2-rotated2-rotated2-rotated1 (1).jpg
c86e6697639b701c,train,not fractured,E:\projects\project-fracture-classification\dataset\Bone_Fracture_Dataset\train\not fractured\10-rotated2-rotated2-rotated2-rotated1.jpg
c86e6697639b701c,train,not fractured,E:\projects\project-fracture-classification\dataset\Bone_Fracture_Dataset\train\not fractured\10-rotated2.jpg
c86e6697639b701c,val,not fractured,E:\projects\project-fracture-classification\dataset\Bone_Fracture_Dataset\val\not fractured\10-rotated2.jpg
906461361f0ecdf7,train,not fractured,E:\projects\project-fracture-classification\dataset\Bone_Fracture_Dataset\train\not fractured\10-rotated3-rotated1-rotated1-rotated1 (1).jpg
906461361f0ecdf7,train,not fractured,E:\projects\project-fracture-classification\dataset\Bone_Fracture_Dataset\train\not fractured\10-rotated3-rotated1-rotated1-rotated1.jpg
906461361f0ecdf7,val,not fractured,E:\projects\project-fracture-classification\dataset\Bone_Fracture_Dataset\val\not fractured\10-rotated3-rotated1-rotated1-rotated1.jpg
ce9853663ce91953,train,not fractured,E:\projects\project-fracture-classification\dataset\Bone_Fracture_Dataset\train\not fractured\12-rotated1-rotated1 (1).jpg
ce9853663ce91953,train,not fractured,E:\projects\project-fracture-classification\dataset\Bone_Fracture_Dataset\train\not fractured\12-rotated1-rotated1.jpg
ce9853663ce91953,train,not fractured,E:\projects\project-fracture-classification\dataset\Bone_Fracture_Dataset\train\not fractured\12-rotated3-rotated2 (1).jpg
ce9853663ce91953,train,not fractured,E:\projects\project-fracture-classification\dataset\Bone_Fracture_Dataset\train\not fractured\12-rotated3-rotated2.jpg
ce9853663ce91953,val,not fractured,E:\projects\project-fracture-classification\dataset\Bone_Fracture_Dataset\val\not fractured\12-rotated3-rotated2.jpg
c09851673de11fe3,train,not fractured,E:\projects\project-fracture-classification\dataset\Bone_Fracture_Dataset\train\not fractured\12-rotated1-rotated1-rotated1 (1).jpg
c09851673de11fe3,train,not fractured,E:\projects\project-fracture-classification\dataset\Bone_Fracture_Dataset\train\not fractured\12-rotated1-rotated1-rotated1.jpg
c09851673de11fe3,train,not fractured,E:\projects\project-fracture-classification\dataset\Bone_Fracture_Dataset\train\not fractured\12-rotated2-rotated1-rotated1 (1).jpg
c09851673de11fe3,train,not fractured,E:\projects\project-fracture-classification\dataset\Bone_Fracture_Dataset\train\not fractured\12-rotated2-rotated1-rotated1.jpg
c09851673de11fe3,val,not fractured,E:\projects\project-fracture-classification\dataset\Bone_Fracture_Dataset\val\not fractured\12-rotated1-rotated1-rotated1.jpg
c0e6133d1f1b3c3c,train,not fractured,E:\projects\project-fracture-classification\dataset\Bone_Fracture_Dataset\train\not fractured\12-rotated1-rotated1-rotated3 (1).jpg
c0e6133d1f1b3c3c,train,not fractured,E:\projects\project-fracture-classification\dataset\Bone_Fracture_Dataset\train\not fractured\12-rotated1-rotated1-rotated3.jpg
c0e6133d1f1b3c3c,train,not fractured,E:\projects\project-fracture-classification\dataset\Bone_Fracture_Dataset\train\not fractured\12-rotated1-rotated3-rotated1 (1).jpg
c0e6133d1f1b3c3c,train,not fractured,E:\projects\project-fracture-classification\dataset\Bone_Fracture_Dataset\train\not fractured\12-rotated1-rotated3-rotated1.jpg
c0e6133d1f1b3c3c,train,not fractured,E:\projects\project-fracture-classification\dataset\Bone_Fracture_Dataset\train\not fractured\12-rotated2-rotated3-rotated3 (1).jpg
c0e6133d1f1b3c3c,train,not fractured,E:\projects\project-fracture-classification\dataset\Bone_Fracture_Dataset\train\not fractured\12-rotated2-rotated3-rotated3.jpg
c0e6133d1f1b3c3c,val,not fractured,E:\projects\project-fracture-classification\dataset\Bone_Fracture_Dataset\val\not fractured\12-rotated1-rotated1-rotated3.jpg
cc9943741c6d3de1,train,not fractured,E:\projects\project-fracture-classification\dataset\Bone_Fracture_Dataset\train\not fractured\12-rotated2-rotated1-rotated3-rotated1 (1).jpg
cc9943741c6d3de1,train,not fractured,E:\projects\project-fracture-classification\dataset\Bone_Fracture_Dataset\train\not fractured\12-rotated2-rotated1-rotated3-rotated1.jpg
cc9943741c6d3de1,val,not fractured,E:\projects\project-fracture-classification\dataset\Bone_Fracture_Dataset\val\not fractured\12-rotated2-rotated1-rotated3-rotated1.jpg
ce9853661ce13bc3,train,not fractured,E:\projects\project-fracture-classification\dataset\Bone_Fracture_Dataset\train\not fractured\12-rotated3-rotated1-rotated3-rotated1 (1).jpg
ce9853661ce13bc3,train,not fractured,E:\projects\project-fracture-classification\dataset\Bone_Fracture_Dataset\train\not fractured\12-rotated3-rotated1-rotated3-rotated1.jpg
ce9853661ce13bc3,val,not fractured,E:\projects\project-fracture-classification\dataset\Bone_Fracture_Dataset\val\not fractured\12-rotated3-rotated1-rotated3-rotated1.jpg
936c669549846fb6,train,not fractured,E:\projects\project-fracture-classification\dataset\Bone_Fracture_Dataset\train\not fractured\13-rotated1-rotated1-rotated2 (1).jpg
936c669549846fb6,train,not fractured,E:\projects\project-fracture-classification\dataset\Bone_Fracture_Dataset\train\not fractured\13-rotated1-rotated1-rotated2.jpg
936c669549846fb6,train,not fractured,E:\projects\project-fracture-classification\dataset\Bone_Fracture_Dataset\train\not fractured\13-rotated3-rotated1-rotated2-rotated1 (1).jpg
936c669549846fb6,train,not fractured,E:\projects\project-fracture-classification\dataset\Bone_Fracture_Dataset\train\not fractured\13-rotated3-rotated1-rotated2-rotated1.jpg
936c669549846fb6,val,not fractured,E:\projects\project-fracture-classification\dataset\Bone_Fracture_Dataset\val\not fractured\13-rotated1-rotated1-rotated2.jpg
993266985bd26ccb,train,not fractured,E:\projects\project-fracture-classification\dataset\Bone_Fracture_Dataset\train\not fractured\13-rotated1-rotated2-rotated3 (1).jpg
993266985bd26ccb,train,not fractured,E:\projects\project-fracture-classification\dataset\Bone_Fracture_Dataset\train\not fractured\13-rotated1-rotated2-rotated3.jpg
993266985bd26ccb,val,not fractured,E:\projects\project-fracture-classification\dataset\Bone_Fracture_Dataset\val\not fractured\13-rotated1-rotated2-rotated3.jpg
9933469bc9924de9,train,not fractured,E:\projects\project-fracture-classification\dataset\Bone_Fracture_Dataset\train\not fractured\13-rotated2-rotated1-rotated3 (1).jpg
9933469bc9924de9,train,not fractured,E:\projects\project-fracture-classification\dataset\Bone_Fracture_Dataset\train\not fractured\13-rotated2-rotated1-rotated3.jpg
9933469bc9924de9,train,not fractured,E:\projects\project-fracture-classification\dataset\Bone_Fracture_Dataset\train\not fractured\13-rotated2-rotated3-rotated1 (1).jpg
9933469bc9924de9,train,not fractured,E:\projects\project-fracture-classification\dataset\Bone_Fracture_Dataset\train\not fractured\13-rotated2-rotated3-rotated1.jpg
9933469bc9924de9,val,not fractured,E:\projects\project-fracture-classification\dataset\Bone_Fracture_Dataset\val\not fractured\13-rotated2-rotated3-rotated1.jpg
99674693c9925c5b,train,not fractured,E:\projects\project-fracture-classification\dataset\Bone_Fracture_Dataset\train\not fractured\13-rotated2-rotated2-rotated3 (1).jpg
99674693c9925c5b,train,not fractured,E:\projects\project-fracture-classification\dataset\Bone_Fracture_Dataset\train\not fractured\13-rotated2-rotated2-rotated3.jpg
99674693c9925c5b,val,not fractured,E:\projects\project-fracture-classification\dataset\Bone_Fracture_Dataset\val\not fractured\13-rotated2-rotated2-rotated3.jpg
954a62b59a4d2b5b,train,not fractured,E:\projects\project-fracture-classification\dataset\Bone_Fracture_Dataset\train\not fractured\13-rotated3-rotated3-rotated1-rotated1 (1).jpg
954a62b59a4d2b5b,train,not fractured,E:\projects\project-fracture-classification\dataset\Bone_Fracture_Dataset\train\not fractured\13-rotated3-rotated3-rotated1-rotated1.jpg
954a62b59a4d2b5b,val,not fractured,E:\projects\project-fracture-classification\dataset\Bone_Fracture_Dataset\val\not fractured\13-rotated3-rotated3-rotated1-rotated1.jpg
997bb3ca30cc618d,train,not fractured,E:\projects\project-fracture-classification\dataset\Bone_Fracture_Dataset\train\not fractured\14-rotated1-rotated3-rotated1-rotated1 (1).jpg
997bb3ca30cc618d,train,not fractured,E:\projects\project-fracture-classification\dataset\Bone_Fracture_Dataset\train\not fractured\14-rotated1-rotated3-rotated1-rotated1.jpg
997bb3ca30cc618d,train,not fractured,E:\projects\project-fracture-classification\dataset\Bone_Fracture_Dataset\train\not fractured\14-rotated2-rotated2-rotated3 (1).jpg
997bb3ca30cc618d,train,not fractured,E:\projects\project-fracture-classification\dataset\Bone_Fracture_Dataset\train\not fractured\14-rotated2-rotated2-rotated3.jpg
997bb3ca30cc618d,val,not fractured,E:\projects\project-fracture-classification\dataset\Bone_Fracture_Dataset\val\not fractured\14-rotated1-rotated3-rotated1-rotated1.jpg
8c4d319a5ba95795,train,not fractured,E:\projects\project-fracture-classification\dataset\Bone_Fracture_Dataset\train\not fractured\14-rotated1-rotated3-rotated2 (1).jpg
8c4d319a5ba95795,train,not fractured,E:\projects\project-fracture-classification\dataset\Bone_Fracture_Dataset\train\not fractured\14-rotated1-rotated3-rotated2.jpg
8c4d319a5ba95795,val,not fractured,E:\projects\project-fracture-classification\dataset\Bone_Fracture_Dataset\val\not fractured\14-rotated1-rotated3-rotated2.jpg
8161719d0e1e1f7e,train,not fractured,E:\projects\project-fracture-classification\dataset\Bone_Fracture_Dataset\train\not fractured\14-rotated2-rotated3 (1).jpg
8161719d0e1e1f7e,train,not fractured,E:\projects\project-fracture-classification\dataset\Bone_Fracture_Dataset\train\not fractured\14-rotated2-rotated3.jpg
8161719d0e1e1f7e,val,not fractured,E:\projects\project-fracture-classification\dataset\Bone_Fracture_Dataset\val\not fractured\14-rotated2-rotated3.jpg
9a324494fded11c7,train,not fractured,E:\projects\project-fracture-classification\dataset\Bone_Fracture_Dataset\train\not fractured\15-rotated1-rotated1 (1).jpg
9a324494fded11c7,train,not fractured,E:\projects\project-fracture-classification\dataset\Bone_Fracture_Dataset\train\not fractured\15-rotated1-rotated1.jpg
9a324494fded11c7,val,not fractured,E:\projects\project-fracture-classification\dataset\Bone_Fracture_Dataset\val\not fractured\15-rotated1-rotated1.jpg
9a3264c979eb5943,train,not fractured,E:\projects\project-fracture-classification\dataset\Bone_Fracture_Dataset\train\not fractured\15-rotated1-rotated1-rotated2 (1).jpg
9a3264c979eb5943,train,not fractured,E:\projects\project-fracture-classification\dataset\Bone_Fracture_Dataset\train\not fractured\15-rotated1-rotated1-rotated2.jpg
9a3264c979eb5943,val,not fractured,E:\projects\project-fracture-classification\dataset\Bone_Fracture_Dataset\val\not fractured\15-rotated1-rotated1-rotated2.jpg
994d659446956e97,train,not fractured,E:\projects\project-fracture-classification\dataset\Bone_Fracture_Dataset\train\not fractured\15-rotated2-rotated1-rotated2-rotated1 (1).jpg
994d659446956e97,train,not fractured,E:\projects\project-fracture-classification\dataset\Bone_Fracture_Dataset\train\not fractured\15-rotated2-rotated1-rotated2-rotated1.jpg
994d659446956e97,val,not fractured,E:\projects\project-fracture-classification\dataset\Bone_Fracture_Dataset\val\not fractured\15-rotated2-rotated1-rotated2-rotated1.jpg
996d25dc4e844f9c,train,not fractured,E:\projects\project-fracture-classification\dataset\Bone_Fracture_Dataset\train\not fractured\15-rotated3-rotated1-rotated1 (1).jpg
996d25dc4e844f9c,train,not fractured,E:\projects\project-fracture-classification\dataset\Bone_Fracture_Dataset\train\not fractured\15-rotated3-rotated1-rotated1.jpg
996d25dc4e844f9c,val,not fractured,E:\projects\project-fracture-classification\dataset\Bone_Fracture_Dataset\val\not fractured\15-rotated3-rotated1-rotated1.jpg
996905dc5f0c4bdc,train,not fractured,E:\projects\project-fracture-classification\dataset\Bone_Fracture_Dataset\train\not fractured\15-rotated3-rotated1-rotated3 (1).jpg
996905dc5f0c4bdc,train,not fractured,E:\projects\project-fracture-classification\dataset\Bone_Fracture_Dataset\train\not fractured\15-rotated3-rotated1-rotated3.jpg
996905dc5f0c4bdc,val,not fractured,E:\projects\project-fracture-classification\dataset\Bone_Fracture_Dataset\val\not fractured\15-rotated3-rotated1-rotated3.jpg
cd19e28efc8c21ce,train,not fractured,E:\projects\project-fracture-classification\dataset\Bone_Fracture_Dataset\train\not fractured\16-rotated1-rotated1-rotated1-rotated1 (1).jpg
cd19e28efc8c21ce,train,not fractured,E:\projects\project-fracture-classification\dataset\Bone_Fracture_Dataset\train\not fractured\16-rotated1-rotated1-rotated1-rotated1.jpg
cd19e28efc8c21ce,val,not fractured,E:\projects\project-fracture-classification\dataset\Bone_Fracture_Dataset\val\not fractured\16-rotated1-rotated1-rotated1-rotated1.jpg
d29232e609fb7e41,train,not fractured,E:\projects\project-fracture-classification\dataset\Bone_Fracture_Dataset\train\not fractured\16-rotated1-rotated2-rotated2 (1).jpg
d29232e609fb7e41,train,not fractured,E:\projects\project-fracture-classification\dataset\Bone_Fracture_Dataset\train\not fractured\16-rotated1-rotated2-rotated2.jpg
d29232e609fb7e41,train,not fractured,E:\projects\project-fracture-classification\dataset\Bone_Fracture_Dataset\train\not fractured\16-rotated2-rotated2-rotated3 (1).jpg
d29232e609fb7e41,train,not fractured,E:\projects\project-fracture-classification\dataset\Bone_Fracture_Dataset\train\not fractured\16-rotated2-rotated2-rotated3.jpg
d29232e609fb7e41,val,not fractured,E:\projects\project-fracture-classification\dataset\Bone_Fracture_Dataset\val\not fractured\16-rotated1-rotated2-rotated2.jpg
d91b32c41df81de1,train,not fractured,E:\projects\project-fracture-classification\dataset\Bone_Fracture_Dataset\train\not fractured\16-rotated1-rotated2-rotated3 (1).jpg
d91b32c41df81de1,train,not fractured,E:\projects\project-fracture-classification\dataset\Bone_Fracture_Dataset\train\not fractured\16-rotated1-rotated2-rotated3.jpg
d91b32c41df81de1,train,not fractured,E:\projects\project-fracture-classification\dataset\Bone_Fracture_Dataset\train\not fractured\16-rotated3-rotated2-rotated1 (1).jpg
d91b32c41df81de1,train,not fractured,E:\projects\project-fracture-classification\dataset\Bone_Fracture_Dataset\train\not fractured\16-rotated3-rotated2-rotated1.jpg
d91b32c41df81de1,val,not fractured,E:\projects\project-fracture-classification\dataset\Bone_Fracture_Dataset\val\not fractured\16-rotated3-rotated2-rotated1.jpg
cd1862ce668c63de,train,not fractured,E:\projects\project-fracture-classification\dataset\Bone_Fracture_Dataset\train\not fractured\16-rotated1-rotated3-rotated1 (1).jpg
cd1862ce668c63de,train,not fractured,E:\projects\project-fracture-classification\dataset\Bone_Fracture_Dataset\train\not fractured\16-rotated1-rotated3-rotated1.jpg
cd1862ce668c63de,train,not fractured,E:\projects\project-fracture-classification\dataset\Bone_Fracture_Dataset\train\not fractured\16-rotated2-rotated2-rotated2-rotated1 (1).jpg
cd1862ce668c63de,train,not fractured,E:\projects\project-fracture-classification\dataset\Bone_Fracture_Dataset\train\not fractured\16-rotated2-rotated2-rotated2-rotated1.jpg
cd1862ce668c63de,val,not fractured,E:\projects\project-fracture-classification\dataset\Bone_Fracture_Dataset\val\not fractured\16-rotated2-rotated2-rotated2-rotated1.jpg
c91962ce7c8c15ee,train,not fractured,E:\projects\project-fracture-classification\dataset\Bone_Fracture_Dataset\train\not fractured\16-rotated2-rotated2-rotated2 (1).jpg
c91962ce7c8c15ee,train,not fractured,E:\projects\project-fracture-classification\dataset\Bone_Fracture_Dataset\train\not fractured\16-rotated2-rotated2-rotated2.jpg
c91962ce7c8c15ee,val,not fractured,E:\projects\project-fracture-classification\dataset\Bone_Fracture_Dataset\val\not fractured\16-rotated2-rotated2-rotated2.jpg
d21232e60dfb7d41,train,not fractured,E:\projects\project-fracture-classification\dataset\Bone_Fracture_Dataset\train\not fractured\16-rotated3-rotated3-rotated1 (1).jpg
d21232e60dfb7d41,train,not fractured,E:\projects\project-fracture-classification\dataset\Bone_Fracture_Dataset\train\not fractured\16-rotated3-rotated3-rotated1.jpg
d21232e60dfb7d41,val,not fractured,E:\projects\project-fracture-classification\dataset\Bone_Fracture_Dataset\val\not fractured\16-rotated3-rotated3-rotated1.jpg
9634c99ae6da0cd9,train,not fractured,E:\projects\project-fracture-classification\dataset\Bone_Fracture_Dataset\train\not fractured\17-rotated1-rotated2-rotated2-rotated1 (1).jpg
9634c99ae6da0cd9,train,not fractured,E:\projects\project-fracture-classification\dataset\Bone_Fracture_Dataset\train\not fractured\17-rotated1-rotated2-rotated2-rotated1.jpg
9634c99ae6da0cd9,val,not fractured,E:\projects\project-fracture-classification\dataset\Bone_Fracture_Dataset\val\not fractured\17-rotated1-rotated2-rotated2-rotated1.jpg
953549da16c93aea,train,not fractured,E:\projects\project-fracture-classification\dataset\Bone_Fracture_Dataset\train\not fractured\17-rotated1-rotated3-rotated1 (1).jpg
953549da16c93aea,train,not fractured,E:\projects\project-fracture-classification\dataset\Bone_Fracture_Dataset\train\not fractured\17-rotated1-rotated3-rotated1.jpg
953549da16c93aea,val,not fractured,E:\projects\project-fracture-classification\dataset\Bone_Fracture_Dataset\val\not fractured\17-rotated1-rotated3-rotated1.jpg
952549da16dd1eca,train,not fractured,E:\projects\project-fracture-classification\dataset\Bone_Fracture_Dataset\train\not fractured\17-rotated2-rotated2-rotated3 (1).jpg
952549da16dd1eca,train,not fractured,E:\projects\project-fracture-classification\dataset\Bone_Fracture_Dataset\train\not fractured\17-rotated2-rotated2-rotated3.jpg
952549da16dd1eca,val,not fractured,E:\projects\project-fracture-classification\dataset\Bone_Fracture_Dataset\val\not fractured\17-rotated2-rotated2-rotated3.jpg
9634c99ae6da0ec9,train,not fractured,E:\projects\project-fracture-classification\dataset\Bone_Fracture_Dataset\train\not fractured\17-rotated2-rotated3-rotated3-rotated1 (1).jpg
9634c99ae6da0ec9,train,not fractured,E:\projects\project-fracture-classification\dataset\Bone_Fracture_Dataset\train\not fractured\17-rotated2-rotated3-rotated3-rotated1.jpg
9634c99ae6da0ec9,val,not fractured,E:\projects\project-fracture-classification\dataset\Bone_Fracture_Dataset\val\not fractured\17-rotated2-rotated3-rotated3-rotated1.jpg
9b6d24d9b69980da,train,not fractured,E:\projects\project-fracture-classification\dataset\Bone_Fracture_Dataset\train\not fractured\18 (1).jpg
9b6d24d9b69980da,train,not fractured,E:\projects\project-fracture-classification\dataset\Bone_Fracture_Dataset\train\not fractured\18.jpg
9b6d24d9b69980da,val,not fractured,E:\projects\project-fracture-classification\dataset\Bone_Fracture_Dataset\val\not fractured\18.jpg
934964da6d9249b7,train,not fractured,E:\projects\project-fracture-classification\dataset\Bone_Fracture_Dataset\train\not fractured\18-rotated1 (1).jpg
934964da6d9249b7,train,not fractured,E:\projects\project-fracture-classification\dataset\Bone_Fracture_Dataset\train\not fractured\18-rotated1.jpg
934964da6d9249b7,val,not fractured,E:\projects\project-fracture-classification\dataset\Bone_Fracture_Dataset\val\not fractured\18-rotated1.jpg
c33c61cf3ae60cb1,train,not fractured,E:\projects\project-fracture-classification\dataset\Bone_Fracture_Dataset\train\not fractured\18-rotated1-rotated3-rotated2-rotated1 (1).jpg
c33c61cf3ae60cb1,train,not fractured,E:\projects\project-fracture-classification\dataset\Bone_Fracture_Dataset\train\not fractured\18-rotated1-rotated3-rotated2-rotated1.jpg
c33c61cf3ae60cb1,val,not fractured,E:\projects\project-fracture-classification\dataset\Bone_Fracture_Dataset\val\not fractured\18-rotated1-rotated3-rotated2-rotated1.jpg
964964b64bb55aa5,train,not fractured,E:\projects\project-fracture-classification\dataset\Bone_Fracture_Dataset\train\not fractured\18-rotated2-rotated1-rotated1-rotated1 (1).jpg
964964b64bb55aa5,train,not fractured,E:\projects\project-fracture-classification\dataset\Bone_Fracture_Dataset\train\not fractured\18-rotated2-rotated1-rotated1-rotated1.jpg
964964b64bb55aa5,train,not fractured,E:\projects\project-fracture-classification\dataset\Bone_Fracture_Dataset\train\not fractured\18-rotated3-rotated3-rotated2-rotated1 (1).jpg
964964b64bb55aa5,train,not fractured,E:\projects\project-fracture-classification\dataset\Bone_Fracture_Dataset\train\not fractured\18-rotated3-rotated3-rotated2-rotated1.jpg
964964b64bb55aa5,val,not fractured,E:\projects\project-fracture-classification\dataset\Bone_Fracture_Dataset\val\not fractured\18-rotated2-rotated1-rotated1-rotated1.jpg
9b6605cdb3fd1601,train,not fractured,E:\projects\project-fracture-classification\dataset\Bone_Fracture_Dataset\train\not fractured\18-rotated3 (1).jpg
9b6605cdb3fd1601,train,not fractured,E:\projects\project-fracture-classification\dataset\Bone_Fracture_Dataset\train\not fractured\18-rotated3.jpg
9b6605cdb3fd1601,val,not fractured,E:\projects\project-fracture-classification\dataset\Bone_Fracture_Dataset\val\not fractured\18-rotated3.jpg
9b6c24d9f6d90493,train,not fractured,E:\projects\project-fracture-classification\dataset\Bone_Fracture_Dataset\train\not fractured\18-rotated3-rotated1 (1).jpg
9b6c24d9f6d90493,train,not fractured,E:\projects\project-fracture-classification\dataset\Bone_Fracture_Dataset\train\not fractured\18-rotated3-rotated1.jpg
9b6c24d9f6d90493,val,not fractured,E:\projects\project-fracture-classification\dataset\Bone_Fracture_Dataset\val\not fractured\18-rotated3-rotated1.jpg
cc3126c67c676c4d,train,not fractured,E:\projects\project-fracture-classification\dataset\Bone_Fracture_Dataset\train\not fractured\19-rotated1-rotated1 (1).jpg
cc3126c67c676c4d,train,not fractured,E:\projects\project-fracture-classification\dataset\Bone_Fracture_Dataset\train\not fractured\19-rotated1-rotated1.jpg
cc3126c67c676c4d,train,not fractured,E:\projects\project-fracture-classification\dataset\Bone_Fracture_Dataset\train\not fractured\19-rotated3-rotated3-rotated1-rotated1 (1).jpg
cc3126c67c676c4d,train,not fractured,E:\projects\project-fracture-classification\dataset\Bone_Fracture_Dataset\train\not fractured\19-rotated3-rotated3-rotated1-rotated1.jpg
cc3126c67c676c4d,val,not fractured,E:\projects\project-fracture-classification\dataset\Bone_Fracture_Dataset\val\not fractured\19-rotated1-rotated1.jpg
cc3313e6f966216c,train,not fractured,E:\projects\project-fracture-classification\dataset\Bone_Fracture_Dataset\train\not fractured\19-rotated1-rotated2-rotated1 (1).jpg
cc3313e6f966216c,train,not fractured,E:\projects\project-fracture-classification\dataset\Bone_Fracture_Dataset\train\not fractured\19-rotated1-rotated2-rotated1.jpg
cc3313e6f966216c,val,not fractured,E:\projects\project-fracture-classification\dataset\Bone_Fracture_Dataset\val\not fractured\19-rotated1-rotated2-rotated1.jpg
c13c33c70e692fe4,train,not fractured,E:\projects\project-fracture-classification\dataset\Bone_Fracture_Dataset\train\not fractured\19-rotated1-rotated3 (1).jpg
c13c33c70e692fe4,train,not fractured,E:\projects\project-fracture-classification\dataset\Bone_Fracture_Dataset\train\not fractured\19-rotated1-rotated3.jpg
c13c33c70e692fe4,train,not fractured,E:\projects\project-fracture-classification\dataset\Bone_Fracture_Dataset\train\not fractured\19-rotated3-rotated2-rotated1-rotated1 (1).jpg
c13c33c70e692fe4,train,not fractured,E:\projects\project-fracture-classification\dataset\Bone_Fracture_Dataset\train\not fractured\19-rotated3-rotated2-rotated1-rotated1.jpg
c13c33c70e692fe4,train,not fractured,E:\projects\project-fracture-classification\dataset\Bone_Fracture_Dataset\train\not fractured\19-rotated3-rotated2-rotated3-rotated1 (1).jpg
c13c33c70e692fe4,train,not fractured,E:\projects\project-fracture-classification\dataset\Bone_Fracture_Dataset\train\not fractured\19-rotated3-rotated2-rotated3-rotated1.jpg
c13c33c70e692fe4,val,not fractured,E:\projects\project-fracture-classification\dataset\Bone_Fracture_Dataset\val\not fractured\19-rotated3-rotated2-rotated3-rotated1.jpg
cc3126c67c676d4c,train,not fractured,E:\projects\project-fracture-classification\dataset\Bone_Fracture_Dataset\train\not fractured\19-rotated2-rotated1-rotated3 (1).jpg
cc3126c67c676d4c,train,not fractured,E:\projects\project-fracture-classification\dataset\Bone_Fracture_Dataset\train\not fractured\19-rotated2-rotated1-rotated3.jpg
cc3126c67c676d4c,val,not fractured,E:\projects\project-fracture-classification\dataset\Bone_Fracture_Dataset\val\not fractured\19-rotated2-rotated1-rotated3.jpg
ce3926c65c676c4c,train,not fractured,E:\projects\project-fracture-classification\dataset\Bone_Fracture_Dataset\train\not fractured\19-rotated2-rotated2-rotated1-rotated1 (1).jpg
ce3926c65c676c4c,train,not fractured,E:\projects\project-fracture-classification\dataset\Bone_Fracture_Dataset\train\not fractured\19-rotated2-rotated2-rotated1-rotated1.jpg
ce3926c65c676c4c,val,not fractured,E:\projects\project-fracture-classification\dataset\Bone_Fracture_Dataset\val\not fractured\19-rotated2-rotated2-rotated1-rotated1.jpg
986433d936987d93,train,not fractured,E:\projects\project-fracture-classification\dataset\Bone_Fracture_Dataset\train\not fractured\19-rotated3-rotated2 (1).jpg
986433d936987d93,train,not fractured,E:\projects\project-fracture-classification\dataset\Bone_Fracture_Dataset\train\not fractured\19-rotated3-rotated2.jpg
986433d936987d93,val,not fractured,E:\projects\project-fracture-classification\dataset\Bone_Fracture_Dataset\val\not fractured\19-rotated3-rotated2.jpg
8d3864eb5a423fe1,train,not fractured,E:\projects\project-fracture-classification\dataset\Bone_Fracture_Dataset\train\not fractured\2-rotated1-rotated1-rotated2-rotated1 (1).jpg
8d3864eb5a423fe1,train,not fractured,E:\projects\project-fracture-classification\dataset\Bone_Fracture_Dataset\train\not fractured\2-rotated1-rotated1-rotated2-rotated1 (2).jpg
8d3864eb5a423fe1,train,not fractured,E:\projects\project-fracture-classification\dataset\Bone_Fracture_Dataset\train\not fractured\2-rotated1-rotated1-rotated2-rotated1.jpg
8d3864eb5a423fe1,train,not fractured,E:\projects\project-fracture-classification\dataset\Bone_Fracture_Dataset\train\not fractured\2-rotated2-rotated2 (1).jpg
8d3864eb5a423fe1,train,not fractured,E:\projects\project-fracture-classification\dataset\Bone_Fracture_Dataset\train\not fractured\2-rotated2-rotated2 (2).jpg
8d3864eb5a423fe1,train,not fractured,E:\projects\project-fracture-classification\dataset\Bone_Fracture_Dataset\train\not fractured\2-rotated2-rotated2.jpg
8d3864eb5a423fe1,val,not fractured,E:\projects\project-fracture-classification\dataset\Bone_Fracture_Dataset\val\not fractured\2-rotated1-rotated1-rotated2-rotated1.jpg
813b77c41fa67843,train,not fractured,E:\projects\project-fracture-classification\dataset\Bone_Fracture_Dataset\train\not fractured\2-rotated1-rotated1-rotated3 (1).jpg
813b77c41fa67843,train,not fractured,E:\projects\project-fracture-classification\dataset\Bone_Fracture_Dataset\train\not fractured\2-rotated1-rotated1-rotated3 (2).jpg
813b77c41fa67843,train,not fractured,E:\projects\project-fracture-classification\dataset\Bone_Fracture_Dataset\train\not fractured\2-rotated1-rotated1-rotated3.jpg
813b77c41fa67843,val,not fractured,E:\projects\project-fracture-classification\dataset\Bone_Fracture_Dataset\val\not fractured\2-rotated1-rotated1-rotated3.jpg
99cd111e1b952bb5,train,not fractured,E:\projects\project-fracture-classification\dataset\Bone_Fracture_Dataset\train\not fractured\2-rotated1-rotated3 (1).jpg
99cd111e1b952bb5,train,not fractured,E:\projects\project-fracture-classification\dataset\Bone_Fracture_Dataset\train\not fractured\2-rotated1-rotated3 (2).jpg
99cd111e1b952bb5,train,not fractured,E:\projects\project-fracture-classification\dataset\Bone_Fracture_Dataset\train\not fractured\2-rotated1-rotated3.jpg
99cd111e1b952bb5,train,not fractured,E:\projects\project-fracture-classification\dataset\Bone_Fracture_Dataset\train\not fractured\2-rotated2-rotated2-rotated1-rotated1 (1).jpg
99cd111e1b952bb5,train,not fractured,E:\projects\project-fracture-classification\dataset\Bone_Fracture_Dataset\train\not fractured\2-rotated2-rotated2-rotated1-rotated1 (2).jpg
99cd111e1b952bb5,train,not fractured,E:\projects\project-fracture-classification\dataset\Bone_Fracture_Dataset\train\not fractured\2-rotated2-rotated2-rotated1-rotated1.jpg
99cd111e1b952bb5,val,not fractured,E:\projects\project-fracture-classification\dataset\Bone_Fracture_Dataset\val\not fractured\2-rotated1-rotated3.jpg
99ed111a1b9e2bb4,train,not fractured,E:\projects\project-fracture-classification\dataset\Bone_Fracture_Dataset\train\not fractured\2-rotated1-rotated3-rotated1 (1).jpg
99ed111a1b9e2bb4,train,not fractured,E:\projects\project-fracture-classification\dataset\Bone_Fracture_Dataset\train\not fractured\2-rotated1-rotated3-rotated1 (2).jpg
99ed111a1b9e2bb4,train,not fractured,E:\projects\project-fracture-classification\dataset\Bone_Fracture_Dataset\train\not fractured\2-rotated1-rotated3-rotated1.jpg
99ed111a1b9e2bb4,val,not fractured,E:\projects\project-fracture-classification\dataset\Bone_Fracture_Dataset\val\not fractured\2-rotated1-rotated3-rotated1.jpg
8d3247672b49796a,train,not fractured,E:\projects\project-fracture-classification\dataset\Bone_Fracture_Dataset\train\not fractured\2-rotated2-rotated1-rotated1-rotated1 (1).jpg
8d3247672b49796a,train,not fractured,E:\projects\project-fracture-classification\dataset\Bone_Fracture_Dataset\train\not fractured\2-rotated2-rotated1-rotated1-rotated1 (2).jpg
8d3247672b49796a,train,not fractured,E:\projects\project-fracture-classification\dataset\Bone_Fracture_Dataset\train\not fractured\2-rotated2-rotated1-rotated1-rotated1.jpg
8d3247672b49796a,val,not fractured,E:\projects\project-fracture-classification\dataset\Bone_Fracture_Dataset\val\not fractured\2-rotated2-rotated1-rotated1-rotated1.jpg
9ae756332a385d54,train,not fractured,E:\projects\project-fracture-classification\dataset\Bone_Fracture_Dataset\train\not fractured\2-rotated2-rotated1-rotated2 (1).jpg
9ae756332a385d54,train,not fractured,E:\projects\project-fracture-classification\dataset\Bone_Fracture_Dataset\train\not fractured\2-rotated2-rotated1-rotated2 (2).jpg
9ae756332a385d54,train,not fractured,E:\projects\project-fracture-classification\dataset\Bone_Fracture_Dataset\train\not fractured\2-rotated2-rotated1-rotated2.jpg
9ae756332a385d54,val,not fractured,E:\projects\project-fracture-classification\dataset\Bone_Fracture_Dataset\val\not fractured\2-rotated2-rotated1-rotated2.jpg
84cd26974afb6916,train,not fractured,E:\projects\project-fracture-classification\dataset\Bone_Fracture_Dataset\train\not fractured\2-rotated2-rotated2-rotated3 (1).jpg
84cd26974afb6916,train,not fractured,E:\projects\project-fracture-classification\dataset\Bone_Fracture_Dataset\train\not fractured\2-rotated2-rotated2-rotated3 (2).jpg
84cd26974afb6916,train,not fractured,E:\projects\project-fracture-classification\dataset\Bone_Fracture_Dataset\train\not fractured\2-rotated2-rotated2-rotated3.jpg
84cd26974afb6916,val,not fractured,E:\projects\project-fracture-classification\dataset\Bone_Fracture_Dataset\val\not fractured\2-rotated2-rotated2-rotated3.jpg
95cc371e4a9568b6,train,not fractured,E:\projects\project-fracture-classification\dataset\Bone_Fracture_Dataset\train\not fractured\2-rotated2-rotated2-rotated3-rotated1 (1).jpg
95cc371e4a9568b6,train,not fractured,E:\projects\project-fracture-classification\dataset\Bone_Fracture_Dataset\train\not fractured\2-rotated2-rotated2-rotated3-rotated1 (2).jpg
95cc371e4a9568b6,train,not fractured,E:\projects\project-fracture-classification\dataset\Bone_Fracture_Dataset\train\not fractured\2-rotated2-rotated2-rotated3-rotated1.jpg
95cc371e4a9568b6,val,not fractured,E:\projects\project-fracture-classification\dataset\Bone_Fracture_Dataset\val\not fractured\2-rotated2-rotated2-rotated3-rotated1.jpg
8d39644b5ec03fe1,train,not fractured,E:\projects\project-fracture-classification\dataset\Bone_Fracture_Dataset\train\not fractured\2-rotated2-rotated3-rotated1 (1).jpg
8d39644b5ec03fe1,train,not fractured,E:\projects\project-fracture-classification\dataset\Bone_Fracture_Dataset\train\not fractured\2-rotated2-rotated3-rotated1 (2).jpg
8d39644b5ec03fe1,train,not fractured,E:\projects\project-fracture-classification\dataset\Bone_Fracture_Dataset\train\not fractured\2-rotated2-rotated3-rotated1.jpg
8d39644b5ec03fe1,train,not fractured,E:\projects\project-fracture-classification\dataset\Bone_Fracture_Dataset\train\not fractured\2-rotated3-rotated1-rotated1 (1).jpg
8d39644b5ec03fe1,train,not fractured,E:\projects\project-fracture-classification\dataset\Bone_Fracture_Dataset\train\not fractured\2-rotated3-rotated1-rotated1 (2).jpg
8d39644b5ec03fe1,train,not fractured,E:\projects\project-fracture-classification\dataset\Bone_Fracture_Dataset\train\not fractured\2-rotated3-rotated1-rotated1.jpg
8d39644b5ec03fe1,val,not fractured,E:\projects\project-fracture-classification\dataset\Bone_Fracture_Dataset\val\not fractured\2-rotated3-rotated1-rotated1.jpg
94cc26154abb7c76,train,not fractured,E:\projects\project-fracture-classification\dataset\Bone_Fracture_Dataset\train\not fractured\2-rotated3-rotated1 (1).jpg
94cc26154abb7c76,train,not fractured,E:\projects\project-fracture-classification\dataset\Bone_Fracture_Dataset\train\not fractured\2-rotated3-rotated1 (2).jpg
94cc26154abb7c76,train,not fractured,E:\projects\project-fracture-classification\dataset\Bone_Fracture_Dataset\train\not fractured\2-rotated3-rotated1.jpg
94cc26154abb7c76,val,not fractured,E:\projects\project-fracture-classification\dataset\Bone_Fracture_Dataset\val\not fractured\2-rotated3-rotated1.jpg
99ed11121bbe2b96,train,not fractured,E:\projects\project-fracture-classification\dataset\Bone_Fracture_Dataset\train\not fractured\2-rotated3-rotated3-rotated3-rotated1 (1).jpg
99ed11121bbe2b96,train,not fractured,E:\projects\project-fracture-classification\dataset\Bone_Fracture_Dataset\train\not fractured\2-rotated3-rotated3-rotated3-rotated1 (2).jpg
99ed11121bbe2b96,train,not fractured,E:\projects\project-fracture-classification\dataset\Bone_Fracture_Dataset\train\not fractured\2-rotated3-rotated3-rotated3-rotated1.jpg
99ed11121bbe2b96,val,not fractured,E:\projects\project-fracture-classification\dataset\Bone_Fracture_Dataset\val\not fractured\2-rotated3-rotated3-rotated3-rotated1.jpg
d91964cc1fec1f06,train,not fractured,E:\projects\project-fracture-classification\dataset\Bone_Fracture_Dataset\train\not fractured\20-rotated1-rotated1-rotated2-rotated1 (1).jpg
d91964cc1fec1f06,train,not fractured,E:\projects\project-fracture-classification\dataset\Bone_Fracture_Dataset\train\not fractured\20-rotated1-rotated1-rotated2-rotated1.jpg
d91964cc1fec1f06,train,not fractured,E:\projects\project-fracture-classification\dataset\Bone_Fracture_Dataset\train\not fractured\20-rotated3-rotated3-rotated1-rotated1 (1).jpg
d91964cc1fec1f06,train,not fractured,E:\projects\project-fracture-classification\dataset\Bone_Fracture_Dataset\train\not fractured\20-rotated3-rotated3-rotated1-rotated1.jpg
d91964cc1fec1f06,val,not fractured,E:\projects\project-fracture-classification\dataset\Bone_Fracture_Dataset\val\not fractured\20-rotated3-rotated3-rotated1-rotated1.jpg
c90e669e36c03fe4,train,not fractured,E:\projects\project-fracture-classification\dataset\Bone_Fracture_Dataset\train\not fractured\20-rotated1-rotated2-rotated1-rotated1 (1).jpg
c90e669e36c03fe4,train,not fractured,E:\projects\project-fracture-classification\dataset\Bone_Fracture_Dataset\train\not fractured\20-rotated1-rotated2-rotated1-rotated1.jpg
c90e669e36c03fe4,val,not fractured,E:\projects\project-fracture-classification\dataset\Bone_Fracture_Dataset\val\not fractured\20-rotated1-rotated2-rotated1-rotated1.jpg
c90e669e37c03be4,train,not fractured,E:\projects\project-fracture-classification\dataset\Bone_Fracture_Dataset\train\not fractured\20-rotated1-rotated2-rotated2 (1).jpg
c90e669e37c03be4,train,not fractured,E:\projects\project-fracture-classification\dataset\Bone_Fracture_Dataset\train\not fractured\20-rotated1-rotated2-rotated2.jpg
c90e669e37c03be4,val,not fractured,E:\projects\project-fracture-classification\dataset\Bone_Fracture_Dataset\val\not fractured\20-rotated1-rotated2-rotated2.jpg
da1226cd1b03e87f,train,not fractured,E:\projects\project-fracture-classification\dataset\Bone_Fracture_Dataset\train\not fractured\20-rotated2-rotated3-rotated3 (1).jpg
da1226cd1b03e87f,train,not fractured,E:\projects\project-fracture-classification\dataset\Bone_Fracture_Dataset\train\not fractured\20-rotated2-rotated3-rotated3.jpg
da1226cd1b03e87f,val,not fractured,E:\projects\project-fracture-classification\dataset\Bone_Fracture_Dataset\val\not fractured\20-rotated2-rotated3-rotated3.jpg
d6b626cc7b1b4078,train,not fractured,E:\projects\project-fracture-classification\dataset\Bone_Fracture_Dataset\train\not fractured\20-rotated3-rotated3-rotated3-rotated1 (1).jpg
d6b626cc7b1b4078,train,not fractured,E:\projects\project-fracture-classification\dataset\Bone_Fracture_Dataset\train\not fractured\20-rotated3-rotated3-rotated3-rotated1.jpg
d6b626cc7b1b4078,val,not fractured,E:\projects\project-fracture-classification\dataset\Bone_Fracture_Dataset\val\not fractured\20-rotated3-rotated3-rotated3-rotated1.jpg
96cf66323bb11ab0,train,not fractured,E:\projects\project-fracture-classification\dataset\Bone_Fracture_Dataset\train\not fractured\21-rotated1-rotated3-rotated1-rotated1 (1).jpg
96cf66323bb11ab0,train,not fractured,E:\projects\project-fracture-classification\dataset\Bone_Fracture_Dataset\train\not fractured\21-rotated1-rotated3-rotated1-rotated1.jpg
96cf66323bb11ab0,val,not fractured,E:\projects\project-fracture-classification\dataset\Bone_Fracture_Dataset\val\not fractured\21-rotated1-rotated3-rotated1-rotated1.jpg
96cd66323bb04bb4,train,not fractured,E:\projects\project-fracture-classification\dataset\Bone_Fracture_Dataset\train\not fractured\21-rotated1-rotated3-rotated2 (1).jpg
96cd66323bb04bb4,train,not fractured,E:\projects\project-fracture-classification\dataset\Bone_Fracture_Dataset\train\not fractured\21-rotated1-rotated3-rotated2.jpg
96cd66323bb04bb4,val,not fractured,E:\projects\project-fracture-classification\dataset\Bone_Fracture_Dataset\val\not fractured\21-rotated1-rotated3-rotated2.jpg
99cc4c7233b2ee16,train,not fractured,E:\projects\project-fracture-classification\dataset\Bone_Fracture_Dataset\train\not fractured\21-rotated2-rotated3-rotated3 (1).jpg
99cc4c7233b2ee16,train,not fractured,E:\projects\project-fracture-classification\dataset\Bone_Fracture_Dataset\train\not fractured\21-rotated2-rotated3-rotated3.jpg
99cc4c7233b2ee16,val,not fractured,E:\projects\project-fracture-classification\dataset\Bone_Fracture_Dataset\val\not fractured\21-rotated2-rotated3-rotated3.jpg
999d8d733301ec2e,train,not fractured,E:\projects\project-fracture-classification\dataset\Bone_Fracture_Dataset\train\not fractured\21-rotated3 (1).jpg
999d8d733301ec2e,train,not fractured,E:\projects\project-fracture-classification\dataset\Bone_Fracture_Dataset\train\not fractured\21-rotated3.jpg
999d8d733301ec2e,val,not fractured,E:\projects\project-fracture-classification\dataset\Bone_Fracture_Dataset\val\not fractured\21-rotated3.jpg
cca28377f73000fd,train,not fractured,E:\projects\project-fracture-classification\dataset\Bone_Fracture_Dataset\train\not fractured\22 (1).jpg
cca28377f73000fd,train,not fractured,E:\projects\project-fracture-classification\dataset\Bone_Fracture_Dataset\train\not fractured\22.jpg
cca28377f73000fd,val,not fractured,E:\projects\project-fracture-classification\dataset\Bone_Fracture_Dataset\val\not fractured\22.jpg
ccb202767f6d0879,train,not fractured,E:\projects\project-fracture-classification\dataset\Bone_Fracture_Dataset\train\not fractured\22-rotated1-rotated1-rotated3-rotated1 (1).jpg
ccb202767f6d0879,train,not fractured,E:\projects\project-fracture-classification\dataset\Bone_Fracture_Dataset\train\not fractured\22-rotated1-rotated1-rotated3-rotated1.jpg
ccb202767f6d0879,val,not fractured,E:\projects\project-fracture-classification\dataset\Bone_Fracture_Dataset\val\not fractured\22-rotated1-rotated1-rotated3-rotated1.jpg
ccb703367f38083d,train,not fractured,E:\projects\project-fracture-classification\dataset\Bone_Fracture_Dataset\train\not fractured\22-rotated2-rotated1-rotated2 (1).jpg
ccb703367f38083d,train,not fractured,E:\projects\project-fracture-classification\dataset\Bone_Fracture_Dataset\train\not fractured\22-rotated2-rotated1-rotated2-rotated1 (1).jpg
ccb703367f38083d,train,not fractured,E:\projects\project-fracture-classification\dataset\Bone_Fracture_Dataset\train\not fractured\22-rotated2-rotated1-rotated2-rotated1.jpg
ccb703367f38083d,train,not fractured,E:\projects\project-fracture-classification\dataset\Bone_Fracture_Dataset\train\not fractured\22-rotated2-rotated1-rotated2.jpg
ccb703367f38083d,val,not fractured,E:\projects\project-fracture-classification\dataset\Bone_Fracture_Dataset\val\not fractured\22-rotated2-rotated1-rotated2-rotated1.jpg
ccb703367f38083d,val,not fractured,E:\projects\project-fracture-classification\dataset\Bone_Fracture_Dataset\val\not fractured\22-rotated2-rotated1-rotated2.jpg
cc9943454aeb7ec2,train,not fractured,E:\projects\project-fracture-classification\dataset\Bone_Fracture_Dataset\train\not fractured\22-rotated3-rotated1-rotated3 (1).jpg
cc9943454aeb7ec2,train,not fractured,E:\projects\project-fracture-classification\dataset\Bone_Fracture_Dataset\train\not fractured\22-rotated3-rotated1-rotated3.jpg
cc9943454aeb7ec2,val,not fractured,E:\projects\project-fracture-classification\dataset\Bone_Fracture_Dataset\val\not fractured\22-rotated3-rotated1-rotated3.jpg
c19953471fc03fe1,train,not fractured,E:\projects\project-fracture-classification\dataset\Bone_Fracture_Dataset\train\not fractured\22-rotated3-rotated1-rotated3-rotated1 (1).jpg
c19953471fc03fe1,train,not fractured,E:\projects\project-fracture-classification\dataset\Bone_Fracture_Dataset\train\not fractured\22-rotated3-rotated1-rotated3-rotated1.jpg
c19953471fc03fe1,val,not fractured,E:\projects\project-fracture-classification\dataset\Bone_Fracture_Dataset\val\not fractured\22-rotated3-rotated1-rotated3-rotated1.jpg
9a6d32192cb64bb6,train,not fractured,E:\projects\project-fracture-classification\dataset\Bone_Fracture_Dataset\train\not fractured\23-rotated1-rotated2 (1).jpg
9a6d32192cb64bb6,train,not fractured,E:\projects\project-fracture-classification\dataset\Bone_Fracture_Dataset\train\not fractured\23-rotated1-rotated2.jpg
9a6d32192cb64bb6,train,not fractured,E:\projects\project-fracture-classification\dataset\Bone_Fracture_Dataset\train\not fractured\23-rotated2-rotated3-rotated3-rotated1 (1).jpg
9a6d32192cb64bb6,train,not fractured,E:\projects\project-fracture-classification\dataset\Bone_Fracture_Dataset\train\not fractured\23-rotated2-rotated3-rotated3-rotated1.jpg
9a6d32192cb64bb6,val,not fractured,E:\projects\project-fracture-classification\dataset\Bone_Fracture_Dataset\val\not fractured\23-rotated1-rotated2.jpg
946a36994cb64bb5,train,not fractured,E:\projects\project-fracture-classification\dataset\Bone_Fracture_Dataset\train\not fractured\23-rotated1-rotated2-rotated1 (1).jpg
946a36994cb64bb5,train,not fractured,E:\projects\project-fracture-classification\dataset\Bone_Fracture_Dataset\train\not fractured\23-rotated1-rotated2-rotated1.jpg
946a36994cb64bb5,val,not fractured,E:\projects\project-fracture-classification\dataset\Bone_Fracture_Dataset\val\not fractured\23-rotated1-rotated2-rotated1.jpg
996613593a3a4dd6,train,not fractured,E:\projects\project-fracture-classification\dataset\Bone_Fracture_Dataset\train\not fractured\23-rotated2-rotated2-rotated1 (1).jpg
996613593a3a4dd6,train,not fractured,E:\projects\project-fracture-classification\dataset\Bone_Fracture_Dataset\train\not fractured\23-rotated2-rotated2-rotated1.jpg
996613593a3a4dd6,val,not fractured,E:\projects\project-fracture-classification\dataset\Bone_Fracture_Dataset\val\not fractured\23-rotated2-rotated2-rotated1.jpg
986433193e3a4fd6,train,not fractured,E:\projects\project-fracture-classification\dataset\Bone_Fracture_Dataset\train\not fractured\23-rotated2-rotated3-rotated2 (1).jpg
986433193e3a4fd6,train,not fractured,E:\projects\project-fracture-classification\dataset\Bone_Fracture_Dataset\train\not fractured\23-rotated2-rotated3-rotated2.jpg
986433193e3a4fd6,train,not fractured,E:\projects\project-fracture-classification\dataset\Bone_Fracture_Dataset\train\not fractured\23-rotated2-rotated3-rotated3 (1).jpg
986433193e3a4fd6,train,not fractured,E:\projects\project-fracture-classification\dataset\Bone_Fracture_Dataset\train\not fractured\23-rotated2-rotated3-rotated3.jpg
986433193e3a4fd6,val,not fractured,E:\projects\project-fracture-classification\dataset\Bone_Fracture_Dataset\val\not fractured\23-rotated2-rotated3-rotated2.jpg
cc66536633753ca8,train,not fractured,E:\projects\project-fracture-classification\dataset\Bone_Fracture_Dataset\train\not fractured\23-rotated3-rotated3 (1).jpg
cc66536633753ca8,train,not fractured,E:\projects\project-fracture-classification\dataset\Bone_Fracture_Dataset\train\not fractured\23-rotated3-rotated3-rotated1 (1).jpg
cc66536633753ca8,train,not fractured,E:\projects\project-fracture-classification\dataset\Bone_Fracture_Dataset\train\not fractured\23-rotated3-rotated3-rotated1.jpg
cc66536633753ca8,train,not fractured,E:\projects\project-fracture-classification\dataset\Bone_Fracture_Dataset\train\not fractured\23-rotated3-rotated3.jpg
cc66536633753ca8,val,not fractured,E:\projects\project-fracture-classification\dataset\Bone_Fracture_Dataset\val\not fractured\23-rotated3-rotated3-rotated1.jpg
cc66536633753ca8,val,not fractured,E:\projects\project-fracture-classification\dataset\Bone_Fracture_Dataset\val\not fractured\23-rotated3-rotated3.jpg
9e32b64c194b6bc9,train,not fractured,E:\projects\project-fracture-classification\dataset\Bone_Fracture_Dataset\train\not fractured\24-rotated1-rotated3 (1).jpg
9e32b64c194b6bc9,train,not fractured,E:\projects\project-fracture-classification\dataset\Bone_Fracture_Dataset\train\not fractured\24-rotated1-rotated3.jpg
9e32b64c194b6bc9,val,not fractured,E:\projects\project-fracture-classification\dataset\Bone_Fracture_Dataset\val\not fractured\24-rotated1-rotated3.jpg
9c32b64c39cd698d,train,not fractured,E:\projects\project-fracture-classification\dataset\Bone_Fracture_Dataset\train\not fractured\24-rotated1-rotated3-rotated1 (1).jpg
9c32b64c39cd698d,train,not fractured,E:\projects\project-fracture-classification\dataset\Bone_Fracture_Dataset\train\not fractured\24-rotated1-rotated3-rotated1.jpg
9c32b64c39cd698d,val,not fractured,E:\projects\project-fracture-classification\dataset\Bone_Fracture_Dataset\val\not fractured\24-rotated1-rotated3-rotated1.jpg
997392cc718d6995,train,not fractured,E:\projects\project-fracture-classification\dataset\Bone_Fracture_Dataset\train\not fractured\24-rotated2-rotated3-rotated2-rotated1 (1).jpg
997392cc718d6995,train,not fractured,E:\projects\project-fracture-classification\dataset\Bone_Fracture_Dataset\train\not fractured\24-rotated2-rotated3-rotated2-rotated1.jpg
997392cc718d6995,train,not fractured,E:\projects\project-fracture-classification\dataset\Bone_Fracture_Dataset\train\not fractured\24-rotated2-rotated3-rotated3 (1).jpg
997392cc718d6995,train,not fractured,E:\projects\project-fracture-classification\dataset\Bone_Fracture_Dataset\train\not fractured\24-rotated2-rotated3-rotated3.jpg
997392cc718d6995,val,not fractured,E:\projects\project-fracture-classification\dataset\Bone_Fracture_Dataset\val\not fractured\24-rotated2-rotated3-rotated2-rotated1.jpg
997392cc718d6995,val,not fractured,E:\projects\project-fracture-classification\dataset\Bone_Fracture_Dataset\val\not fractured\24-rotated2-rotated3-rotated3.jpg
83c367b1283c3e3b,train,not fractured,E:\projects\project-fracture-classification\dataset\Bone_Fracture_Dataset\train\not fractured\24-rotated3-rotated3-rotated3 (1).jpg
83c367b1283c3e3b,train,not fractured,E:\projects\project-fracture-classification\dataset\Bone_Fracture_Dataset\train\not fractured\24-rotated3-rotated3-rotated3.jpg
83c367b1283c3e3b,val,not fractured,E:\projects\project-fracture-classification\dataset\Bone_Fracture_Dataset\val\not fractured\24-rotated3-rotated3-rotated3.jpg
cc6751c7a8bb5431,train,not fractured,E:\projects\project-fracture-classification\dataset\Bone_Fracture_Dataset\train\not fractured\25-rotated1 (1).jpg
cc6751c7a8bb5431,train,not fractured,E:\projects\project-fracture-classification\dataset\Bone_Fracture_Dataset\train\not fractured\25-rotated1.jpg
cc6751c7a8bb5431,val,not fractured,E:\projects\project-fracture-classification\dataset\Bone_Fracture_Dataset\val\not fractured\25-rotated1.jpg
9b6433984e1e2d9e,train,not fractured,E:\projects\project-fracture-classification\dataset\Bone_Fracture_Dataset\train\not fractured\25-rotated2-rotated1-rotated1 (1).jpg
9b6433984e1e2d9e,train,not fractured,E:\projects\project-fracture-classification\dataset\Bone_Fracture_Dataset\train\not fractured\25-rotated2-rotated1-rotated1.jpg
9b6433984e1e2d9e,val,not fractured,E:\projects\project-fracture-classification\dataset\Bone_Fracture_Dataset\val\not fractured\25-rotated2-rotated1-rotated1.jpg
c71833c71ee11fe0,train,not fractured,E:\projects\project-fracture-classification\dataset\Bone_Fracture_Dataset\train\not fractured\25-rotated2-rotated1-rotated2 (1).jpg
c71833c71ee11fe0,train,not fractured,E:\projects\project-fracture-classification\dataset\Bone_Fracture_Dataset\train\not fractured\25-rotated2-rotated1-rotated2.jpg
c71833c71ee11fe0,val,not fractured,E:\projects\project-fracture-classification\dataset\Bone_Fracture_Dataset\val\not fractured\25-rotated2-rotated1-rotated2.jpg
c86613dc2e3a3d1e,train,not fractured,E:\projects\project-fracture-classification\dataset\Bone_Fracture_Dataset\train\not fractured\25-rotated3-rotated1-rotated2 (1).jpg
c86613dc2e3a3d1e,train,not fractured,E:\projects\project-fracture-classification\dataset\Bone_Fracture_Dataset\train\not fractured\25-rotated3-rotated1-rotated2.jpg
c86613dc2e3a3d1e,train,not fractured,E:\projects\project-fracture-classification\dataset\Bone_Fracture_Dataset\train\not fractured\25-rotated3-rotated3-rotated1-rotated1 (1).jpg
c86613dc2e3a3d1e,train,not fractured,E:\projects\project-fracture-classification\dataset\Bone_Fracture_Dataset\train\not fractured\25-rotated3-rotated3-rotated1-rotated1.jpg
c86613dc2e3a3d1e,val,not fractured,E:\projects\project-fracture-classification\dataset\Bone_Fracture_Dataset\val\not fractured\25-rotated3-rotated1-rotated2.jpg
cc6351c3aaf35551,train,not fractured,E:\projects\project-fracture-classification\dataset\Bone_Fracture_Dataset\train\not fractured\25-rotated3-rotated1-rotated2-rotated1 (1).jpg
cc6351c3aaf35551,train,not fractured,E:\projects\project-fracture-classification\dataset\Bone_Fracture_Dataset\train\not fractured\25-rotated3-rotated1-rotated2-rotated1.jpg
cc6351c3aaf35551,val,not fractured,E:\projects\project-fracture-classification\dataset\Bone_Fracture_Dataset\val\not fractured\25-rotated3-rotated1-rotated2-rotated1.jpg
996b93c93649364d,train,not fractured,E:\projects\project-fracture-classification\dataset\Bone_Fracture_Dataset\train\not fractured\26-rotated1-rotated1-rotated2 (1).jpg
996b93c93649364d,train,not fractured,E:\projects\project-fracture-classification\dataset\Bone_Fracture_Dataset\train\not fractured\26-rotated1-rotated1-rotated2.jpg
996b93c93649364d,val,not fractured,E:\projects\project-fracture-classification\dataset\Bone_Fracture_Dataset\val\not fractured\26-rotated1-rotated1-rotated2.jpg
994993c9375b265a,train,not fractured,E:\projects\project-fracture-classification\dataset\Bone_Fracture_Dataset\train\not fractured\26-rotated1-rotated1-rotated3-rotated1 (1).jpg
994993c9375b265a,train,not fractured,E:\projects\project-fracture-classification\dataset\Bone_Fracture_Dataset\train\not fractured\26-rotated1-rotated1-rotated3-rotated1.jpg
994993c9375b265a,val,not fractured,E:\projects\project-fracture-classification\dataset\Bone_Fracture_Dataset\val\not fractured\26-rotated1-rotated1-rotated3-rotated1.jpg
9c4c16996c976ab6,train,not fractured,E:\projects\project-fracture-classification\dataset\Bone_Fracture_Dataset\train\not fractured\26-rotated2-rotated1-rotated3-rotated1 (1).jpg
9c4c16996c976ab6,train,not fractured,E:\projects\project-fracture-classification\dataset\Bone_Fracture_Dataset\train\not fractured\26-rotated2-rotated1-rotated3-rotated1.jpg
9c4c16996c976ab6,val,not fractured,E:\projects\project-fracture-classification\dataset\Bone_Fracture_Dataset\val\not fractured\26-rotated2-rotated1-rotated3-rotated1.jpg
8e4e679349a45375,train,not fractured,E:\projects\project-fracture-classification\dataset\Bone_Fracture_Dataset\train\not fractured\26-rotated2-rotated2-rotated2 (1).jpg
8e4e679349a45375,train,not fractured,E:\projects\project-fracture-classification\dataset\Bone_Fracture_Dataset\train\not fractured\26-rotated2-rotated2-rotated2.jpg
8e4e679349a45375,val,not fractured,E:\projects\project-fracture-classification\dataset\Bone_Fracture_Dataset\val\not fractured\26-rotated2-rotated2-rotated2.jpg
9c333664696d496b,train,not fractured,E:\projects\project-fracture-classification\dataset\Bone_Fracture_Dataset\train\not fractured\26-rotated3-rotated2-rotated3 (1).jpg
9c333664696d496b,train,not fractured,E:\projects\project-fracture-classification\dataset\Bone_Fracture_Dataset\train\not fractured\26-rotated3-rotated2-rotated3.jpg
9c333664696d496b,val,not fractured,E:\projects\project-fracture-classification\dataset\Bone_Fracture_Dataset\val\not fractured\26-rotated3-rotated2-rotated3.jpg
8731674e485b5ab6,train,not fractured,E:\projects\project-fracture-classification\dataset\Bone_Fracture_Dataset\train\not fractured\26-rotated3-rotated2-rotated3-rotated1 (1).jpg
8731674e485b5ab6,train,not fractured,E:\projects\project-fracture-classification\dataset\Bone_Fracture_Dataset\train\not fractured\26-rotated3-rotated2-rotated3-rotated1.jpg
8731674e485b5ab6,val,not fractured,E:\projects\project-fracture-classification\dataset\Bone_Fracture_Dataset\val\not fractured\26-rotated3-rotated2-rotated3-rotated1.jpg
92cc47b00f946f97,train,not fractured,E:\projects\project-fracture-classification\dataset\Bone_Fracture_Dataset\train\not fractured\27-rotated1-rotated2-rotated3 (1).jpg
92cc47b00f946f97,train,not fractured,E:\projects\project-fracture-classification\dataset\Bone_Fracture_Dataset\train\not fractured\27-rotated1-rotated2-rotated3.jpg
92cc47b00f946f97,val,not fractured,E:\projects\project-fracture-classification\dataset\Bone_Fracture_Dataset\val\not fractured\27-rotated1-rotated2-rotated3.jpg
92cd46b00e956fb3,train,not fractured,E:\projects\project-fracture-classification\dataset\Bone_Fracture_Dataset\train\not fractured\27-rotated1-rotated2-rotated3-rotated1 (1).jpg
92cd46b00e956fb3,train,not fractured,E:\projects\project-fracture-classification\dataset\Bone_Fracture_Dataset\train\not fractured\27-rotated1-rotated2-rotated3-rotated1.jpg
92cd46b00e956fb3,val,not fractured,E:\projects\project-fracture-classification\dataset\Bone_Fracture_Dataset\val\not fractured\27-rotated1-rotated2-rotated3-rotated1.jpg
803f47c01b33fe3a,train,not fractured,E:\projects\project-fracture-classification\dataset\Bone_Fracture_Dataset\train\not fractured\27-rotated2-rotated3 (1).jpg
803f47c01b33fe3a,train,not fractured,E:\projects\project-fracture-classification\dataset\Bone_Fracture_Dataset\train\not fractured\27-rotated2-rotated3.jpg
803f47c01b33fe3a,val,not fractured,E:\projects\project-fracture-classification\dataset\Bone_Fracture_Dataset\val\not fractured\27-rotated2-rotated3.jpg
98b5455a7299378d,train,not fractured,E:\projects\project-fracture-classification\dataset\Bone_Fracture_Dataset\train\not fractured\27-rotated2-rotated3-rotated2 (1).jpg
98b5455a7299378d,train,not fractured,E:\projects\project-fracture-classification\dataset\Bone_Fracture_Dataset\train\not fractured\27-rotated2-rotated3-rotated2.jpg
98b5455a7299378d,val,not fractured,E:\projects\project-fracture-classification\dataset\Bone_Fracture_Dataset\val\not fractured\27-rotated2-rotated3-rotated2.jpg
99b1454a7acf2a4e,train,not fractured,E:\projects\project-fracture-classification\dataset\Bone_Fracture_Dataset\train\not fractured\27-rotated3-rotated3-rotated2 (1).jpg
99b1454a7acf2a4e,train,not fractured,E:\projects\project-fracture-classification\dataset\Bone_Fracture_Dataset\train\not fractured\27-rotated3-rotated3-rotated2.jpg
99b1454a7acf2a4e,val,not fractured,E:\projects\project-fracture-classification\dataset\Bone_Fracture_Dataset\val\not fractured\27-rotated3-rotated3-rotated2.jpg
92c946b45a976d72,train,not fractured,E:\projects\project-fracture-classification\dataset\Bone_Fracture_Dataset\train\not fractured\27-rotated3-rotated3-rotated3-rotated1 (1).jpg
92c946b45a976d72,train,not fractured,E:\projects\project-fracture-classification\dataset\Bone_Fracture_Dataset\train\not fractured\27-rotated3-rotated3-rotated3-rotated1.jpg
92c946b45a976d72,val,not fractured,E:\projects\project-fracture-classification\dataset\Bone_Fracture_Dataset\val\not fractured\27-rotated3-rotated3-rotated3-rotated1.jpg
96b0670d09a77ce9,train,not fractured,E:\projects\project-fracture-classification\dataset\Bone_Fracture_Dataset\train\not fractured\28-rotated2-rotated1 (1).jpg
96b0670d09a77ce9,train,not fractured,E:\projects\project-fracture-classification\dataset\Bone_Fracture_Dataset\train\not fractured\28-rotated2-rotated1.jpg
96b0670d09a77ce9,val,not fractured,E:\projects\project-fracture-classification\dataset\Bone_Fracture_Dataset\val\not fractured\28-rotated2-rotated1.jpg
95b5614f1a721ed8,train,not fractured,E:\projects\project-fracture-classification\dataset\Bone_Fracture_Dataset\train\not fractured\28-rotated2-rotated1-rotated1 (1).jpg
95b5614f1a721ed8,train,not fractured,E:\projects\project-fracture-classification\dataset\Bone_Fracture_Dataset\train\not fractured\28-rotated2-rotated1-rotated1.jpg
95b5614f1a721ed8,val,not fractured,E:\projects\project-fracture-classification\dataset\Bone_Fracture_Dataset\val\not fractured\28-rotated2-rotated1-rotated1.jpg
9993072d6d361697,train,not fractured,E:\projects\project-fracture-classification\dataset\Bone_Fracture_Dataset\train\not fractured\28-rotated2-rotated2-rotated2-rotated1 (1).jpg
9993072d6d361697,train,not fractured,E:\projects\project-fracture-classification\dataset\Bone_Fracture_Dataset\train\not fractured\28-rotated2-rotated2-rotated2-rotated1.jpg
9993072d6d361697,train,not fractured,E:\projects\project-fracture-classification\dataset\Bone_Fracture_Dataset\train\not fractured\28-rotated3-rotated1-rotated1 (1).jpg
9993072d6d361697,train,not fractured,E:\projects\project-fracture-classification\dataset\Bone_Fracture_Dataset\train\not fractured\28-rotated3-rotated1-rotated1.jpg
9993072d6d361697,val,not fractured,E:\projects\project-fracture-classification\dataset\Bone_Fracture_Dataset\val\not fractured\28-rotated3-rotated1-rotated1.jpg
92b2460c6dbe74ad,train,not fractured,E:\projects\project-fracture-classification\dataset\Bone_Fracture_Dataset\train\not fractured\28-rotated3-rotated1-rotated1-rotated1 (1).jpg
92b2460c6dbe74ad,train,not fractured,E:\projects\project-fracture-classification\dataset\Bone_Fracture_Dataset\train\not fractured\28-rotated3-rotated1-rotated1-rotated1.jpg
92b2460c6dbe74ad,train,not fractured,E:\projects\project-fracture-classification\dataset\Bone_Fracture_Dataset\train\not fractured\28-rotated3-rotated1-rotated2-rotated1 (1).jpg
92b2460c6dbe74ad,train,not fractured,E:\projects\project-fracture-classification\dataset\Bone_Fracture_Dataset\train\not fractured\28-rotated3-rotated1-rotated2-rotated1.jpg
92b2460c6dbe74ad,val,not fractured,E:\projects\project-fracture-classification\dataset\Bone_Fracture_Dataset\val\not fractured\28-rotated3-rotated1-rotated1-rotated1.jpg
c9e210781e5d1d6f,train,not fractured,E:\projects\project-fracture-classification\dataset\Bone_Fracture_Dataset\train\not fractured\29-rotated1-rotated1-rotated1 (1).jpg
c9e210781e5d1d6f,train,not fractured,E:\projects\project-fracture-classification\dataset\Bone_Fracture_Dataset\train\not fractured\29-rotated1-rotated1-rotated1.jpg
c9e210781e5d1d6f,val,not fractured,E:\projects\project-fracture-classification\dataset\Bone_Fracture_Dataset\val\not fractured\29-rotated1-rotated1-rotated1.jpg
cc9a476b5ac35a61,train,not fractured,E:\projects\project-fracture-classification\dataset\Bone_Fracture_Dataset\train\not fractured\29-rotated1-rotated1-rotated1-rotated1 (1).jpg
cc9a476b5ac35a61,train,not fractured,E:\projects\project-fracture-classification\dataset\Bone_Fracture_Dataset\train\not fractured\29-rotated1-rotated1-rotated1-rotated1.jpg
cc9a476b5ac35a61,val,not fractured,E:\projects\project-fracture-classification\dataset\Bone_Fracture_Dataset\val\not fractured\29-rotated1-rotated1-rotated1-rotated1.jpg
d9e5311e0f9648b6,train,not fractured,E:\projects\project-fracture-classification\dataset\Bone_Fracture_Dataset\train\not fractured\29-rotated2-rotated1-rotated3 (1).jpg
d9e5311e0f9648b6,train,not fractured,E:\projects\project-fracture-classification\dataset\Bone_Fracture_Dataset\train\not fractured\29-rotated2-rotated1-rotated3.jpg
d9e5311e0f9648b6,val,not fractured,E:\projects\project-fracture-classification\dataset\Bone_Fracture_Dataset\val\not fractured\29-rotated2-rotated1-rotated3.jpg
d46c37174ab13d16,train,not fractured,E:\projects\project-fracture-classification\dataset\Bone_Fracture_Dataset\train\not fractured\29-rotated3-rotated2-rotated1 (1).jpg
d46c37174ab13d16,train,not fractured,E:\projects\project-fracture-classification\dataset\Bone_Fracture_Dataset\train\not fractured\29-rotated3-rotated2-rotated1.jpg
d46c37174ab13d16,val,not fractured,E:\projects\project-fracture-classification\dataset\Bone_Fracture_Dataset\val\not fractured\29-rotated3-rotated2-rotated1.jpg
c9e3103d1f4f0f62,train,not fractured,E:\projects\project-fracture-classification\dataset\Bone_Fracture_Dataset\train\not fractured\29-rotated3-rotated2-rotated2-rotated1 (1).jpg
c9e3103d1f4f0f62,train,not fractured,E:\projects\project-fracture-classification\dataset\Bone_Fracture_Dataset\train\not fractured\29-rotated3-rotated2-rotated2-rotated1.jpg
c9e3103d1f4f0f62,val,not fractured,E:\projects\project-fracture-classification\dataset\Bone_Fracture_Dataset\val\not fractured\29-rotated3-rotated2-rotated2-rotated1.jpg
9827797817f4ad0a,train,not fractured,E:\projects\project-fracture-classification\dataset\Bone_Fracture_Dataset\train\not fractured\3 (1).jpg
9827797817f4ad0a,train,not fractured,E:\projects\project-fracture-classification\dataset\Bone_Fracture_Dataset\train\not fractured\3 (2).jpg
9827797817f4ad0a,train,not fractured,E:\projects\project-fracture-classification\dataset\Bone_Fracture_Dataset\train\not fractured\3.jpg
9827797817f4ad0a,train,not fractured,E:\projects\project-fracture-classification\dataset\Bone_Fracture_Dataset\train\not fractured\69 (1).jpg
9827797817f4ad0a,train,not fractured,E:\projects\project-fracture-classification\dataset\Bone_Fracture_Dataset\train\not fractured\69 (2).jpg
9827797817f4ad0a,train,not fractured,E:\projects\project-fracture-classification\dataset\Bone_Fracture_Dataset\train\not fractured\69.jpg
9827797817f4ad0a,val,not fractured,E:\projects\project-fracture-classification\dataset\Bone_Fracture_Dataset\val\not fractured\3.jpg
906f51284fb61fb4,train,not fractured,E:\projects\project-fracture-classification\dataset\Bone_Fracture_Dataset\train\not fractured\3-rotated1-rotated1-rotated1 (1).jpg
906f51284fb61fb4,train,not fractured,E:\projects\project-fracture-classification\dataset\Bone_Fracture_Dataset\train\not fractured\3-rotated1-rotated1-rotated1 (2).jpg
906f51284fb61fb4,train,not fractured,E:\projects\project-fracture-classification\dataset\Bone_Fracture_Dataset\train\not fractured\3-rotated1-rotated1-rotated1-rotated1 (1).jpg
906f51284fb61fb4,train,not fractured,E:\projects\project-fracture-classification\dataset\Bone_Fracture_Dataset\train\not fractured\3-rotated1-rotated1-rotated1-rotated1 (2).jpg
906f51284fb61fb4,train,not fractured,E:\projects\project-fracture-classification\dataset\Bone_Fracture_Dataset\train\not fractured\3-rotated1-rotated1-rotated1-rotated1.jpg
906f51284fb61fb4,train,not fractured,E:\projects\project-fracture-classification\dataset\Bone_Fracture_Dataset\train\not fractured\3-rotated1-rotated1-rotated1.jpg
906f51284fb61fb4,train,not fractured,E:\projects\project-fracture-classification\dataset\Bone_Fracture_Dataset\train\not fractured\3-rotated2-rotated1-rotated1-rotated1 (1).jpg
906f51284fb61fb4,train,not fractured,E:\projects\project-fracture-classification\dataset\Bone_Fracture_Dataset\train\not fractured\3-rotated2-rotated1-rotated1-rotated1 (2).jpg
906f51284fb61fb4,train,not fractured,E:\projects\project-fracture-classification\dataset\Bone_Fracture_Dataset\train\not fractured\3-rotated2-rotated1-rotated1-rotated1.jpg
906f51284fb61fb4,train,not fractured,E:\projects\project-fracture-classification\dataset\Bone_Fracture_Dataset\train\not fractured\3-rotated2-rotated2-rotated2 (1).jpg
906f51284fb61fb4,train,not fractured,E:\projects\project-fracture-classification\dataset\Bone_Fracture_Dataset\train\not fractured\3-rotated2-rotated2-rotated2 (2).jpg
906f51284fb61fb4,train,not fractured,E:\projects\project-fracture-classification\dataset\Bone_Fracture_Dataset\train\not fractured\3-rotated2-rotated2-rotated2.jpg
906f51284fb61fb4,train,not fractured,E:\projects\project-fracture-classification\dataset\Bone_Fracture_Dataset\train\not fractured\3-rotated2-rotated3-rotated3 (1).jpg
906f51284fb61fb4,train,not fractured,E:\projects\project-fracture-classification\dataset\Bone_Fracture_Dataset\train\not fractured\3-rotated2-rotated3-rotated3 (2).jpg
906f51284fb61fb4,train,not fractured,E:\projects\project-fracture-classification\dataset\Bone_Fracture_Dataset\train\not fractured\3-rotated2-rotated3-rotated3.jpg
906f51284fb61fb4,train,not fractured,E:\projects\project-fracture-classification\dataset\Bone_Fracture_Dataset\train\not fractured\3-rotated3-rotated1-rotated2 (1).jpg
906f51284fb61fb4,train,not fractured,E:\projects\project-fracture-classification\dataset\Bone_Fracture_Dataset\train\not fractured\3-rotated3-rotated1-rotated2 (2).jpg
906f51284fb61fb4,train,not fractured,E:\projects\project-fracture-classification\dataset\Bone_Fracture_Dataset\train\not fractured\3-rotated3-rotated1-rotated2.jpg
906f51284fb61fb4,val,not fractured,E:\projects\project-fracture-classification\dataset\Bone_Fracture_Dataset\val\not fractured\3-rotated3-rotated1-rotated2.jpg
982241791ff54f4b,train,not fractured,E:\projects\project-fracture-classification\dataset\Bone_Fracture_Dataset\train\not fractured\3-rotated1-rotated1-rotated2-rotated1 (1).jpg
982241791ff54f4b,train,not fractured,E:\projects\project-fracture-classification\dataset\Bone_Fracture_Dataset\train\not fractured\3-rotated1-rotated1-rotated2-rotated1 (2).jpg
982241791ff54f4b,train,not fractured,E:\projects\project-fracture-classification\dataset\Bone_Fracture_Dataset\train\not fractured\3-rotated1-rotated1-rotated2-rotated1.jpg
982241791ff54f4b,train,not fractured,E:\projects\project-fracture-classification\dataset\Bone_Fracture_Dataset\train\not fractured\3-rotated1-rotated3-rotated2-rotated1 (1).jpg
982241791ff54f4b,train,not fractured,E:\projects\project-fracture-classification\dataset\Bone_Fracture_Dataset\train\not fractured\3-rotated1-rotated3-rotated2-rotated1 (2).jpg
982241791ff54f4b,train,not fractured,E:\projects\project-fracture-classification\dataset\Bone_Fracture_Dataset\train\not fractured\3-rotated1-rotated3-rotated2-rotated1.jpg
982241791ff54f4b,val,not fractured,E:\projects\project-fracture-classification\dataset\Bone_Fracture_Dataset\val\not fractured\3-rotated1-rotated3-rotated2-rotated1.jpg
9c22457917e75a5a,train,not fractured,E:\projects\project-fracture-classification\dataset\Bone_Fracture_Dataset\train\not fractured\3-rotated1-rotated2 (1).jpg
9c22457917e75a5a,train,not fractured,E:\projects\project-fracture-classification\dataset\Bone_Fracture_Dataset\train\not fractured\3-rotated1-rotated2 (2).jpg
9c22457917e75a5a,train,not fractured,E:\projects\project-fracture-classification\dataset\Bone_Fracture_Dataset\train\not fractured\3-rotated1-rotated2-rotated1 (1).jpg
9c22457917e75a5a,train,not fractured,E:\projects\project-fracture-classification\dataset\Bone_Fracture_Dataset\train\not fractured\3-rotated1-rotated2-rotated1 (2).jpg
9c22457917e75a5a,train,not fractured,E:\projects\project-fracture-classification\dataset\Bone_Fracture_Dataset\train\not fractured\3-rotated1-rotated2-rotated1.jpg
9c22457917e75a5a,train,not fractured,E:\projects\project-fracture-classification\dataset\Bone_Fracture_Dataset\train\not fractured\3-rotated1-rotated2.jpg
9c22457917e75a5a,val,not fractured,E:\projects\project-fracture-classification\dataset\Bone_Fracture_Dataset\val\not fractured\3-rotated1-rotated2-rotated1.jpg
9c22457917e75a5a,val,not fractured,E:\projects\project-fracture-classification\dataset\Bone_Fracture_Dataset\val\not fractured\3-rotated1-rotated2.jpg
906750381fb61fb5,train,not fractured,E:\projects\project-fracture-classification\dataset\Bone_Fracture_Dataset\train\not fractured\3-rotated1-rotated2-rotated2 (1).jpg
906750381fb61fb5,train,not fractured,E:\projects\project-fracture-classification\dataset\Bone_Fracture_Dataset\train\not fractured\3-rotated1-rotated2-rotated2 (2).jpg
906750381fb61fb5,train,not fractured,E:\projects\project-fracture-classification\dataset\Bone_Fracture_Dataset\train\not fractured\3-rotated1-rotated2-rotated2.jpg
906750381fb61fb5,train,not fractured,E:\projects\project-fracture-classification\dataset\Bone_Fracture_Dataset\train\not fractured\3-rotated1-rotated3-rotated2 (1).jpg
906750381fb61fb5,train,not fractured,E:\projects\project-fracture-classification\dataset\Bone_Fracture_Dataset\train\not fractured\3-rotated1-rotated3-rotated2 (2).jpg
906750381fb61fb5,train,not fractured,E:\projects\project-fracture-classification\dataset\Bone_Fracture_Dataset\train\not fractured\3-rotated1-rotated3-rotated2.jpg
906750381fb61fb5,train,not fractured,E:\projects\project-fracture-classification\dataset\Bone_Fracture_Dataset\train\not fractured\3-rotated3-rotated1-rotated2-rotated1 (1).jpg
906750381fb61fb5,train,not fractured,E:\projects\project-fracture-classification\dataset\Bone_Fracture_Dataset\train\not fractured\3-rotated3-rotated1-rotated2-rotated1 (2).jpg
906750381fb61fb5,train,not fractured,E:\projects\project-fracture-classification\dataset\Bone_Fracture_Dataset\train\not fractured\3-rotated3-rotated1-rotated2-rotated1.jpg
906750381fb61fb5,val,not fractured,E:\projects\project-fracture-classification\dataset\Bone_Fracture_Dataset\val\not fractured\3-rotated1-rotated3-rotated2.jpg
906750381fb61fb5,val,not fractured,E:\projects\project-fracture-classification\dataset\Bone_Fracture_Dataset\val\not fractured\3-rotated3-rotated1-rotated2-rotated1.jpg
916f51384f961f94,train,not fractured,E:\projects\project-fracture-classification\dataset\Bone_Fracture_Dataset\train\not fractured\3-rotated2-rotated1-rotated3 (1).jpg
916f51384f961f94,train,not fractured,E:\projects\project-fracture-classification\dataset\Bone_Fracture_Dataset\train\not fractured\3-rotated2-rotated1-rotated3 (2).jpg
916f51384f961f94,train,not fractured,E:\projects\project-fracture-classification\dataset\Bone_Fracture_Dataset\train\not fractured\3-rotated2-rotated1-rotated3.jpg
916f51384f961f94,val,not fractured,E:\projects\project-fracture-classification\dataset\Bone_Fracture_Dataset\val\not fractured\3-rotated2-rotated1-rotated3.jpg
906751284fb61fb5,train,not fractured,E:\projects\project-fracture-classification\dataset\Bone_Fracture_Dataset\train\not fractured\3-rotated2-rotated1-rotated3-rotated1 (1).jpg
906751284fb61fb5,train,not fractured,E:\projects\project-fracture-classification\dataset\Bone_Fracture_Dataset\train\not fractured\3-rotated2-rotated1-rotated3-rotated1 (2).jpg
906751284fb61fb5,train,not fractured,E:\projects\project-fracture-classification\dataset\Bone_Fracture_Dataset\train\not fractured\3-rotated2-rotated1-rotated3-rotated1.jpg
906751284fb61fb5,val,not fractured,E:\projects\project-fracture-classification\dataset\Bone_Fracture_Dataset\val\not fractured\3-rotated2-rotated1-rotated3-rotated1.jpg
9822417917f54f6b,train,not fractured,E:\projects\project-fracture-classification\dataset\Bone_Fracture_Dataset\train\not fractured\3-rotated2-rotated2-rotated1 (1).jpg
9822417917f54f6b,train,not fractured,E:\projects\project-fracture-classification\dataset\Bone_Fracture_Dataset\train\not fractured\3-rotated2-rotated2-rotated1 (2).jpg
9822417917f54f6b,train,not fractured,E:\projects\project-fracture-classification\dataset\Bone_Fracture_Dataset\train\not fractured\3-rotated2-rotated2-rotated1.jpg
9822417917f54f6b,train,not fractured,E:\projects\project-fracture-classification\dataset\Bone_Fracture_Dataset\train\not fractured\3-rotated2-rotated3 (1).jpg
9822417917f54f6b,train,not fractured,E:\projects\project-fracture-classification\dataset\Bone_Fracture_Dataset\train\not fractured\3-rotated2-rotated3 (2).jpg
9822417917f54f6b,train,not fractured,E:\projects\project-fracture-classification\dataset\Bone_Fracture_Dataset\train\not fractured\3-rotated2-rotated3-rotated1 (1).jpg
9822417917f54f6b,train,not fractured,E:\projects\project-fracture-classification\dataset\Bone_Fracture_Dataset\train\not fractured\3-rotated2-rotated3-rotated1 (2).jpg
9822417917f54f6b,train,not fractured,E:\projects\project-fracture-classification\dataset\Bone_Fracture_Dataset\train\not fractured\3-rotated2-rotated3-rotated1.jpg
9822417917f54f6b,train,not fractured,E:\projects\project-fracture-classification\dataset\Bone_Fracture_Dataset\train\not fractured\3-rotated2-rotated3.jpg
9822417917f54f6b,val,not fractured,E:\projects\project-fracture-classification\dataset\Bone_Fracture_Dataset\val\not fractured\3-rotated2-rotated3-rotated1.jpg
c53943c71fe82b83,train,not fractured,E:\projects\project-fracture-classification\dataset\Bone_Fracture_Dataset\train\not fractured\3-rotated2-rotated3-rotated1-rotated1 (1).jpg
c53943c71fe82b83,train,not fractured,E:\projects\project-fracture-classification\dataset\Bone_Fracture_Dataset\train\not fractured\3-rotated2-rotated3-rotated1-rotated1 (2).jpg
c53943c71fe82b83,train,not fractured,E:\projects\project-fracture-classification\dataset\Bone_Fracture_Dataset\train\not fractured\3-rotated2-rotated3-rotated1-rotated1.jpg
c53943c71fe82b83,train,not fractured,E:\projects\project-fracture-classification\dataset\Bone_Fracture_Dataset\train\not fractured\3-rotated3-rotated3-rotated1-rotated1 (1).jpg
c53943c71fe82b83,train,not fractured,E:\projects\project-fracture-classification\dataset\Bone_Fracture_Dataset\train\not fractured\3-rotated3-rotated3-rotated1-rotated1 (2).jpg
c53943c71fe82b83,train,not fractured,E:\projects\project-fracture-classification\dataset\Bone_Fracture_Dataset\train\not fractured\3-rotated3-rotated3-rotated1-rotated1.jpg
c53943c71fe82b83,val,not fractured,E:\projects\project-fracture-classification\dataset\Bone_Fracture_Dataset\val\not fractured\3-rotated2-rotated3-rotated1-rotated1.jpg
954b46b64a372b55,train,not fractured,E:\projects\project-fracture-classification\dataset\Bone_Fracture_Dataset\train\not fractured\3-rotated3-rotated2-rotated3 (1).jpg
954b46b64a372b55,train,not fractured,E:\projects\project-fracture-classification\dataset\Bone_Fracture_Dataset\train\not fractured\3-rotated3-rotated2-rotated3 (2).jpg
954b46b64a372b55,train,not fractured,E:\projects\project-fracture-classification\dataset\Bone_Fracture_Dataset\train\not fractured\3-rotated3-rotated2-rotated3-rotated1 (1).jpg
954b46b64a372b55,train,not fractured,E:\projects\project-fracture-classification\dataset\Bone_Fracture_Dataset\train\not fractured\3-rotated3-rotated2-rotated3-rotated1 (2).jpg
954b46b64a372b55,train,not fractured,E:\projects\project-fracture-classification\dataset\Bone_Fracture_Dataset\train\not fractured\3-rotated3-rotated2-rotated3-rotated1.jpg
954b46b64a372b55,train,not fractured,E:\projects\project-fracture-classification\dataset\Bone_Fracture_Dataset\train\not fractured\3-rotated3-rotated2-rotated3.jpg
954b46b64a372b55,val,not fractured,E:\projects\project-fracture-classification\dataset\Bone_Fracture_Dataset\val\not fractured\3-rotated3-rotated2-rotated3-rotated1.jpg
934c073c4bb55ab5,train,not fractured,E:\projects\project-fracture-classification\dataset\Bone_Fracture_Dataset\train\not fractured\3-rotated3-rotated3 (1).jpg
934c073c4bb55ab5,train,not fractured,E:\projects\project-fracture-classification\dataset\Bone_Fracture_Dataset\train\not fractured\3-rotated3-rotated3 (2).jpg
934c073c4bb55ab5,train,not fractured,E:\projects\project-fracture-classification\dataset\Bone_Fracture_Dataset\train\not fractured\3-rotated3-rotated3.jpg
934c073c4bb55ab5,val,not fractured,E:\projects\project-fracture-classification\dataset\Bone_Fracture_Dataset\val\not fractured\3-rotated3-rotated3.jpg
cd9b133131726367,train,not fractured,E:\projects\project-fracture-classification\dataset\Bone_Fracture_Dataset\train\not fractured\30-rotated1-rotated2-rotated2 (1).jpg
cd9b133131726367,train,not fractured,E:\projects\project-fracture-classification\dataset\Bone_Fracture_Dataset\train\not fractured\30-rotated1-rotated2-rotated2.jpg
cd9b133131726367,train,not fractured,E:\projects\project-fracture-classification\dataset\Bone_Fracture_Dataset\train\not fractured\30-rotated3-rotated2-rotated1 (1).jpg
cd9b133131726367,train,not fractured,E:\projects\project-fracture-classification\dataset\Bone_Fracture_Dataset\train\not fractured\30-rotated3-rotated2-rotated1.jpg
cd9b133131726367,val,not fractured,E:\projects\project-fracture-classification\dataset\Bone_Fracture_Dataset\val\not fractured\30-rotated1-rotated2-rotated2.jpg
cdcc12391c9a6bb3,train,not fractured,E:\projects\project-fracture-classification\dataset\Bone_Fracture_Dataset\train\not fractured\30-rotated1-rotated2-rotated3 (1).jpg
cdcc12391c9a6bb3,train,not fractured,E:\projects\project-fracture-classification\dataset\Bone_Fracture_Dataset\train\not fractured\30-rotated1-rotated2-rotated3.jpg
cdcc12391c9a6bb3,val,not fractured,E:\projects\project-fracture-classification\dataset\Bone_Fracture_Dataset\val\not fractured\30-rotated1-rotated2-rotated3.jpg
c7c7361a0db43a3c,train,not fractured,E:\projects\project-fracture-classification\dataset\Bone_Fracture_Dataset\train\not fractured\30-rotated2-rotated2-rotated3 (1).jpg
c7c7361a0db43a3c,train,not fractured,E:\projects\project-fracture-classification\dataset\Bone_Fracture_Dataset\train\not fractured\30-rotated2-rotated2-rotated3.jpg
c7c7361a0db43a3c,val,not fractured,E:\projects\project-fracture-classification\dataset\Bone_Fracture_Dataset\val\not fractured\30-rotated2-rotated2-rotated3.jpg
c7c7361a49b43a3c,train,not fractured,E:\projects\project-fracture-classification\dataset\Bone_Fracture_Dataset\train\not fractured\30-rotated2-rotated2-rotated3-rotated1 (1).jpg
c7c7361a49b43a3c,train,not fractured,E:\projects\project-fracture-classification\dataset\Bone_Fracture_Dataset\train\not fractured\30-rotated2-rotated2-rotated3-rotated1.jpg
c7c7361a49b43a3c,val,not fractured,E:\projects\project-fracture-classification\dataset\Bone_Fracture_Dataset\val\not fractured\30-rotated2-rotated2-rotated3-rotated1.jpg
cdce1939383873a3,train,not fractured,E:\projects\project-fracture-classification\dataset\Bone_Fracture_Dataset\train\not fractured\30-rotated3-rotated3-rotated1 (1).jpg
cdce1939383873a3,train,not fractured,E:\projects\project-fracture-classification\dataset\Bone_Fracture_Dataset\train\not fractured\30-rotated3-rotated3-rotated1.jpg
cdce1939383873a3,val,not fractured,E:\projects\project-fracture-classification\dataset\Bone_Fracture_Dataset\val\not fractured\30-rotated3-rotated3-rotated1.jpg
c7c7361b0d966934,train,not fractured,E:\projects\project-fracture-classification\dataset\Bone_Fracture_Dataset\train\not fractured\30-rotated3-rotated3-rotated2-rotated1 (1).jpg
c7c7361b0d966934,train,not fractured,E:\projects\project-fracture-classification\dataset\Bone_Fracture_Dataset\train\not fractured\30-rotated3-rotated3-rotated2-rotated1.jpg
c7c7361b0d966934,val,not fractured,E:\projects\project-fracture-classification\dataset\Bone_Fracture_Dataset\val\not fractured\30-rotated3-rotated3-rotated2-rotated1.jpg
90cd56334d966b3c,train,not fractured,E:\projects\project-fracture-classification\dataset\Bone_Fracture_Dataset\train\not fractured\31-rotated1-rotated3-rotated2-rotated1 (1).jpg
90cd56334d966b3c,train,not fractured,E:\projects\project-fracture-classification\dataset\Bone_Fracture_Dataset\train\not fractured\31-rotated1-rotated3-rotated2-rotated1.jpg
90cd56334d966b3c,val,not fractured,E:\projects\project-fracture-classification\dataset\Bone_Fracture_Dataset\val\not fractured\31-rotated1-rotated3-rotated2-rotated1.jpg
99a2467177cc66cc,train,not fractured,E:\projects\project-fracture-classification\dataset\Bone_Fracture_Dataset\train\not fractured\31-rotated2 (1).jpg
99a2467177cc66cc,train,not fractured,E:\projects\project-fracture-classification\dataset\Bone_Fracture_Dataset\train\not fractured\31-rotated2.jpg
99a2467177cc66cc,val,not fractured,E:\projects\project-fracture-classification\dataset\Bone_Fracture_Dataset\val\not fractured\31-rotated2.jpg
99a2567176c866cd,train,not fractured,E:\projects\project-fracture-classification\dataset\Bone_Fracture_Dataset\train\not fractured\31-rotated3 (1).jpg
99a2567176c866cd,train,not fractured,E:\projects\project-fracture-classification\dataset\Bone_Fracture_Dataset\train\not fractured\31-rotated3.jpg
99a2567176c866cd,val,not fractured,E:\projects\project-fracture-classification\dataset\Bone_Fracture_Dataset\val\not fractured\31-rotated3.jpg
9c2346751bce39cc,train,not fractured,E:\projects\project-fracture-classification\dataset\Bone_Fracture_Dataset\train\not fractured\31-rotated3-rotated1 (1).jpg
9c2346751bce39cc,train,not fractured,E:\projects\project-fracture-classification\dataset\Bone_Fracture_Dataset\train\not fractured\31-rotated3-rotated1.jpg
9c2346751bce39cc,val,not fractured,E:\projects\project-fracture-classification\dataset\Bone_Fracture_Dataset\val\not fractured\31-rotated3-rotated1.jpg
ccce333333276689,train,not fractured,E:\projects\project-fracture-classification\dataset\Bone_Fracture_Dataset\train\not fractured\32-rotated1 (1).jpg
ccce333333276689,train,not fractured,E:\projects\project-fracture-classification\dataset\Bone_Fracture_Dataset\train\not fractured\32-rotated1.jpg
ccce333333276689,val,not fractured,E:\projects\project-fracture-classification\dataset\Bone_Fracture_Dataset\val\not fractured\32-rotated1.jpg
ccc93333636666cc,train,not fractured,E:\projects\project-fracture-classification\dataset\Bone_Fracture_Dataset\train\not fractured\32-rotated2-rotated1-rotated2 (1).jpg
ccc93333636666cc,train,not fractured,E:\projects\project-fracture-classification\dataset\Bone_Fracture_Dataset\train\not fractured\32-rotated2-rotated1-rotated2.jpg
ccc93333636666cc,val,not fractured,E:\projects\project-fracture-classification\dataset\Bone_Fracture_Dataset\val\not fractured\32-rotated2-rotated1-rotated2.jpg
ccdf11336326668d,train,not fractured,E:\projects\project-fracture-classification\dataset\Bone_Fracture_Dataset\train\not fractured\32-rotated2-rotated1-rotated3-rotated1 (1).jpg
ccdf11336326668d,train,not fractured,E:\projects\project-fracture-classification\dataset\Bone_Fracture_Dataset\train\not fractured\32-rotated2-rotated1-rotated3-rotated1.jpg
ccdf11336326668d,val,not fractured,E:\projects\project-fracture-classification\dataset\Bone_Fracture_Dataset\val\not fractured\32-rotated2-rotated1-rotated3-rotated1.jpg
ccce133132b3669b,train,not fractured,E:\projects\project-fracture-classification\dataset\Bone_Fracture_Dataset\train\not fractured\32-rotated3-rotated1-rotated3-rotated1 (1).jpg
ccce133132b3669b,train,not fractured,E:\projects\project-fracture-classification\dataset\Bone_Fracture_Dataset\train\not fractured\32-rotated3-rotated1-rotated3-rotated1.jpg
ccce133132b3669b,train,not fractured,E:\projects\project-fracture-classification\dataset\Bone_Fracture_Dataset\train\not fractured\32-rotated3-rotated2 (1).jpg
ccce133132b3669b,train,not fractured,E:\projects\project-fracture-classification\dataset\Bone_Fracture_Dataset\train\not fractured\32-rotated3-rotated2.jpg
ccce133132b3669b,val,not fractured,E:\projects\project-fracture-classification\dataset\Bone_Fracture_Dataset\val\not fractured\32-rotated3-rotated1-rotated3-rotated1.jpg
ccce133132b3669b,val,not fractured,E:\projects\project-fracture-classification\dataset\Bone_Fracture_Dataset\val\not fractured\32-rotated3-rotated2.jpg
d39b63661cc31ee0,train,not fractured,E:\projects\project-fracture-classification\dataset\Bone_Fracture_Dataset\train\not fractured\33-rotated1-rotated2-rotated1-rotated1 (1).jpg
d39b63661cc31ee0,train,not fractured,E:\projects\project-fracture-classification\dataset\Bone_Fracture_Dataset\train\not fractured\33-rotated1-rotated2-rotated1-rotated1.jpg
d39b63661cc31ee0,train,not fractured,E:\projects\project-fracture-classification\dataset\Bone_Fracture_Dataset\train\not fractured\33-rotated2-rotated2-rotated2-rotated1 (1).jpg
d39b63661cc31ee0,train,not fractured,E:\projects\project-fracture-classification\dataset\Bone_Fracture_Dataset\train\not fractured\33-rotated2-rotated2-rotated2-rotated1.jpg
d39b63661cc31ee0,val,not fractured,E:\projects\project-fracture-classification\dataset\Bone_Fracture_Dataset\val\not fractured\33-rotated1-rotated2-rotated1-rotated1.jpg
d39b63661cc31ee0,val,not fractured,E:\projects\project-fracture-classification\dataset\Bone_Fracture_Dataset\val\not fractured\33-rotated2-rotated2-rotated2-rotated1.jpg
d29a72661cf10fe8,train,not fractured,E:\projects\project-fracture-classification\dataset\Bone_Fracture_Dataset\train\not fractured\33-rotated1-rotated2-rotated2 (1).jpg
d29a72661cf10fe8,train,not fractured,E:\projects\project-fracture-classification\dataset\Bone_Fracture_Dataset\train\not fractured\33-rotated1-rotated2-rotated2.jpg
d29a72661cf10fe8,val,not fractured,E:\projects\project-fracture-classification\dataset\Bone_Fracture_Dataset\val\not fractured\33-rotated1-rotated2-rotated2.jpg
c999632c61b3f2ac,train,not fractured,E:\projects\project-fracture-classification\dataset\Bone_Fracture_Dataset\train\not fractured\33-rotated2-rotated2-rotated2 (1).jpg
c999632c61b3f2ac,train,not fractured,E:\projects\project-fracture-classification\dataset\Bone_Fracture_Dataset\train\not fractured\33-rotated2-rotated2-rotated2.jpg
c999632c61b3f2ac,val,not fractured,E:\projects\project-fracture-classification\dataset\Bone_Fracture_Dataset\val\not fractured\33-rotated2-rotated2-rotated2.jpg
ccc647277331199d,train,not fractured,E:\projects\project-fracture-classification\dataset\Bone_Fracture_Dataset\train\not fractured\33-rotated3-rotated2-rotated3-rotated1 (1).jpg
ccc647277331199d,train,not fractured,E:\projects\project-fracture-classification\dataset\Bone_Fracture_Dataset\train\not fractured\33-rotated3-rotated2-rotated3-rotated1.jpg
ccc647277331199d,val,not fractured,E:\projects\project-fracture-classification\dataset\Bone_Fracture_Dataset\val\not fractured\33-rotated3-rotated2-rotated3-rotated1.jpg
d29264650df90f6e,train,not fractured,E:\projects\project-fracture-classification\dataset\Bone_Fracture_Dataset\train\not fractured\33-rotated3-rotated3-rotated2 (1).jpg
d29264650df90f6e,train,not fractured,E:\projects\project-fracture-classification\dataset\Bone_Fracture_Dataset\train\not fractured\33-rotated3-rotated3-rotated2.jpg
d29264650df90f6e,val,not fractured,E:\projects\project-fracture-classification\dataset\Bone_Fracture_Dataset\val\not fractured\33-rotated3-rotated3-rotated2.jpg
81bf53461eb96a49,train,not fractured,E:\projects\project-fracture-classification\dataset\Bone_Fracture_Dataset\train\not fractured\34-rotated1-rotated3-rotated1-rotated1 (1).jpg
81bf53461eb96a49,train,not fractured,E:\projects\project-fracture-classification\dataset\Bone_Fracture_Dataset\train\not fractured\34-rotated1-rotated3-rotated1-rotated1.jpg
81bf53461eb96a49,val,not fractured,E:\projects\project-fracture-classification\dataset\Bone_Fracture_Dataset\val\not fractured\34-rotated1-rotated3-rotated1-rotated1.jpg
8c91076f5b4b1ae3,train,not fractured,E:\projects\project-fracture-classification\dataset\Bone_Fracture_Dataset\train\not fractured\34-rotated1-rotated3-rotated2 (1).jpg
8c91076f5b4b1ae3,train,not fractured,E:\projects\project-fracture-classification\dataset\Bone_Fracture_Dataset\train\not fractured\34-rotated1-rotated3-rotated2.jpg
8c91076f5b4b1ae3,val,not fractured,E:\projects\project-fracture-classification\dataset\Bone_Fracture_Dataset\val\not fractured\34-rotated1-rotated3-rotated2.jpg
c9cd131a4e966abc,train,not fractured,E:\projects\project-fracture-classification\dataset\Bone_Fracture_Dataset\train\not fractured\34-rotated2-rotated3-rotated3 (1).jpg
c9cd131a4e966abc,train,not fractured,E:\projects\project-fracture-classification\dataset\Bone_Fracture_Dataset\train\not fractured\34-rotated2-rotated3-rotated3.jpg
c9cd131a4e966abc,val,not fractured,E:\projects\project-fracture-classification\dataset\Bone_Fracture_Dataset\val\not fractured\34-rotated2-rotated3-rotated3.jpg
99cd13180ebe2ebc,train,not fractured,E:\projects\project-fracture-classification\dataset\Bone_Fracture_Dataset\train\not fractured\34-rotated2-rotated3-rotated3-rotated1 (1).jpg
99cd13180ebe2ebc,train,not fractured,E:\projects\project-fracture-classification\dataset\Bone_Fracture_Dataset\train\not fractured\34-rotated2-rotated3-rotated3-rotated1.jpg
99cd13180ebe2ebc,val,not fractured,E:\projects\project-fracture-classification\dataset\Bone_Fracture_Dataset\val\not fractured\34-rotated2-rotated3-rotated3-rotated1.jpg
99cf13180cbe0fbc,train,not fractured,E:\projects\project-fracture-classification\dataset\Bone_Fracture_Dataset\train\not fractured\34-rotated3-rotated3-rotated3-rotated1 (1).jpg
99cf13180cbe0fbc,train,not fractured,E:\projects\project-fracture-classification\dataset\Bone_Fracture_Dataset\train\not fractured\34-rotated3-rotated3-rotated3-rotated1.jpg
99cf13180cbe0fbc,val,not fractured,E:\projects\project-fracture-classification\dataset\Bone_Fracture_Dataset\val\not fractured\34-rotated3-rotated3-rotated3-rotated1.jpg
c9e653333339591c,train,not fractured,E:\projects\project-fracture-classification\dataset\Bone_Fracture_Dataset\train\not fractured\35-rotated1 (1).jpg
c9e653333339591c,train,not fractured,E:\projects\project-fracture-classification\dataset\Bone_Fracture_Dataset\train\not fractured\35-rotated1.jpg
c9e653333339591c,val,not fractured,E:\projects\project-fracture-classification\dataset\Bone_Fracture_Dataset\val\not fractured\35-rotated1.jpg
8ce6576723715159,train,not fractured,E:\projects\project-fracture-classification\dataset\Bone_Fracture_Dataset\train\not fractured\35-rotated2-rotated1-rotated1 (1).jpg
8ce6576723715159,train,not fractured,E:\projects\project-fracture-classification\dataset\Bone_Fracture_Dataset\train\not fractured\35-rotated2-rotated1-rotated1.jpg
8ce6576723715159,val,not fractured,E:\projects\project-fracture-classification\dataset\Bone_Fracture_Dataset\val\not fractured\35-rotated2-rotated1-rotated1.jpg
c9e653313339599c,train,not fractured,E:\projects\project-fracture-classification\dataset\Bone_Fracture_Dataset\train\not fractured\35-rotated2-rotated1-rotated2-rotated1 (1).jpg
c9e653313339599c,train,not fractured,E:\projects\project-fracture-classification\dataset\Bone_Fracture_Dataset\train\not fractured\35-rotated2-rotated1-rotated2-rotated1.jpg
c9e653313339599c,val,not fractured,E:\projects\project-fracture-classification\dataset\Bone_Fracture_Dataset\val\not fractured\35-rotated2-rotated1-rotated2-rotated1.jpg
8de6536333391959,train,not fractured,E:\projects\project-fracture-classification\dataset\Bone_Fracture_Dataset\train\not fractured\35-rotated3-rotated1-rotated2-rotated1 (1).jpg
8de6536333391959,train,not fractured,E:\projects\project-fracture-classification\dataset\Bone_Fracture_Dataset\train\not fractured\35-rotated3-rotated1-rotated2-rotated1.jpg
8de6536333391959,train,not fractured,E:\projects\project-fracture-classification\dataset\Bone_Fracture_Dataset\train\not fractured\35-rotated3-rotated2-rotated2 (1).jpg
8de6536333391959,train,not fractured,E:\projects\project-fracture-classification\dataset\Bone_Fracture_Dataset\train\not fractured\35-rotated3-rotated2-rotated2.jpg
8de6536333391959,val,not fractured,E:\projects\project-fracture-classification\dataset\Bone_Fracture_Dataset\val\not fractured\35-rotated3-rotated1-rotated2-rotated1.jpg
c9e6733138b81d9c,train,not fractured,E:\projects\project-fracture-classification\dataset\Bone_Fracture_Dataset\train\not fractured\35-rotated3-rotated1-rotated3 (1).jpg
c9e6733138b81d9c,train,not fractured,E:\projects\project-fracture-classification\dataset\Bone_Fracture_Dataset\train\not fractured\35-rotated3-rotated1-rotated3.jpg
c9e6733138b81d9c,val,not fractured,E:\projects\project-fracture-classification\dataset\Bone_Fracture_Dataset\val\not fractured\35-rotated3-rotated1-rotated3.jpg
cdc7926d7c2c2466,train,not fractured,E:\projects\project-fracture-classification\dataset\Bone_Fracture_Dataset\train\not fractured\36 (1).jpg
cdc7926d7c2c2466,train,not fractured,E:\projects\project-fracture-classification\dataset\Bone_Fracture_Dataset\train\not fractured\36-rotated1-rotated2 (1).jpg
cdc7926d7c2c2466,train,not fractured,E:\projects\project-fracture-classification\dataset\Bone_Fracture_Dataset\train\not fractured\36-rotated1-rotated2.jpg
cdc7926d7c2c2466,train,not fractured,E:\projects\project-fracture-classification\dataset\Bone_Fracture_Dataset\train\not fractured\36.jpg
cdc7926d7c2c2466,val,not fractured,E:\projects\project-fracture-classification\dataset\Bone_Fracture_Dataset\val\not fractured\36-rotated1-rotated2.jpg
cce2836c7d6d2466,train,not fractured,E:\projects\project-fracture-classification\dataset\Bone_Fracture_Dataset\train\not fractured\36-rotated1-rotated2-rotated1 (1).jpg
cce2836c7d6d2466,train,not fractured,E:\projects\project-fracture-classification\dataset\Bone_Fracture_Dataset\train\not fractured\36-rotated1-rotated2-rotated1.jpg
cce2836c7d6d2466,val,not fractured,E:\projects\project-fracture-classification\dataset\Bone_Fracture_Dataset\val\not fractured\36-rotated1-rotated2-rotated1.jpg
d1cd13380e367b35,train,not fractured,E:\projects\project-fracture-classification\dataset\Bone_Fracture_Dataset\train\not fractured\36-rotated2-rotated2-rotated1 (1).jpg
d1cd13380e367b35,train,not fractured,E:\projects\project-fracture-classification\dataset\Bone_Fracture_Dataset\train\not fractured\36-rotated2-rotated2-rotated1.jpg
d1cd13380e367b35,val,not fractured,E:\projects\project-fracture-classification\dataset\Bone_Fracture_Dataset\val\not fractured\36-rotated2-rotated2-rotated1.jpg
d1cd13382e367b31,train,not fractured,E:\projects\project-fracture-classification\dataset\Bone_Fracture_Dataset\train\not fractured\36-rotated2-rotated2-rotated1-rotated1 (1).jpg
d1cd13382e367b31,train,not fractured,E:\projects\project-fracture-classification\dataset\Bone_Fracture_Dataset\train\not fractured\36-rotated2-rotated2-rotated1-rotated1.jpg
d1cd13382e367b31,val,not fractured,E:\projects\project-fracture-classification\dataset\Bone_Fracture_Dataset\val\not fractured\36-rotated2-rotated2-rotated1-rotated1.jpg
ccb6036c7d6d2c26,train,not fractured,E:\projects\project-fracture-classification\dataset\Bone_Fracture_Dataset\train\not fractured\36-rotated3-rotated1-rotated3-rotated1 (1).jpg
ccb6036c7d6d2c26,train,not fractured,E:\projects\project-fracture-classification\dataset\Bone_Fracture_Dataset\train\not fractured\36-rotated3-rotated1-rotated3-rotated1.jpg
ccb6036c7d6d2c26,val,not fractured,E:\projects\project-fracture-classification\dataset\Bone_Fracture_Dataset\val\not fractured\36-rotated3-rotated1-rotated3-rotated1.jpg
c9c713782c366f32,train,not fractured,E:\projects\project-fracture-classification\dataset\Bone_Fracture_Dataset\train\not fractured\36-rotated3-rotated3-rotated1 (1).jpg
c9c713782c366f32,train,not fractured,E:\projects\project-fracture-classification\dataset\Bone_Fracture_Dataset\train\not fractured\36-rotated3-rotated3-rotated1.jpg
c9c713782c366f32,val,not fractured,E:\projects\project-fracture-classification\dataset\Bone_Fracture_Dataset\val\not fractured\36-rotated3-rotated3-rotated1.jpg
c74f31b84ca45a9d,train,not fractured,E:\projects\project-fracture-classification\dataset\Bone_Fracture_Dataset\train\not fractured\37-rotated1-rotated3 (1).jpg
c74f31b84ca45a9d,train,not fractured,E:\projects\project-fracture-classification\dataset\Bone_Fracture_Dataset\train\not fractured\37-rotated1-rotated3.jpg
c74f31b84ca45a9d,val,not fractured,E:\projects\project-fracture-classification\dataset\Bone_Fracture_Dataset\val\not fractured\37-rotated1-rotated3.jpg
c64e33392d967994,train,not fractured,E:\projects\project-fracture-classification\dataset\Bone_Fracture_Dataset\train\not fractured\37-rotated1-rotated3-rotated1 (1).jpg
c64e33392d967994,train,not fractured,E:\projects\project-fracture-classification\dataset\Bone_Fracture_Dataset\train\not fractured\37-rotated1-rotated3-rotated1.jpg
c64e33392d967994,val,not fractured,E:\projects\project-fracture-classification\dataset\Bone_Fracture_Dataset\val\not fractured\37-rotated1-rotated3-rotated1.jpg
cc3b137366ee5c40,train,not fractured,E:\projects\project-fracture-classification\dataset\Bone_Fracture_Dataset\train\not fractured\37-rotated2-rotated3-rotated2 (1).jpg
cc3b137366ee5c40,train,not fractured,E:\projects\project-fracture-classification\dataset\Bone_Fracture_Dataset\train\not fractured\37-rotated2-rotated3-rotated2.jpg
cc3b137366ee5c40,val,not fractured,E:\projects\project-fracture-classification\dataset\Bone_Fracture_Dataset\val\not fractured\37-rotated2-rotated3-rotated2.jpg
ccb9036626cc7ce9,train,not fractured,E:\projects\project-fracture-classification\dataset\Bone_Fracture_Dataset\train\not fractured\37-rotated2-rotated3-rotated2-rotated1 (1).jpg
ccb9036626cc7ce9,train,not fractured,E:\projects\project-fracture-classification\dataset\Bone_Fracture_Dataset\train\not fractured\37-rotated2-rotated3-rotated2-rotated1.jpg
ccb9036626cc7ce9,train,not fractured,E:\projects\project-fracture-classification\dataset\Bone_Fracture_Dataset\train\not fractured\37-rotated3-rotated2-rotated2 (1).jpg
ccb9036626cc7ce9,train,not fractured,E:\projects\project-fracture-classification\dataset\Bone_Fracture_Dataset\train\not fractured\37-rotated3-rotated2-rotated2.jpg
ccb9036626cc7ce9,val,not fractured,E:\projects\project-fracture-classification\dataset\Bone_Fracture_Dataset\val\not fractured\37-rotated2-rotated3-rotated2-rotated1.jpg
cc3b03262eec7cc9,train,not fractured,E:\projects\project-fracture-classification\dataset\Bone_Fracture_Dataset\train\not fractured\37-rotated3-rotated3-rotated3 (1).jpg
cc3b03262eec7cc9,train,not fractured,E:\projects\project-fracture-classification\dataset\Bone_Fracture_Dataset\train\not fractured\37-rotated3-rotated3-rotated3-rotated1 (1).jpg
cc3b03262eec7cc9,train,not fractured,E:\projects\project-fracture-classification\dataset\Bone_Fracture_Dataset\train\not fractured\37-rotated3-rotated3-rotated3-rotated1.jpg
cc3b03262eec7cc9,train,not fractured,E:\projects\project-fracture-classification\dataset\Bone_Fracture_Dataset\train\not fractured\37-rotated3-rotated3-rotated3.jpg
cc3b03262eec7cc9,val,not fractured,E:\projects\project-fracture-classification\dataset\Bone_Fracture_Dataset\val\not fractured\37-rotated3-rotated3-rotated3-rotated1.jpg
cc3b03262eec7cc9,val,not fractured,E:\projects\project-fracture-classification\dataset\Bone_Fracture_Dataset\val\not fractured\37-rotated3-rotated3-rotated3.jpg
ce3b66691dd016e1,train,not fractured,E:\projects\project-fracture-classification\dataset\Bone_Fracture_Dataset\train\not fractured\38-rotated1-rotated3-rotated1-rotated1 (1).jpg
ce3b66691dd016e1,train,not fractured,E:\projects\project-fracture-classification\dataset\Bone_Fracture_Dataset\train\not fractured\38-rotated1-rotated3-rotated1-rotated1.jpg
ce3b66691dd016e1,val,not fractured,E:\projects\project-fracture-classification\dataset\Bone_Fracture_Dataset\val\not fractured\38-rotated1-rotated3-rotated1-rotated1.jpg
c967322e66cf2951,train,not fractured,E:\projects\project-fracture-classification\dataset\Bone_Fracture_Dataset\train\not fractured\38-rotated3-rotated1-rotated1-rotated1 (1).jpg
c967322e66cf2951,train,not fractured,E:\projects\project-fracture-classification\dataset\Bone_Fracture_Dataset\train\not fractured\38-rotated3-rotated1-rotated1-rotated1.jpg
c967322e66cf2951,train,not fractured,E:\projects\project-fracture-classification\dataset\Bone_Fracture_Dataset\train\not fractured\38-rotated3-rotated2-rotated2 (1).jpg
c967322e66cf2951,train,not fractured,E:\projects\project-fracture-classification\dataset\Bone_Fracture_Dataset\train\not fractured\38-rotated3-rotated2-rotated2.jpg
c967322e66cf2951,val,not fractured,E:\projects\project-fracture-classification\dataset\Bone_Fracture_Dataset\val\not fractured\38-rotated3-rotated1-rotated1-rotated1.jpg
9967323e66c62999,train,not fractured,E:\projects\project-fracture-classification\dataset\Bone_Fracture_Dataset\train\not fractured\38-rotated3-rotated1-rotated2-rotated1 (1).jpg
9967323e66c62999,train,not fractured,E:\projects\project-fracture-classification\dataset\Bone_Fracture_Dataset\train\not fractured\38-rotated3-rotated1-rotated2-rotated1.jpg
9967323e66c62999,val,not fractured,E:\projects\project-fracture-classification\dataset\Bone_Fracture_Dataset\val\not fractured\38-rotated3-rotated1-rotated2-rotated1.jpg
d16533190e166bfc,train,not fractured,E:\projects\project-fracture-classification\dataset\Bone_Fracture_Dataset\train\not fractured\39-rotated1-rotated1-rotated3 (1).jpg
d16533190e166bfc,train,not fractured,E:\projects\project-fracture-classification\dataset\Bone_Fracture_Dataset\train\not fractured\39-rotated1-rotated1-rotated3.jpg
d16533190e166bfc,val,not fractured,E:\projects\project-fracture-classification\dataset\Bone_Fracture_Dataset\val\not fractured\39-rotated1-rotated1-rotated3.jpg
c96733191e1e0fb4,train,not fractured,E:\projects\project-fracture-classification\dataset\Bone_Fracture_Dataset\train\not fractured\39-rotated1-rotated1-rotated3-rotated1 (1).jpg
c96733191e1e0fb4,train,not fractured,E:\projects\project-fracture-classification\dataset\Bone_Fracture_Dataset\train\not fractured\39-rotated1-rotated1-rotated3-rotated1.jpg
c96733191e1e0fb4,val,not fractured,E:\projects\project-fracture-classification\dataset\Bone_Fracture_Dataset\val\not fractured\39-rotated1-rotated1-rotated3-rotated1.jpg
cc19d38ebad01fa2,train,not fractured,E:\projects\project-fracture-classification\dataset\Bone_Fracture_Dataset\train\not fractured\39-rotated2-rotated1-rotated2 (1).jpg
cc19d38ebad01fa2,train,not fractured,E:\projects\project-fracture-classification\dataset\Bone_Fracture_Dataset\train\not fractured\39-rotated2-rotated1-rotated2.jpg
cc19d38ebad01fa2,val,not fractured,E:\projects\project-fracture-classification\dataset\Bone_Fracture_Dataset\val\not fractured\39-rotated2-rotated1-rotated2.jpg
cc18c5cfaad119d9,train,not fractured,E:\projects\project-fracture-classification\dataset\Bone_Fracture_Dataset\train\not fractured\39-rotated2-rotated2 (1).jpg
cc18c5cfaad119d9,train,not fractured,E:\projects\project-fracture-classification\dataset\Bone_Fracture_Dataset\train\not fractured\39-rotated2-rotated2.jpg
cc18c5cfaad119d9,val,not fractured,E:\projects\project-fracture-classification\dataset\Bone_Fracture_Dataset\val\not fractured\39-rotated2-rotated2.jpg
cc6653551e3c3c1d,train,not fractured,E:\projects\project-fracture-classification\dataset\Bone_Fracture_Dataset\train\not fractured\39-rotated3-rotated1-rotated1-rotated1 (1).jpg
cc6653551e3c3c1d,train,not fractured,E:\projects\project-fracture-classification\dataset\Bone_Fracture_Dataset\train\not fractured\39-rotated3-rotated1-rotated1-rotated1.jpg
cc6653551e3c3c1d,train,not fractured,E:\projects\project-fracture-classification\dataset\Bone_Fracture_Dataset\train\not fractured\39-rotated3-rotated1-rotated2-rotated1 (1).jpg
cc6653551e3c3c1d,train,not fractured,E:\projects\project-fracture-classification\dataset\Bone_Fracture_Dataset\train\not fractured\39-rotated3-rotated1-rotated2-rotated1.jpg
cc6653551e3c3c1d,val,not fractured,E:\projects\project-fracture-classification\dataset\Bone_Fracture_Dataset\val\not fractured\39-rotated3-rotated1-rotated2-rotated1.jpg
d060321f0f866bfd,train,not fractured,E:\projects\project-fracture-classification\dataset\Bone_Fracture_Dataset\train\not fractured\39-rotated3-rotated2-rotated3-rotated1 (1).jpg
d060321f0f866bfd,train,not fractured,E:\projects\project-fracture-classification\dataset\Bone_Fracture_Dataset\train\not fractured\39-rotated3-rotated2-rotated3-rotated1.jpg
d060321f0f866bfd,val,not fractured,E:\projects\project-fracture-classification\dataset\Bone_Fracture_Dataset\val\not fractured\39-rotated3-rotated2-rotated3-rotated1.jpg
cde3f3341e1f0702,train,not fractured,E:\projects\project-fracture-classification\dataset\Bone_Fracture_Dataset\train\not fractured\4 (1).jpg
cde3f3341e1f0702,train,not fractured,E:\projects\project-fracture-classification\dataset\Bone_Fracture_Dataset\train\not fractured\4 (2).jpg
cde3f3341e1f0702,train,not fractured,E:\projects\project-fracture-classification\dataset\Bone_Fracture_Dataset\train\not fractured\4-rotated2 (1).jpg
cde3f3341e1f0702,train,not fractured,E:\projects\project-fracture-classification\dataset\Bone_Fracture_Dataset\train\not fractured\4-rotated2 (2).jpg
cde3f3341e1f0702,train,not fractured,E:\projects\project-fracture-classification\dataset\Bone_Fracture_Dataset\train\not fractured\4-rotated2.jpg
cde3f3341e1f0702,train,not fractured,E:\projects\project-fracture-classification\dataset\Bone_Fracture_Dataset\train\not fractured\4.jpg
cde3f3341e1f0702,val,not fractured,E:\projects\project-fracture-classification\dataset\Bone_Fracture_Dataset\val\not fractured\4-rotated2.jpg
cdf341341c1e1f0f,train,not fractured,E:\projects\project-fracture-classification\dataset\Bone_Fracture_Dataset\train\not fractured\4-rotated1-rotated1 (1).jpg
cdf341341c1e1f0f,train,not fractured,E:\projects\project-fracture-classification\dataset\Bone_Fracture_Dataset\train\not fractured\4-rotated1-rotated1 (2).jpg
cdf341341c1e1f0f,train,not fractured,E:\projects\project-fracture-classification\dataset\Bone_Fracture_Dataset\train\not fractured\4-rotated1-rotated1.jpg
cdf341341c1e1f0f,val,not fractured,E:\projects\project-fracture-classification\dataset\Bone_Fracture_Dataset\val\not fractured\4-rotated1-rotated1.jpg
c8e4131e0f927bbc,train,not fractured,E:\projects\project-fracture-classification\dataset\Bone_Fracture_Dataset\train\not fractured\4-rotated1-rotated2-rotated1 (1).jpg
c8e4131e0f927bbc,train,not fractured,E:\projects\project-fracture-classification\dataset\Bone_Fracture_Dataset\train\not fractured\4-rotated1-rotated2-rotated1 (2).jpg
c8e4131e0f927bbc,train,not fractured,E:\projects\project-fracture-classification\dataset\Bone_Fracture_Dataset\train\not fractured\4-rotated1-rotated2-rotated1.jpg
c8e4131e0f927bbc,train,not fractured,E:\projects\project-fracture-classification\dataset\Bone_Fracture_Dataset\train\not fractured\4-rotated2-rotated2-rotated1 (1).jpg
c8e4131e0f927bbc,train,not fractured,E:\projects\project-fracture-classification\dataset\Bone_Fracture_Dataset\train\not fractured\4-rotated2-rotated2-rotated1 (2).jpg
c8e4131e0f927bbc,train,not fractured,E:\projects\project-fracture-classification\dataset\Bone_Fracture_Dataset\train\not fractured\4-rotated2-rotated2-rotated1.jpg
c8e4131e0f927bbc,train,not fractured,E:\projects\project-fracture-classification\dataset\Bone_Fracture_Dataset\train\not fractured\4-rotated2-rotated3-rotated1-rotated1 (1).jpg
c8e4131e0f927bbc,train,not fractured,E:\projects\project-fracture-classification\dataset\Bone_Fracture_Dataset\train\not fractured\4-rotated2-rotated3-rotated1-rotated1 (2).jpg
c8e4131e0f927bbc,train,not fractured,E:\projects\project-fracture-classification\dataset\Bone_Fracture_Dataset\train\not fractured\4-rotated2-rotated3-rotated1-rotated1.jpg
c8e4131e0f927bbc,val,not fractured,E:\projects\project-fracture-classification\dataset\Bone_Fracture_Dataset\val\not fractured\4-rotated2-rotated2-rotated1.jpg
d46c131a4bb53a1f,train,not fractured,E:\projects\project-fracture-classification\dataset\Bone_Fracture_Dataset\train\not fractured\4-rotated1-rotated2-rotated2 (1).jpg
d46c131a4bb53a1f,train,not fractured,E:\projects\project-fracture-classification\dataset\Bone_Fracture_Dataset\train\not fractured\4-rotated1-rotated2-rotated2 (2).jpg
d46c131a4bb53a1f,train,not fractured,E:\projects\project-fracture-classification\dataset\Bone_Fracture_Dataset\train\not fractured\4-rotated1-rotated2-rotated2.jpg
d46c131a4bb53a1f,val,not fractured,E:\projects\project-fracture-classification\dataset\Bone_Fracture_Dataset\val\not fractured\4-rotated1-rotated2-rotated2.jpg
d46c131a4ab53e1f,train,not fractured,E:\projects\project-fracture-classification\dataset\Bone_Fracture_Dataset\train\not fractured\4-rotated1-rotated2-rotated2-rotated1 (1).jpg
d46c131a4ab53e1f,train,not fractured,E:\projects\project-fracture-classification\dataset\Bone_Fracture_Dataset\train\not fractured\4-rotated1-rotated2-rotated2-rotated1 (2).jpg
d46c131a4ab53e1f,train,not fractured,E:\projects\project-fracture-classification\dataset\Bone_Fracture_Dataset\train\not fractured\4-rotated1-rotated2-rotated2-rotated1.jpg
d46c131a4ab53e1f,val,not fractured,E:\projects\project-fracture-classification\dataset\Bone_Fracture_Dataset\val\not fractured\4-rotated1-rotated2-rotated2-rotated1.jpg
cdf241341e1d1e4f,train,not fractured,E:\projects\project-fracture-classification\dataset\Bone_Fracture_Dataset\train\not fractured\4-rotated1-rotated3-rotated3-rotated1 (1).jpg
cdf241341e1d1e4f,train,not fractured,E:\projects\project-fracture-classification\dataset\Bone_Fracture_Dataset\train\not fractured\4-rotated1-rotated3-rotated3-rotated1 (2).jpg
cdf241341e1d1e4f,train,not fractured,E:\projects\project-fracture-classification\dataset\Bone_Fracture_Dataset\train\not fractured\4-rotated1-rotated3-rotated3-rotated1.jpg
cdf241341e1d1e4f,val,not fractured,E:\projects\project-fracture-classification\dataset\Bone_Fracture_Dataset\val\not fractured\4-rotated1-rotated3-rotated3-rotated1.jpg
cd92416578d91c6f,train,not fractured,E:\projects\project-fracture-classification\dataset\Bone_Fracture_Dataset\train\not fractured\4-rotated2-rotated2-rotated1-rotated1 (1).jpg
cd92416578d91c6f,train,not fractured,E:\projects\project-fracture-classification\dataset\Bone_Fracture_Dataset\train\not fractured\4-rotated2-rotated2-rotated1-rotated1 (2).jpg
cd92416578d91c6f,train,not fractured,E:\projects\project-fracture-classification\dataset\Bone_Fracture_Dataset\train\not fractured\4-rotated2-rotated2-rotated1-rotated1.jpg
cd92416578d91c6f,val,not fractured,E:\projects\project-fracture-classification\dataset\Bone_Fracture_Dataset\val\not fractured\4-rotated2-rotated2-rotated1-rotated1.jpg
d46913994ab53cd6,train,not fractured,E:\projects\project-fracture-classification\dataset\Bone_Fracture_Dataset\train\not fractured\4-rotated3-rotated1-rotated3 (1).jpg
d46913994ab53cd6,train,not fractured,E:\projects\project-fracture-classification\dataset\Bone_Fracture_Dataset\train\not fractured\4-rotated3-rotated1-rotated3 (2).jpg
d46913994ab53cd6,train,not fractured,E:\projects\project-fracture-classification\dataset\Bone_Fracture_Dataset\train\not fractured\4-rotated3-rotated1-rotated3.jpg
d46913994ab53cd6,val,not fractured,E:\projects\project-fracture-classification\dataset\Bone_Fracture_Dataset\val\not fractured\4-rotated3-rotated1-rotated3.jpg
d9663399641a3cb3,train,not fractured,E:\projects\project-fracture-classification\dataset\Bone_Fracture_Dataset\train\not fractured\40-rotated1-rotated1 (1).jpg
d9663399641a3cb3,train,not fractured,E:\projects\project-fracture-classification\dataset\Bone_Fracture_Dataset\train\not fractured\40-rotated1-rotated1.jpg
d9663399641a3cb3,train,not fractured,E:\projects\project-fracture-classification\dataset\Bone_Fracture_Dataset\train\not fractured\40-rotated1-rotated2-rotated3 (1).jpg
d9663399641a3cb3,train,not fractured,E:\projects\project-fracture-classification\dataset\Bone_Fracture_Dataset\train\not fractured\40-rotated1-rotated2-rotated3.jpg
d9663399641a3cb3,val,not fractured,E:\projects\project-fracture-classification\dataset\Bone_Fracture_Dataset\val\not fractured\40-rotated1-rotated2-rotated3.jpg
936d32996c166b96,train,not fractured,E:\projects\project-fracture-classification\dataset\Bone_Fracture_Dataset\train\not fractured\40-rotated1-rotated2-rotated3-rotated1 (1).jpg
936d32996c166b96,train,not fractured,E:\projects\project-fracture-classification\dataset\Bone_Fracture_Dataset\train\not fractured\40-rotated1-rotated2-rotated3-rotated1.jpg
936d32996c166b96,val,not fractured,E:\projects\project-fracture-classification\dataset\Bone_Fracture_Dataset\val\not fractured\40-rotated1-rotated2-rotated3-rotated1.jpg
c71830c51fc53fc6,train,not fractured,E:\projects\project-fracture-classification\dataset\Bone_Fracture_Dataset\train\not fractured\5-rotated1-rotated1-rotated3 (1).jpg
c71830c51fc53fc6,train,not fractured,E:\projects\project-fracture-classification\dataset\Bone_Fracture_Dataset\train\not fractured\5-rotated1-rotated1-rotated3.jpg
c71830c51fc53fc6,train,not fractured,E:\projects\project-fracture-classification\dataset\Bone_Fracture_Dataset\train\not fractured\5-rotated1-rotated2 (1).jpg
c71830c51fc53fc6,train,not fractured,E:\projects\project-fracture-classification\dataset\Bone_Fracture_Dataset\train\not fractured\5-rotated1-rotated2.jpg
c71830c51fc53fc6,val,not fractured,E:\projects\project-fracture-classification\dataset\Bone_Fracture_Dataset\val\not fractured\5-rotated1-rotated2.jpg
cf3870c60ec53fc2,train,not fractured,E:\projects\project-fracture-classification\dataset\Bone_Fracture_Dataset\train\not fractured\5-rotated1-rotated2-rotated1 (1).jpg
cf3870c60ec53fc2,train,not fractured,E:\projects\project-fracture-classification\dataset\Bone_Fracture_Dataset\train\not fractured\5-rotated1-rotated2-rotated1.jpg
cf3870c60ec53fc2,train,not fractured,E:\projects\project-fracture-classification\dataset\Bone_Fracture_Dataset\train\not fractured\5-rotated2-rotated2-rotated2-rotated1 (1).jpg
cf3870c60ec53fc2,train,not fractured,E:\projects\project-fracture-classification\dataset\Bone_Fracture_Dataset\train\not fractured\5-rotated2-rotated2-rotated2-rotated1.jpg
cf3870c60ec53fc2,val,not fractured,E:\projects\project-fracture-classification\dataset\Bone_Fracture_Dataset\val\not fractured\5-rotated1-rotated2-rotated1.jpg
cf3854c666c336c3,train,not fractured,E:\projects\project-fracture-classification\dataset\Bone_Fracture_Dataset\train\not fractured\5-rotated2-rotated2-rotated2 (1).jpg
cf3854c666c336c3,train,not fractured,E:\projects\project-fracture-classification\dataset\Bone_Fracture_Dataset\train\not fractured\5-rotated2-rotated2-rotated2.jpg
cf3854c666c336c3,val,not fractured,E:\projects\project-fracture-classification\dataset\Bone_Fracture_Dataset\val\not fractured\5-rotated2-rotated2-rotated2.jpg
cf3344c2e35172ab,train,not fractured,E:\projects\project-fracture-classification\dataset\Bone_Fracture_Dataset\train\not fractured\5-rotated3-rotated2-rotated3 (1).jpg
cf3344c2e35172ab,train,not fractured,E:\projects\project-fracture-classification\dataset\Bone_Fracture_Dataset\train\not fractured\5-rotated3-rotated2-rotated3-rotated1 (1).jpg
cf3344c2e35172ab,train,not fractured,E:\projects\project-fracture-classification\dataset\Bone_Fracture_Dataset\train\not fractured\5-rotated3-rotated2-rotated3-rotated1.jpg
cf3344c2e35172ab,train,not fractured,E:\projects\project-fracture-classification\dataset\Bone_Fracture_Dataset\train\not fractured\5-rotated3-rotated2-rotated3.jpg
cf3344c2e35172ab,val,not fractured,E:\projects\project-fracture-classification\dataset\Bone_Fracture_Dataset\val\not fractured\5-rotated3-rotated2-rotated3-rotated1.jpg
cf3344c2e35172ab,val,not fractured,E:\projects\project-fracture-classification\dataset\Bone_Fracture_Dataset\val\not fractured\5-rotated3-rotated2-rotated3.jpg
da75653a1e0d2687,train,not fractured,E:\projects\project-fracture-classification\dataset\Bone_Fracture_Dataset\train\not fractured\6-rotated1-rotated3-rotated1-rotated1 (1).jpg
da75653a1e0d2687,train,not fractured,E:\projects\project-fracture-classification\dataset\Bone_Fracture_Dataset\train\not fractured\6-rotated1-rotated3-rotated1-rotated1.jpg
da75653a1e0d2687,val,not fractured,E:\projects\project-fracture-classification\dataset\Bone_Fracture_Dataset\val\not fractured\6-rotated1-rotated3-rotated1-rotated1.jpg
da7565321e0d66c6,train,not fractured,E:\projects\project-fracture-classification\dataset\Bone_Fracture_Dataset\train\not fractured\6-rotated2-rotated3-rotated2-rotated1 (1).jpg
da7565321e0d66c6,train,not fractured,E:\projects\project-fracture-classification\dataset\Bone_Fracture_Dataset\train\not fractured\6-rotated2-rotated3-rotated2-rotated1.jpg
da7565321e0d66c6,train,not fractured,E:\projects\project-fracture-classification\dataset\Bone_Fracture_Dataset\train\not fractured\6-rotated3-rotated1-rotated3-rotated1 (1).jpg
da7565321e0d66c6,train,not fractured,E:\projects\project-fracture-classification\dataset\Bone_Fracture_Dataset\train\not fractured\6-rotated3-rotated1-rotated3-rotated1.jpg
da7565321e0d66c6,val,not fractured,E:\projects\project-fracture-classification\dataset\Bone_Fracture_Dataset\val\not fractured\6-rotated2-rotated3-rotated2-rotated1.jpg
d91b26cd3a04ef70,train,not fractured,E:\projects\project-fracture-classification\dataset\Bone_Fracture_Dataset\train\not fractured\6-rotated2-rotated3-rotated3 (1).jpg
d91b26cd3a04ef70,train,not fractured,E:\projects\project-fracture-classification\dataset\Bone_Fracture_Dataset\train\not fractured\6-rotated2-rotated3-rotated3-rotated1 (1).jpg
d91b26cd3a04ef70,train,not fractured,E:\projects\project-fracture-classification\dataset\Bone_Fracture_Dataset\train\not fractured\6-rotated2-rotated3-rotated3-rotated1.jpg
d91b26cd3a04ef70,train,not fractured,E:\projects\project-fracture-classification\dataset\Bone_Fracture_Dataset\train\not fractured\6-rotated2-rotated3-rotated3.jpg
d91b26cd3a04ef70,val,not fractured,E:\projects\project-fracture-classification\dataset\Bone_Fracture_Dataset\val\not fractured\6-rotated2-rotated3-rotated3.jpg
d91c66d21bc4f323,train,not fractured,E:\projects\project-fracture-classification\dataset\Bone_Fracture_Dataset\train\not fractured\6-rotated3-rotated3-rotated3-rotated1 (1).jpg
d91c66d21bc4f323,train,not fractured,E:\projects\project-fracture-classification\dataset\Bone_Fracture_Dataset\train\not fractured\6-rotated3-rotated3-rotated3-rotated1.jpg
d91c66d21bc4f323,val,not fractured,E:\projects\project-fracture-classification\dataset\Bone_Fracture_Dataset\val\not fractured\6-rotated3-rotated3-rotated3-rotated1.jpg
cd3332c63ac639c6,train,not fractured,E:\projects\project-fracture-classification\dataset\Bone_Fracture_Dataset\train\not fractured\7-rotated1-rotated3-rotated3 (1).jpg
cd3332c63ac639c6,train,not fractured,E:\projects\project-fracture-classification\dataset\Bone_Fracture_Dataset\train\not fractured\7-rotated1-rotated3-rotated3 (2).jpg
cd3332c63ac639c6,train,not fractured,E:\projects\project-fracture-classification\dataset\Bone_Fracture_Dataset\train\not fractured\7-rotated1-rotated3-rotated3.jpg
cd3332c63ac639c6,val,not fractured,E:\projects\project-fracture-classification\dataset\Bone_Fracture_Dataset\val\not fractured\7-rotated1-rotated3-rotated3.jpg
cd3133ce32c633c6,train,not fractured,E:\projects\project-fracture-classification\dataset\Bone_Fracture_Dataset\train\not fractured\7-rotated2-rotated1-rotated1 (1).jpg
cd3133ce32c633c6,train,not fractured,E:\projects\project-fracture-classification\dataset\Bone_Fracture_Dataset\train\not fractured\7-rotated2-rotated1-rotated1 (2).jpg
cd3133ce32c633c6,train,not fractured,E:\projects\project-fracture-classification\dataset\Bone_Fracture_Dataset\train\not fractured\7-rotated2-rotated1-rotated1.jpg
cd3133ce32c633c6,val,not fractured,E:\projects\project-fracture-classification\dataset\Bone_Fracture_Dataset\val\not fractured\7-rotated2-rotated1-rotated1.jpg
c5b435e41d53521f,train,not fractured,E:\projects\project-fracture-classification\dataset\Bone_Fracture_Dataset\train\not fractured\7-rotated3-rotated1-rotated2-rotated1 (1).jpg
c5b435e41d53521f,train,not fractured,E:\projects\project-fracture-classification\dataset\Bone_Fracture_Dataset\train\not fractured\7-rotated3-rotated1-rotated2-rotated1 (2).jpg
c5b435e41d53521f,train,not fractured,E:\projects\project-fracture-classification\dataset\Bone_Fracture_Dataset\train\not fractured\7-rotated3-rotated1-rotated2-rotated1.jpg
c5b435e41d53521f,train,not fractured,E:\projects\project-fracture-classification\dataset\Bone_Fracture_Dataset\train\not fractured\7-rotated3-rotated2-rotated3 (1).jpg
c5b435e41d53521f,train,not fractured,E:\projects\project-fracture-classification\dataset\Bone_Fracture_Dataset\train\not fractured\7-rotated3-rotated2-rotated3 (2).jpg
c5b435e41d53521f,train,not fractured,E:\projects\project-fracture-classification\dataset\Bone_Fracture_Dataset\train\not fractured\7-rotated3-rotated2-rotated3.jpg
c5b435e41d53521f,val,not fractured,E:\projects\project-fracture-classification\dataset\Bone_Fracture_Dataset\val\not fractured\7-rotated3-rotated1-rotated2-rotated1.jpg
cc925655596939cd,train,not fractured,E:\projects\project-fracture-classification\dataset\Bone_Fracture_Dataset\train\not fractured\8-rotated1-rotated1-rotated2 (1).jpg
cc925655596939cd,train,not fractured,E:\projects\project-fracture-classification\dataset\Bone_Fracture_Dataset\train\not fractured\8-rotated1-rotated1-rotated2 (2).jpg
cc925655596939cd,train,not fractured,E:\projects\project-fracture-classification\dataset\Bone_Fracture_Dataset\train\not fractured\8-rotated1-rotated1-rotated2.jpg
cc925655596939cd,train,not fractured,E:\projects\project-fracture-classification\dataset\Bone_Fracture_Dataset\train\not fractured\8-rotated1-rotated1-rotated3 (1).jpg
cc925655596939cd,train,not fractured,E:\projects\project-fracture-classification\dataset\Bone_Fracture_Dataset\train\not fractured\8-rotated1-rotated1-rotated3 (2).jpg
cc925655596939cd,train,not fractured,E:\projects\project-fracture-classification\dataset\Bone_Fracture_Dataset\train\not fractured\8-rotated1-rotated1-rotated3.jpg
cc925655596939cd,train,not fractured,E:\projects\project-fracture-classification\dataset\Bone_Fracture_Dataset\train\not fractured\8-rotated2-rotated2-rotated2-rotated1 (1).jpg
cc925655596939cd,train,not fractured,E:\projects\project-fracture-classification\dataset\Bone_Fracture_Dataset\train\not fractured\8-rotated2-rotated2-rotated2-rotated1 (2).jpg
cc925655596939cd,train,not fractured,E:\projects\project-fracture-classification\dataset\Bone_Fracture_Dataset\train\not fractured\8-rotated2-rotated2-rotated2-rotated1.jpg
cc925655596939cd,val,not fractured,E:\projects\project-fracture-classification\dataset\Bone_Fracture_Dataset\val\not fractured\8-rotated1-rotated1-rotated3.jpg
cc92564569eb394b,train,not fractured,E:\projects\project-fracture-classification\dataset\Bone_Fracture_Dataset\train\not fractured\8-rotated1-rotated1-rotated3-rotated1 (1).jpg
cc92564569eb394b,train,not fractured,E:\projects\project-fracture-classification\dataset\Bone_Fracture_Dataset\train\not fractured\8-rotated1-rotated1-rotated3-rotated1 (2).jpg
cc92564569eb394b,train,not fractured,E:\projects\project-fracture-classification\dataset\Bone_Fracture_Dataset\train\not fractured\8-rotated1-rotated1-rotated3-rotated1.jpg
cc92564569eb394b,val,not fractured,E:\projects\project-fracture-classification\dataset\Bone_Fracture_Dataset\val\not fractured\8-rotated1-rotated1-rotated3-rotated1.jpg
859853471a523feb,train,not fractured,E:\projects\project-fracture-classification\dataset\Bone_Fracture_Dataset\train\not fractured\8-rotated2-rotated2-rotated1 (1).jpg
859853471a523feb,train,not fractured,E:\projects\project-fracture-classification\dataset\Bone_Fracture_Dataset\train\not fractured\8-rotated2-rotated2-rotated1 (2).jpg
859853471a523feb,train,not fractured,E:\projects\project-fracture-classification\dataset\Bone_Fracture_Dataset\train\not fractured\8-rotated2-rotated2-rotated1.jpg
859853471a523feb,val,not fractured,E:\projects\project-fracture-classification\dataset\Bone_Fracture_Dataset\val\not fractured\8-rotated2-rotated2-rotated1.jpg
d0cc361e4fa7483d,train,not fractured,E:\projects\project-fracture-classification\dataset\Bone_Fracture_Dataset\train\not fractured\8-rotated3-rotated2-rotated1 (1).jpg
d0cc361e4fa7483d,train,not fractured,E:\projects\project-fracture-classification\dataset\Bone_Fracture_Dataset\train\not fractured\8-rotated3-rotated2-rotated1 (2).jpg
d0cc361e4fa7483d,train,not fractured,E:\projects\project-fracture-classification\dataset\Bone_Fracture_Dataset\train\not fractured\8-rotated3-rotated2-rotated1.jpg
d0cc361e4fa7483d,val,not fractured,E:\projects\project-fracture-classification\dataset\Bone_Fracture_Dataset\val\not fractured\8-rotated3-rotated2-rotated1.jpg
cc9256453b6b394b,train,not fractured,E:\projects\project-fracture-classification\dataset\Bone_Fracture_Dataset\train\not fractured\8-rotated3-rotated2-rotated2-rotated1 (1).jpg
cc9256453b6b394b,train,not fractured,E:\projects\project-fracture-classification\dataset\Bone_Fracture_Dataset\train\not fractured\8-rotated3-rotated2-rotated2-rotated1 (2).jpg
cc9256453b6b394b,train,not fractured,E:\projects\project-fracture-classification\dataset\Bone_Fracture_Dataset\train\not fractured\8-rotated3-rotated2-rotated2-rotated1.jpg
cc9256453b6b394b,val,not fractured,E:\projects\project-fracture-classification\dataset\Bone_Fracture_Dataset\val\not fractured\8-rotated3-rotated2-rotated2-rotated1.jpg
996d269926d964b3,train,not fractured,E:\projects\project-fracture-classification\dataset\Bone_Fracture_Dataset\train\not fractured\9-rotated1-rotated3 (1).jpg
996d269926d964b3,train,not fractured,E:\projects\project-fracture-classification\dataset\Bone_Fracture_Dataset\train\not fractured\9-rotated1-rotated3.jpg
996d269926d964b3,val,not fractured,E:\projects\project-fracture-classification\dataset\Bone_Fracture_Dataset\val\not fractured\9-rotated1-rotated3.jpg
934e649269b64bb5,train,not fractured,E:\projects\project-fracture-classification\dataset\Bone_Fracture_Dataset\train\not fractured\9-rotated2-rotated3-rotated1-rotated1 (1).jpg
934e649269b64bb5,train,not fractured,E:\projects\project-fracture-classification\dataset\Bone_Fracture_Dataset\train\not fractured\9-rotated2-rotated3-rotated1-rotated1.jpg
934e649269b64bb5,val,not fractured,E:\projects\project-fracture-classification\dataset\Bone_Fracture_Dataset\val\not fractured\9-rotated2-rotated3-rotated1-rotated1.jpg
994c24dba4db65b2,train,not fractured,E:\projects\project-fracture-classification\dataset\Bone_Fracture_Dataset\train\not fractured\9-rotated2-rotated3-rotated2 (1).jpg
994c24dba4db65b2,train,not fractured,E:\projects\project-fracture-classification\dataset\Bone_Fracture_Dataset\train\not fractured\9-rotated2-rotated3-rotated2.jpg
994c24dba4db65b2,val,not fractured,E:\projects\project-fracture-classification\dataset\Bone_Fracture_Dataset\val\not fractured\9-rotated2-rotated3-rotated2.jpg
914965b65a4dac5e,train,not fractured,E:\projects\project-fracture-classification\dataset\Bone_Fracture_Dataset\train\not fractured\9-rotated3-rotated3-rotated2-rotated1 (1).jpg
914965b65a4dac5e,train,not fractured,E:\projects\project-fracture-classification\dataset\Bone_Fracture_Dataset\train\not fractured\9-rotated3-rotated3-rotated2-rotated1.jpg
914965b65a4dac5e,val,not fractured,E:\projects\project-fracture-classification\dataset\Bone_Fracture_Dataset\val\not fractured\9-rotated3-rotated3-rotated2-rotated1.jpg
